{"type":"FeatureCollection","features":[{"type":"Feature","properties":{"shapeName":"Sánchez Ramírez","provinceKey":"sanchezramirez","shapeType":"ADM1"},"geometry":{"type":"MultiPolygon","coordinates":[[[[-70.372,19.048],[-70.371,19.046],[-70.37,19.046],[-70.37,19.045],[-70.368,19.045],[-70.367,19.043],[-70.367,19.042],[-70.368,19.041],[-70.368,19.04],[-70.369,19.039],[-70.369,19.036],[-70.37,19.035],[-70.37,19.034],[-70.371,19.033],[-70.371,19.032],[-70.37,19.03],[-70.37,19.025],[-70.371,19.025],[-70.371,19.022],[-70.37,19.022],[-70.37,19.02],[-70.369,19.02],[-70.369,19.017],[-70.37,19.017],[-70.371,19.016],[-70.371,19.014],[-70.37,19.014],[-70.369,19.013],[-70.369,19.012],[-70.368,19.011],[-70.368,19.008],[-70.367,19.008],[-70.367,19.001],[-70.366,19.001],[-70.365,19],[-70.364,19],[-70.364,18.999],[-70.363,18.999],[-70.363,18.997],[-70.362,18.997],[-70.361,18.996],[-70.359,18.996],[-70.359,18.995],[-70.357,18.995],[-70.356,18.994],[-70.355,18.994],[-70.355,18.995],[-70.352,18.995],[-70.352,18.994],[-70.351,18.994],[-70.35,18.993],[-70.349,18.993],[-70.349,18.994],[-70.348,18.994],[-70.348,18.993],[-70.345,18.993],[-70.345,18.992],[-70.338,18.992],[-70.338,18.993],[-70.336,18.993],[-70.336,18.992],[-70.334,18.992],[-70.333,18.991],[-70.331,18.991],[-70.331,18.989],[-70.33,18.988],[-70.328,18.988],[-70.329,18.987],[-70.328,18.986],[-70.327,18.986],[-70.328,18.985],[-70.329,18.984],[-70.328,18.984],[-70.328,18.983],[-70.329,18.982],[-70.33,18.981],[-70.329,18.98],[-70.33,18.98],[-70.33,18.979],[-70.331,18.979],[-70.33,18.978],[-70.33,18.976],[-70.329,18.976],[-70.329,18.975],[-70.328,18.975],[-70.328,18.972],[-70.327,18.972],[-70.326,18.971],[-70.326,18.969],[-70.325,18.969],[-70.325,18.968],[-70.324,18.968],[-70.324,18.966],[-70.323,18.966],[-70.323,18.965],[-70.322,18.965],[-70.322,18.964],[-70.321,18.964],[-70.321,18.962],[-70.32,18.961],[-70.32,18.96],[-70.319,18.96],[-70.319,18.959],[-70.32,18.958],[-70.319,18.957],[-70.312,18.957],[-70.312,18.955],[-70.311,18.955],[-70.311,18.954],[-70.309,18.954],[-70.309,18.953],[-70.308,18.953],[-70.308,18.952],[-70.307,18.952],[-70.307,18.953],[-70.303,18.953],[-70.303,18.952],[-70.301,18.952],[-70.3,18.951],[-70.301,18.949],[-70.301,18.948],[-70.299,18.947],[-70.298,18.946],[-70.297,18.942],[-70.296,18.941],[-70.295,18.94],[-70.294,18.939],[-70.293,18.937],[-70.292,18.935],[-70.292,18.933],[-70.289,18.933],[-70.288,18.932],[-70.287,18.932],[-70.286,18.933],[-70.282,18.933],[-70.282,18.934],[-70.281,18.934],[-70.281,18.935],[-70.28,18.935],[-70.279,18.934],[-70.278,18.934],[-70.277,18.933],[-70.271,18.933],[-70.27,18.932],[-70.269,18.931],[-70.267,18.929],[-70.266,18.929],[-70.265,18.928],[-70.262,18.929],[-70.258,18.929],[-70.257,18.93],[-70.256,18.93],[-70.256,18.927],[-70.255,18.927],[-70.255,18.925],[-70.256,18.924],[-70.256,18.923],[-70.257,18.923],[-70.257,18.921],[-70.258,18.921],[-70.258,18.919],[-70.257,18.919],[-70.257,18.918],[-70.256,18.917],[-70.256,18.916],[-70.257,18.916],[-70.257,18.915],[-70.256,18.915],[-70.256,18.914],[-70.255,18.914],[-70.255,18.913],[-70.258,18.913],[-70.258,18.912],[-70.257,18.912],[-70.257,18.911],[-70.258,18.911],[-70.258,18.909],[-70.257,18.909],[-70.257,18.908],[-70.256,18.908],[-70.256,18.91],[-70.255,18.91],[-70.255,18.911],[-70.254,18.911],[-70.254,18.91],[-70.251,18.91],[-70.251,18.908],[-70.25,18.908],[-70.25,18.909],[-70.249,18.909],[-70.249,18.905],[-70.247,18.905],[-70.247,18.906],[-70.246,18.905],[-70.246,18.904],[-70.245,18.904],[-70.245,18.901],[-70.244,18.901],[-70.244,18.902],[-70.239,18.902],[-70.239,18.901],[-70.237,18.901],[-70.237,18.898],[-70.235,18.898],[-70.235,18.897],[-70.234,18.897],[-70.234,18.896],[-70.236,18.896],[-70.236,18.895],[-70.235,18.895],[-70.235,18.894],[-70.232,18.894],[-70.232,18.893],[-70.233,18.892],[-70.233,18.891],[-70.234,18.891],[-70.234,18.889],[-70.232,18.889],[-70.233,18.888],[-70.234,18.888],[-70.234,18.887],[-70.232,18.887],[-70.232,18.886],[-70.23,18.886],[-70.229,18.885],[-70.228,18.884],[-70.227,18.884],[-70.227,18.883],[-70.226,18.883],[-70.226,18.882],[-70.225,18.882],[-70.225,18.881],[-70.222,18.881],[-70.222,18.878],[-70.223,18.878],[-70.223,18.877],[-70.222,18.876],[-70.222,18.874],[-70.224,18.874],[-70.224,18.873],[-70.223,18.873],[-70.223,18.872],[-70.224,18.871],[-70.224,18.87],[-70.226,18.87],[-70.226,18.869],[-70.224,18.869],[-70.224,18.866],[-70.225,18.866],[-70.225,18.864],[-70.226,18.864],[-70.226,18.861],[-70.227,18.861],[-70.227,18.86],[-70.228,18.86],[-70.228,18.859],[-70.229,18.859],[-70.229,18.857],[-70.23,18.857],[-70.231,18.856],[-70.232,18.856],[-70.232,18.853],[-70.233,18.853],[-70.233,18.852],[-70.232,18.852],[-70.232,18.849],[-70.236,18.849],[-70.236,18.848],[-70.238,18.848],[-70.238,18.847],[-70.239,18.847],[-70.239,18.846],[-70.24,18.846],[-70.24,18.845],[-70.242,18.845],[-70.242,18.844],[-70.244,18.844],[-70.244,18.843],[-70.245,18.843],[-70.246,18.842],[-70.244,18.842],[-70.242,18.843],[-70.241,18.843],[-70.24,18.844],[-70.239,18.844],[-70.238,18.845],[-70.234,18.845],[-70.234,18.844],[-70.233,18.845],[-70.231,18.845],[-70.23,18.846],[-70.226,18.846],[-70.225,18.847],[-70.223,18.847],[-70.223,18.848],[-70.222,18.848],[-70.222,18.85],[-70.221,18.851],[-70.22,18.852],[-70.218,18.854],[-70.217,18.855],[-70.217,18.856],[-70.216,18.858],[-70.216,18.861],[-70.213,18.861],[-70.211,18.862],[-70.209,18.862],[-70.207,18.863],[-70.205,18.864],[-70.204,18.865],[-70.203,18.867],[-70.202,18.867],[-70.201,18.868],[-70.2,18.869],[-70.198,18.871],[-70.196,18.871],[-70.196,18.872],[-70.195,18.872],[-70.195,18.873],[-70.194,18.873],[-70.194,18.875],[-70.193,18.875],[-70.193,18.874],[-70.192,18.874],[-70.192,18.875],[-70.191,18.875],[-70.19,18.874],[-70.189,18.874],[-70.189,18.872],[-70.188,18.872],[-70.188,18.87],[-70.187,18.87],[-70.187,18.869],[-70.186,18.869],[-70.185,18.868],[-70.18,18.868],[-70.18,18.869],[-70.179,18.869],[-70.179,18.87],[-70.177,18.87],[-70.177,18.871],[-70.175,18.871],[-70.174,18.87],[-70.171,18.87],[-70.171,18.869],[-70.17,18.87],[-70.169,18.87],[-70.169,18.871],[-70.168,18.871],[-70.168,18.87],[-70.167,18.87],[-70.167,18.872],[-70.166,18.872],[-70.166,18.873],[-70.165,18.873],[-70.165,18.874],[-70.161,18.874],[-70.161,18.875],[-70.16,18.875],[-70.16,18.876],[-70.156,18.876],[-70.155,18.875],[-70.154,18.875],[-70.153,18.876],[-70.152,18.876],[-70.152,18.875],[-70.151,18.874],[-70.151,18.873],[-70.15,18.872],[-70.148,18.872],[-70.147,18.871],[-70.146,18.87],[-70.145,18.869],[-70.145,18.868],[-70.14,18.868],[-70.137,18.869],[-70.134,18.871],[-70.133,18.872],[-70.131,18.872],[-70.13,18.871],[-70.128,18.871],[-70.128,18.87],[-70.126,18.87],[-70.125,18.868],[-70.124,18.867],[-70.123,18.867],[-70.122,18.868],[-70.12,18.868],[-70.119,18.867],[-70.119,18.866],[-70.118,18.866],[-70.117,18.867],[-70.117,18.871],[-70.115,18.873],[-70.115,18.875],[-70.114,18.875],[-70.114,18.877],[-70.113,18.878],[-70.112,18.88],[-70.112,18.881],[-70.111,18.882],[-70.111,18.887],[-70.11,18.887],[-70.11,18.888],[-70.108,18.888],[-70.107,18.889],[-70.106,18.89],[-70.105,18.891],[-70.103,18.89],[-70.102,18.889],[-70.099,18.889],[-70.099,18.888],[-70.098,18.887],[-70.099,18.887],[-70.098,18.886],[-70.098,18.885],[-70.096,18.885],[-70.096,18.884],[-70.092,18.884],[-70.092,18.886],[-70.09,18.886],[-70.089,18.887],[-70.088,18.887],[-70.088,18.888],[-70.087,18.888],[-70.087,18.887],[-70.086,18.887],[-70.086,18.888],[-70.085,18.888],[-70.085,18.89],[-70.084,18.89],[-70.083,18.891],[-70.082,18.89],[-70.081,18.889],[-70.08,18.888],[-70.078,18.888],[-70.078,18.886],[-70.076,18.886],[-70.075,18.887],[-70.074,18.887],[-70.074,18.886],[-70.073,18.886],[-70.073,18.885],[-70.07,18.885],[-70.068,18.883],[-70.068,18.882],[-70.067,18.883],[-70.066,18.883],[-70.066,18.884],[-70.065,18.884],[-70.064,18.885],[-70.063,18.886],[-70.061,18.886],[-70.061,18.887],[-70.06,18.886],[-70.059,18.885],[-70.058,18.885],[-70.058,18.886],[-70.056,18.886],[-70.055,18.887],[-70.053,18.887],[-70.053,18.888],[-70.052,18.888],[-70.052,18.887],[-70.051,18.887],[-70.051,18.886],[-70.05,18.886],[-70.05,18.887],[-70.047,18.887],[-70.046,18.888],[-70.045,18.889],[-70.044,18.89],[-70.044,18.891],[-70.043,18.892],[-70.042,18.892],[-70.041,18.896],[-70.04,18.901],[-70.039,18.904],[-70.04,18.904],[-70.04,18.907],[-70.039,18.907],[-70.039,18.908],[-70.038,18.908],[-70.038,18.907],[-70.034,18.907],[-70.034,18.908],[-70.033,18.907],[-70.031,18.907],[-70.031,18.911],[-70.03,18.911],[-70.03,18.913],[-70.029,18.913],[-70.029,18.915],[-70.028,18.915],[-70.028,18.916],[-70.027,18.916],[-70.026,18.917],[-70.025,18.918],[-70.023,18.918],[-70.023,18.919],[-70.022,18.92],[-70.019,18.92],[-70.019,18.919],[-70.016,18.919],[-70.015,18.918],[-70.014,18.917],[-70.012,18.915],[-70.012,18.914],[-70.01,18.914],[-70.009,18.913],[-70.008,18.913],[-70.007,18.912],[-70.006,18.912],[-70.004,18.91],[-70.003,18.91],[-70,18.908],[-69.999,18.907],[-69.998,18.906],[-69.997,18.905],[-69.997,18.904],[-69.996,18.903],[-69.996,18.901],[-69.995,18.899],[-69.994,18.898],[-69.993,18.898],[-69.993,18.897],[-69.992,18.896],[-69.99,18.894],[-69.989,18.893],[-69.987,18.893],[-69.985,18.892],[-69.981,18.892],[-69.98,18.891],[-69.977,18.889],[-69.977,18.888],[-69.975,18.888],[-69.975,18.886],[-69.976,18.886],[-69.976,18.884],[-69.975,18.884],[-69.975,18.883],[-69.972,18.883],[-69.97,18.885],[-69.97,18.886],[-69.969,18.886],[-69.969,18.887],[-69.968,18.887],[-69.968,18.889],[-69.966,18.889],[-69.966,18.89],[-69.967,18.89],[-69.967,18.891],[-69.966,18.892],[-69.966,18.893],[-69.965,18.894],[-69.965,18.896],[-69.964,18.896],[-69.964,18.897],[-69.963,18.898],[-69.963,18.899],[-69.959,18.899],[-69.959,18.9],[-69.957,18.9],[-69.957,18.901],[-69.956,18.901],[-69.956,18.903],[-69.955,18.903],[-69.955,18.904],[-69.954,18.903],[-69.954,18.905],[-69.953,18.905],[-69.953,18.906],[-69.952,18.906],[-69.952,18.907],[-69.951,18.907],[-69.952,18.908],[-69.953,18.908],[-69.953,18.909],[-69.952,18.909],[-69.952,18.913],[-69.951,18.913],[-69.951,18.914],[-69.952,18.914],[-69.952,18.915],[-69.951,18.915],[-69.951,18.918],[-69.95,18.918],[-69.95,18.92],[-69.947,18.92],[-69.947,18.921],[-69.945,18.921],[-69.945,18.923],[-69.946,18.923],[-69.946,18.924],[-69.945,18.924],[-69.945,18.925],[-69.942,18.925],[-69.943,18.926],[-69.942,18.926],[-69.942,18.927],[-69.943,18.927],[-69.942,18.928],[-69.941,18.929],[-69.942,18.929],[-69.942,18.93],[-69.941,18.931],[-69.941,18.93],[-69.939,18.93],[-69.939,18.931],[-69.938,18.931],[-69.938,18.934],[-69.937,18.934],[-69.937,18.938],[-69.936,18.938],[-69.937,18.939],[-69.935,18.939],[-69.935,18.94],[-69.936,18.94],[-69.936,18.941],[-69.933,18.941],[-69.933,18.943],[-69.934,18.943],[-69.934,18.944],[-69.932,18.944],[-69.932,18.945],[-69.933,18.945],[-69.933,18.947],[-69.931,18.947],[-69.931,18.948],[-69.932,18.948],[-69.932,18.949],[-69.933,18.95],[-69.931,18.95],[-69.931,18.953],[-69.929,18.953],[-69.929,18.955],[-69.928,18.955],[-69.928,18.957],[-69.926,18.957],[-69.925,18.958],[-69.926,18.958],[-69.926,18.959],[-69.927,18.959],[-69.927,18.961],[-69.926,18.961],[-69.925,18.962],[-69.925,18.964],[-69.924,18.964],[-69.924,18.965],[-69.923,18.965],[-69.923,18.968],[-69.924,18.968],[-69.924,18.969],[-69.923,18.97],[-69.922,18.97],[-69.922,18.971],[-69.921,18.971],[-69.921,18.972],[-69.922,18.972],[-69.922,18.973],[-69.923,18.972],[-69.923,18.973],[-69.924,18.973],[-69.923,18.974],[-69.923,18.975],[-69.924,18.975],[-69.925,18.976],[-69.926,18.976],[-69.926,18.978],[-69.925,18.978],[-69.925,18.983],[-69.923,18.983],[-69.923,18.987],[-69.921,18.987],[-69.921,18.988],[-69.922,18.988],[-69.922,18.989],[-69.923,18.989],[-69.922,18.99],[-69.922,18.992],[-69.923,18.992],[-69.923,18.993],[-69.925,18.993],[-69.925,18.994],[-69.926,18.995],[-69.926,18.994],[-69.927,18.994],[-69.927,18.995],[-69.928,18.996],[-69.93,18.996],[-69.93,18.995],[-69.931,18.995],[-69.931,18.996],[-69.933,18.996],[-69.933,18.997],[-69.932,18.997],[-69.932,18.998],[-69.933,18.998],[-69.933,18.999],[-69.931,18.999],[-69.931,19],[-69.932,19],[-69.932,19.001],[-69.931,19.001],[-69.931,19.002],[-69.932,19.002],[-69.932,19.003],[-69.931,19.003],[-69.931,19.004],[-69.93,19.004],[-69.93,19.006],[-69.929,19.006],[-69.929,19.008],[-69.93,19.008],[-69.93,19.009],[-69.931,19.009],[-69.932,19.01],[-69.931,19.01],[-69.931,19.012],[-69.929,19.012],[-69.929,19.014],[-69.928,19.014],[-69.928,19.015],[-69.927,19.015],[-69.927,19.016],[-69.928,19.016],[-69.928,19.018],[-69.926,19.018],[-69.926,19.02],[-69.925,19.02],[-69.925,19.021],[-69.924,19.021],[-69.924,19.022],[-69.923,19.023],[-69.921,19.023],[-69.921,19.024],[-69.922,19.024],[-69.922,19.025],[-69.921,19.026],[-69.921,19.025],[-69.918,19.025],[-69.918,19.027],[-69.917,19.027],[-69.917,19.028],[-69.918,19.028],[-69.918,19.029],[-69.916,19.029],[-69.915,19.033],[-69.915,19.036],[-69.914,19.037],[-69.914,19.039],[-69.913,19.039],[-69.913,19.04],[-69.914,19.04],[-69.914,19.041],[-69.913,19.042],[-69.913,19.043],[-69.912,19.043],[-69.912,19.042],[-69.911,19.042],[-69.911,19.043],[-69.91,19.043],[-69.91,19.044],[-69.911,19.044],[-69.911,19.045],[-69.909,19.045],[-69.909,19.047],[-69.907,19.047],[-69.907,19.049],[-69.906,19.049],[-69.906,19.05],[-69.907,19.051],[-69.907,19.052],[-69.909,19.052],[-69.909,19.053],[-69.91,19.053],[-69.91,19.054],[-69.908,19.054],[-69.908,19.055],[-69.907,19.055],[-69.907,19.056],[-69.909,19.056],[-69.908,19.057],[-69.908,19.061],[-69.907,19.061],[-69.907,19.062],[-69.906,19.062],[-69.906,19.064],[-69.905,19.064],[-69.905,19.065],[-69.906,19.065],[-69.906,19.066],[-69.905,19.066],[-69.905,19.069],[-69.906,19.069],[-69.907,19.07],[-69.906,19.071],[-69.906,19.073],[-69.905,19.073],[-69.905,19.075],[-69.904,19.075],[-69.904,19.077],[-69.903,19.077],[-69.903,19.079],[-69.902,19.079],[-69.902,19.08],[-69.901,19.08],[-69.901,19.081],[-69.9,19.081],[-69.899,19.083],[-69.899,19.085],[-69.898,19.085],[-69.898,19.087],[-69.897,19.087],[-69.897,19.09],[-69.896,19.09],[-69.896,19.091],[-69.895,19.091],[-69.895,19.098],[-69.896,19.099],[-69.897,19.099],[-69.897,19.1],[-69.902,19.1],[-69.903,19.101],[-69.904,19.101],[-69.904,19.102],[-69.908,19.102],[-69.908,19.103],[-69.91,19.103],[-69.91,19.104],[-69.911,19.104],[-69.912,19.105],[-69.916,19.105],[-69.916,19.106],[-69.917,19.105],[-69.917,19.106],[-69.918,19.106],[-69.918,19.105],[-69.919,19.105],[-69.92,19.106],[-69.926,19.106],[-69.926,19.107],[-69.927,19.107],[-69.927,19.108],[-69.928,19.108],[-69.928,19.109],[-69.929,19.11],[-69.93,19.11],[-69.93,19.117],[-69.931,19.117],[-69.931,19.118],[-69.93,19.119],[-69.93,19.122],[-69.931,19.122],[-69.931,19.123],[-69.933,19.123],[-69.934,19.124],[-69.937,19.124],[-69.938,19.125],[-69.941,19.125],[-69.941,19.126],[-69.943,19.126],[-69.943,19.125],[-69.945,19.125],[-69.945,19.124],[-69.947,19.124],[-69.948,19.125],[-69.949,19.125],[-69.95,19.126],[-69.951,19.127],[-69.952,19.127],[-69.952,19.123],[-69.951,19.123],[-69.951,19.12],[-69.95,19.12],[-69.95,19.115],[-69.949,19.115],[-69.949,19.113],[-69.948,19.113],[-69.948,19.111],[-69.947,19.111],[-69.947,19.108],[-69.946,19.107],[-69.946,19.098],[-69.956,19.098],[-69.965,19.099],[-69.972,19.099],[-69.988,19.1],[-69.988,19.097],[-69.987,19.095],[-69.987,19.094],[-69.988,19.093],[-69.988,19.09],[-69.989,19.089],[-69.989,19.088],[-69.988,19.088],[-69.988,19.087],[-69.987,19.087],[-69.987,19.084],[-69.986,19.084],[-69.986,19.083],[-69.985,19.083],[-69.985,19.082],[-69.986,19.082],[-69.986,19.081],[-69.991,19.081],[-69.991,19.078],[-69.994,19.078],[-69.994,19.077],[-69.993,19.077],[-69.993,19.076],[-69.996,19.076],[-69.996,19.075],[-69.997,19.075],[-69.997,19.077],[-69.998,19.077],[-69.998,19.076],[-69.999,19.076],[-69.999,19.077],[-70,19.077],[-70,19.08],[-70.001,19.08],[-70.001,19.081],[-70.004,19.081],[-70.004,19.082],[-70.006,19.082],[-70.007,19.083],[-70.008,19.083],[-70.009,19.084],[-70.01,19.084],[-70.011,19.085],[-70.019,19.085],[-70.022,19.087],[-70.023,19.088],[-70.024,19.089],[-70.026,19.09],[-70.028,19.091],[-70.03,19.093],[-70.031,19.094],[-70.037,19.098],[-70.037,19.099],[-70.038,19.1],[-70.04,19.102],[-70.041,19.104],[-70.042,19.105],[-70.043,19.107],[-70.044,19.109],[-70.044,19.111],[-70.041,19.111],[-70.041,19.113],[-70.043,19.113],[-70.043,19.114],[-70.044,19.114],[-70.044,19.116],[-70.045,19.116],[-70.045,19.119],[-70.044,19.119],[-70.044,19.122],[-70.043,19.122],[-70.043,19.13],[-70.041,19.13],[-70.041,19.133],[-70.042,19.133],[-70.043,19.134],[-70.043,19.135],[-70.044,19.135],[-70.045,19.136],[-70.048,19.136],[-70.049,19.137],[-70.05,19.138],[-70.051,19.138],[-70.052,19.139],[-70.053,19.14],[-70.053,19.142],[-70.054,19.143],[-70.054,19.144],[-70.056,19.144],[-70.056,19.143],[-70.057,19.143],[-70.057,19.142],[-70.058,19.141],[-70.059,19.141],[-70.061,19.143],[-70.061,19.144],[-70.062,19.144],[-70.063,19.145],[-70.064,19.146],[-70.065,19.146],[-70.066,19.147],[-70.067,19.146],[-70.069,19.146],[-70.07,19.147],[-70.072,19.149],[-70.073,19.149],[-70.074,19.15],[-70.075,19.151],[-70.075,19.152],[-70.08,19.152],[-70.082,19.153],[-70.083,19.154],[-70.084,19.154],[-70.086,19.155],[-70.092,19.155],[-70.093,19.154],[-70.097,19.154],[-70.098,19.153],[-70.098,19.151],[-70.099,19.151],[-70.099,19.15],[-70.101,19.15],[-70.101,19.152],[-70.102,19.153],[-70.102,19.154],[-70.108,19.154],[-70.108,19.155],[-70.109,19.156],[-70.106,19.156],[-70.105,19.155],[-70.104,19.155],[-70.104,19.156],[-70.103,19.156],[-70.103,19.157],[-70.104,19.158],[-70.104,19.159],[-70.105,19.16],[-70.106,19.16],[-70.107,19.158],[-70.107,19.157],[-70.108,19.157],[-70.108,19.159],[-70.109,19.159],[-70.109,19.16],[-70.112,19.16],[-70.113,19.159],[-70.115,19.159],[-70.116,19.158],[-70.116,19.159],[-70.115,19.16],[-70.116,19.161],[-70.117,19.162],[-70.119,19.162],[-70.119,19.159],[-70.118,19.159],[-70.118,19.155],[-70.119,19.154],[-70.12,19.154],[-70.12,19.156],[-70.119,19.156],[-70.12,19.157],[-70.121,19.157],[-70.122,19.158],[-70.126,19.158],[-70.127,19.159],[-70.128,19.159],[-70.129,19.158],[-70.129,19.156],[-70.13,19.155],[-70.127,19.155],[-70.127,19.152],[-70.129,19.15],[-70.129,19.149],[-70.13,19.149],[-70.13,19.15],[-70.131,19.151],[-70.132,19.151],[-70.133,19.15],[-70.136,19.15],[-70.137,19.151],[-70.137,19.153],[-70.138,19.153],[-70.138,19.154],[-70.135,19.154],[-70.135,19.156],[-70.134,19.157],[-70.132,19.157],[-70.132,19.158],[-70.133,19.158],[-70.134,19.159],[-70.134,19.162],[-70.135,19.163],[-70.136,19.163],[-70.136,19.162],[-70.135,19.162],[-70.135,19.161],[-70.136,19.161],[-70.136,19.16],[-70.137,19.16],[-70.138,19.159],[-70.139,19.158],[-70.139,19.157],[-70.14,19.158],[-70.14,19.159],[-70.141,19.16],[-70.147,19.16],[-70.147,19.159],[-70.148,19.159],[-70.148,19.157],[-70.147,19.157],[-70.146,19.156],[-70.145,19.156],[-70.145,19.155],[-70.146,19.154],[-70.148,19.154],[-70.149,19.155],[-70.151,19.155],[-70.151,19.153],[-70.153,19.153],[-70.154,19.154],[-70.154,19.156],[-70.157,19.156],[-70.157,19.154],[-70.155,19.154],[-70.155,19.153],[-70.157,19.153],[-70.158,19.152],[-70.159,19.152],[-70.16,19.153],[-70.16,19.157],[-70.161,19.158],[-70.162,19.158],[-70.162,19.156],[-70.161,19.155],[-70.163,19.155],[-70.164,19.156],[-70.166,19.156],[-70.166,19.154],[-70.167,19.154],[-70.168,19.153],[-70.169,19.153],[-70.169,19.152],[-70.173,19.152],[-70.173,19.153],[-70.172,19.153],[-70.172,19.155],[-70.171,19.156],[-70.17,19.156],[-70.17,19.157],[-70.169,19.157],[-70.169,19.158],[-70.17,19.158],[-70.171,19.159],[-70.172,19.159],[-70.171,19.16],[-70.17,19.161],[-70.17,19.162],[-70.171,19.162],[-70.171,19.164],[-70.172,19.164],[-70.173,19.165],[-70.174,19.165],[-70.175,19.164],[-70.176,19.164],[-70.176,19.165],[-70.177,19.165],[-70.177,19.166],[-70.178,19.166],[-70.178,19.165],[-70.179,19.165],[-70.179,19.164],[-70.18,19.163],[-70.18,19.162],[-70.181,19.162],[-70.181,19.164],[-70.182,19.164],[-70.182,19.165],[-70.184,19.165],[-70.184,19.163],[-70.185,19.162],[-70.186,19.162],[-70.186,19.161],[-70.187,19.161],[-70.188,19.16],[-70.19,19.16],[-70.19,19.159],[-70.191,19.159],[-70.191,19.158],[-70.192,19.158],[-70.194,19.156],[-70.195,19.155],[-70.196,19.155],[-70.196,19.154],[-70.197,19.154],[-70.197,19.153],[-70.198,19.153],[-70.198,19.152],[-70.199,19.152],[-70.2,19.151],[-70.202,19.151],[-70.202,19.155],[-70.203,19.155],[-70.203,19.156],[-70.205,19.156],[-70.205,19.152],[-70.206,19.152],[-70.206,19.15],[-70.205,19.15],[-70.205,19.149],[-70.206,19.149],[-70.206,19.144],[-70.207,19.144],[-70.207,19.143],[-70.208,19.143],[-70.208,19.142],[-70.21,19.142],[-70.21,19.143],[-70.212,19.143],[-70.213,19.144],[-70.214,19.144],[-70.214,19.145],[-70.217,19.145],[-70.217,19.146],[-70.221,19.146],[-70.221,19.147],[-70.223,19.147],[-70.223,19.148],[-70.225,19.148],[-70.225,19.149],[-70.228,19.149],[-70.228,19.153],[-70.229,19.153],[-70.229,19.155],[-70.23,19.155],[-70.23,19.159],[-70.231,19.159],[-70.232,19.158],[-70.235,19.158],[-70.235,19.157],[-70.236,19.157],[-70.236,19.156],[-70.238,19.156],[-70.238,19.155],[-70.239,19.155],[-70.239,19.154],[-70.242,19.154],[-70.244,19.151],[-70.242,19.155],[-70.244,19.155],[-70.244,19.156],[-70.249,19.156],[-70.249,19.158],[-70.244,19.158],[-70.244,19.162],[-70.247,19.162],[-70.247,19.161],[-70.249,19.161],[-70.249,19.16],[-70.251,19.16],[-70.251,19.159],[-70.253,19.159],[-70.253,19.158],[-70.255,19.158],[-70.255,19.16],[-70.256,19.16],[-70.256,19.161],[-70.255,19.161],[-70.255,19.162],[-70.254,19.162],[-70.254,19.165],[-70.255,19.165],[-70.255,19.163],[-70.258,19.163],[-70.258,19.161],[-70.259,19.16],[-70.26,19.16],[-70.26,19.161],[-70.263,19.161],[-70.263,19.16],[-70.266,19.16],[-70.266,19.163],[-70.268,19.163],[-70.268,19.164],[-70.269,19.164],[-70.269,19.166],[-70.271,19.166],[-70.271,19.164],[-70.272,19.163],[-70.272,19.162],[-70.271,19.162],[-70.271,19.16],[-70.272,19.16],[-70.272,19.159],[-70.274,19.159],[-70.274,19.163],[-70.276,19.163],[-70.276,19.161],[-70.275,19.161],[-70.275,19.16],[-70.278,19.16],[-70.278,19.161],[-70.279,19.16],[-70.28,19.16],[-70.28,19.159],[-70.281,19.159],[-70.281,19.158],[-70.282,19.158],[-70.282,19.157],[-70.281,19.157],[-70.281,19.156],[-70.28,19.156],[-70.28,19.155],[-70.279,19.155],[-70.279,19.153],[-70.28,19.153],[-70.279,19.152],[-70.278,19.152],[-70.277,19.149],[-70.274,19.149],[-70.274,19.15],[-70.273,19.15],[-70.273,19.152],[-70.272,19.152],[-70.272,19.151],[-70.271,19.151],[-70.271,19.15],[-70.272,19.149],[-70.273,19.149],[-70.273,19.146],[-70.275,19.146],[-70.275,19.147],[-70.277,19.147],[-70.277,19.146],[-70.278,19.146],[-70.278,19.145],[-70.279,19.145],[-70.279,19.144],[-70.283,19.144],[-70.284,19.145],[-70.284,19.147],[-70.285,19.148],[-70.285,19.149],[-70.288,19.149],[-70.289,19.15],[-70.29,19.15],[-70.29,19.148],[-70.289,19.148],[-70.289,19.146],[-70.291,19.146],[-70.291,19.142],[-70.293,19.142],[-70.294,19.143],[-70.295,19.143],[-70.296,19.144],[-70.301,19.144],[-70.301,19.147],[-70.297,19.147],[-70.297,19.149],[-70.302,19.149],[-70.302,19.151],[-70.304,19.151],[-70.305,19.15],[-70.306,19.151],[-70.308,19.151],[-70.308,19.152],[-70.309,19.153],[-70.311,19.153],[-70.312,19.154],[-70.312,19.153],[-70.313,19.153],[-70.312,19.152],[-70.312,19.151],[-70.314,19.151],[-70.314,19.155],[-70.316,19.155],[-70.316,19.154],[-70.317,19.154],[-70.318,19.153],[-70.321,19.153],[-70.321,19.152],[-70.319,19.152],[-70.319,19.15],[-70.323,19.15],[-70.323,19.151],[-70.324,19.15],[-70.324,19.149],[-70.325,19.149],[-70.325,19.147],[-70.326,19.147],[-70.326,19.145],[-70.329,19.145],[-70.329,19.143],[-70.33,19.143],[-70.33,19.141],[-70.331,19.14],[-70.331,19.137],[-70.332,19.137],[-70.332,19.135],[-70.333,19.134],[-70.333,19.131],[-70.334,19.131],[-70.334,19.128],[-70.335,19.129],[-70.335,19.127],[-70.334,19.127],[-70.334,19.125],[-70.335,19.125],[-70.335,19.124],[-70.336,19.124],[-70.337,19.123],[-70.337,19.122],[-70.335,19.122],[-70.335,19.123],[-70.332,19.123],[-70.332,19.121],[-70.331,19.121],[-70.331,19.122],[-70.33,19.122],[-70.33,19.121],[-70.329,19.122],[-70.329,19.119],[-70.326,19.119],[-70.326,19.118],[-70.329,19.118],[-70.329,19.117],[-70.33,19.117],[-70.33,19.116],[-70.332,19.116],[-70.332,19.114],[-70.333,19.114],[-70.333,19.113],[-70.335,19.113],[-70.335,19.112],[-70.336,19.111],[-70.337,19.111],[-70.337,19.11],[-70.338,19.109],[-70.339,19.109],[-70.339,19.108],[-70.34,19.107],[-70.339,19.106],[-70.339,19.105],[-70.338,19.105],[-70.338,19.104],[-70.339,19.103],[-70.34,19.102],[-70.341,19.101],[-70.341,19.099],[-70.342,19.099],[-70.342,19.098],[-70.343,19.098],[-70.343,19.097],[-70.344,19.097],[-70.344,19.096],[-70.345,19.096],[-70.345,19.095],[-70.346,19.095],[-70.346,19.093],[-70.348,19.093],[-70.348,19.092],[-70.347,19.092],[-70.347,19.091],[-70.346,19.091],[-70.346,19.09],[-70.347,19.09],[-70.347,19.089],[-70.346,19.089],[-70.346,19.088],[-70.347,19.088],[-70.347,19.087],[-70.351,19.087],[-70.351,19.086],[-70.352,19.086],[-70.352,19.085],[-70.351,19.085],[-70.351,19.084],[-70.354,19.084],[-70.354,19.083],[-70.355,19.083],[-70.355,19.082],[-70.357,19.082],[-70.357,19.081],[-70.356,19.081],[-70.356,19.08],[-70.355,19.08],[-70.355,19.077],[-70.354,19.077],[-70.354,19.076],[-70.355,19.076],[-70.355,19.074],[-70.354,19.074],[-70.354,19.073],[-70.355,19.073],[-70.355,19.072],[-70.354,19.072],[-70.355,19.071],[-70.355,19.07],[-70.353,19.07],[-70.353,19.068],[-70.352,19.068],[-70.352,19.065],[-70.353,19.065],[-70.353,19.064],[-70.354,19.064],[-70.354,19.061],[-70.355,19.061],[-70.355,19.059],[-70.357,19.059],[-70.357,19.058],[-70.358,19.058],[-70.358,19.052],[-70.359,19.052],[-70.359,19.051],[-70.36,19.051],[-70.36,19.05],[-70.361,19.05],[-70.361,19.049],[-70.364,19.049],[-70.365,19.05],[-70.371,19.05],[-70.372,19.049],[-70.372,19.048]],[[-69.996,19.075],[-69.996,19.074],[-69.997,19.074],[-69.996,19.075]],[[-70.278,19.154],[-70.278,19.155],[-70.277,19.155],[-70.277,19.156],[-70.276,19.156],[-70.276,19.154],[-70.278,19.154]]],[[[-70.357,19.08],[-70.356,19.079],[-70.356,19.08],[-70.357,19.08]]],[[[-70.354,19.068],[-70.353,19.067],[-70.353,19.068],[-70.354,19.068]]],[[[-70.322,19.151],[-70.321,19.151],[-70.321,19.152],[-70.322,19.152],[-70.322,19.151]]],[[[-70.235,18.888],[-70.234,18.888],[-70.234,18.889],[-70.235,18.889],[-70.235,18.888]]],[[[-70.137,19.163],[-70.136,19.163],[-70.136,19.164],[-70.137,19.164],[-70.137,19.163]]],[[[-69.923,18.968],[-69.922,18.968],[-69.922,18.969],[-69.923,18.969],[-69.923,18.968]]],[[[-69.922,18.969],[-69.921,18.969],[-69.921,18.97],[-69.922,18.97],[-69.922,18.969]]],[[[-69.907,19.054],[-69.906,19.054],[-69.906,19.055],[-69.907,19.055],[-69.907,19.054]]]]}},{"type":"Feature","properties":{"shapeName":"Samaná","provinceKey":"samana","shapeType":"ADM1"},"geometry":{"type":"MultiPolygon","coordinates":[[[[-69.772,19.277],[-69.771,19.277],[-69.771,19.276],[-69.77,19.275],[-69.768,19.275],[-69.765,19.274],[-69.763,19.274],[-69.761,19.272],[-69.76,19.271],[-69.76,19.268],[-69.761,19.267],[-69.761,19.265],[-69.762,19.265],[-69.762,19.262],[-69.763,19.262],[-69.763,19.258],[-69.762,19.257],[-69.761,19.257],[-69.76,19.258],[-69.759,19.258],[-69.759,19.257],[-69.746,19.257],[-69.746,19.256],[-69.747,19.256],[-69.747,19.252],[-69.748,19.251],[-69.748,19.249],[-69.749,19.249],[-69.749,19.231],[-69.75,19.227],[-69.75,19.225],[-69.74,19.225],[-69.739,19.226],[-69.728,19.226],[-69.726,19.225],[-69.721,19.225],[-69.721,19.224],[-69.715,19.224],[-69.713,19.223],[-69.71,19.223],[-69.708,19.222],[-69.704,19.222],[-69.703,19.221],[-69.7,19.221],[-69.693,19.22],[-69.686,19.219],[-69.683,19.219],[-69.683,19.218],[-69.673,19.209],[-69.67,19.207],[-69.668,19.205],[-69.666,19.203],[-69.665,19.203],[-69.664,19.204],[-69.664,19.205],[-69.663,19.206],[-69.662,19.206],[-69.662,19.207],[-69.66,19.207],[-69.66,19.208],[-69.656,19.208],[-69.655,19.207],[-69.654,19.206],[-69.654,19.203],[-69.653,19.202],[-69.653,19.201],[-69.652,19.202],[-69.65,19.202],[-69.65,19.201],[-69.651,19.201],[-69.652,19.2],[-69.656,19.2],[-69.657,19.201],[-69.661,19.201],[-69.662,19.2],[-69.663,19.2],[-69.664,19.199],[-69.664,19.198],[-69.665,19.197],[-69.666,19.196],[-69.668,19.194],[-69.669,19.193],[-69.67,19.193],[-69.67,19.191],[-69.673,19.191],[-69.673,19.189],[-69.671,19.189],[-69.671,19.188],[-69.672,19.187],[-69.672,19.185],[-69.675,19.185],[-69.675,19.18],[-69.676,19.18],[-69.675,19.179],[-69.674,19.178],[-69.674,19.177],[-69.676,19.177],[-69.677,19.176],[-69.677,19.175],[-69.674,19.175],[-69.674,19.171],[-69.677,19.171],[-69.678,19.172],[-69.678,19.169],[-69.68,19.169],[-69.681,19.17],[-69.682,19.17],[-69.683,19.171],[-69.684,19.17],[-69.685,19.17],[-69.685,19.168],[-69.684,19.167],[-69.683,19.167],[-69.683,19.166],[-69.682,19.166],[-69.683,19.165],[-69.684,19.165],[-69.684,19.166],[-69.685,19.166],[-69.686,19.165],[-69.686,19.164],[-69.687,19.164],[-69.687,19.163],[-69.689,19.163],[-69.689,19.168],[-69.69,19.169],[-69.691,19.169],[-69.691,19.164],[-69.693,19.164],[-69.693,19.166],[-69.694,19.166],[-69.695,19.167],[-69.696,19.167],[-69.697,19.168],[-69.699,19.168],[-69.699,19.167],[-69.698,19.166],[-69.697,19.167],[-69.697,19.166],[-69.696,19.166],[-69.696,19.162],[-69.697,19.161],[-69.698,19.161],[-69.698,19.162],[-69.699,19.162],[-69.699,19.163],[-69.7,19.162],[-69.7,19.158],[-69.701,19.157],[-69.703,19.157],[-69.703,19.159],[-69.704,19.159],[-69.704,19.16],[-69.71,19.16],[-69.711,19.159],[-69.711,19.157],[-69.71,19.157],[-69.71,19.156],[-69.709,19.156],[-69.708,19.157],[-69.707,19.156],[-69.706,19.156],[-69.706,19.155],[-69.705,19.155],[-69.705,19.151],[-69.706,19.151],[-69.706,19.15],[-69.707,19.149],[-69.708,19.149],[-69.708,19.148],[-69.709,19.148],[-69.709,19.147],[-69.71,19.147],[-69.711,19.146],[-69.717,19.146],[-69.718,19.145],[-69.718,19.144],[-69.719,19.144],[-69.719,19.141],[-69.72,19.141],[-69.72,19.14],[-69.722,19.14],[-69.722,19.139],[-69.725,19.139],[-69.726,19.14],[-69.727,19.141],[-69.728,19.142],[-69.733,19.142],[-69.733,19.143],[-69.734,19.143],[-69.734,19.145],[-69.735,19.145],[-69.735,19.146],[-69.736,19.147],[-69.736,19.156],[-69.739,19.156],[-69.74,19.155],[-69.741,19.154],[-69.742,19.154],[-69.743,19.153],[-69.744,19.152],[-69.744,19.151],[-69.745,19.151],[-69.745,19.15],[-69.749,19.15],[-69.749,19.147],[-69.748,19.146],[-69.748,19.145],[-69.747,19.145],[-69.747,19.144],[-69.746,19.143],[-69.746,19.141],[-69.745,19.14],[-69.744,19.139],[-69.744,19.138],[-69.743,19.136],[-69.743,19.135],[-69.742,19.133],[-69.742,19.132],[-69.741,19.133],[-69.739,19.132],[-69.738,19.131],[-69.737,19.131],[-69.737,19.128],[-69.736,19.128],[-69.735,19.127],[-69.735,19.126],[-69.734,19.125],[-69.733,19.124],[-69.733,19.122],[-69.732,19.121],[-69.732,19.12],[-69.731,19.119],[-69.731,19.118],[-69.73,19.117],[-69.73,19.116],[-69.729,19.116],[-69.729,19.115],[-69.728,19.114],[-69.727,19.114],[-69.727,19.113],[-69.725,19.113],[-69.725,19.112],[-69.724,19.112],[-69.724,19.113],[-69.722,19.113],[-69.722,19.112],[-69.721,19.112],[-69.721,19.108],[-69.72,19.107],[-69.721,19.107],[-69.721,19.104],[-69.72,19.104],[-69.72,19.103],[-69.721,19.103],[-69.721,19.102],[-69.723,19.102],[-69.724,19.101],[-69.724,19.1],[-69.728,19.1],[-69.728,19.099],[-69.729,19.099],[-69.729,19.1],[-69.73,19.099],[-69.731,19.099],[-69.732,19.098],[-69.732,19.097],[-69.73,19.094],[-69.728,19.092],[-69.727,19.091],[-69.725,19.089],[-69.723,19.087],[-69.722,19.085],[-69.721,19.084],[-69.72,19.084],[-69.718,19.082],[-69.715,19.08],[-69.712,19.078],[-69.709,19.075],[-69.707,19.073],[-69.704,19.069],[-69.7,19.065],[-69.699,19.063],[-69.696,19.061],[-69.694,19.059],[-69.693,19.058],[-69.691,19.056],[-69.69,19.054],[-69.689,19.053],[-69.687,19.051],[-69.684,19.048],[-69.684,19.047],[-69.683,19.047],[-69.682,19.045],[-69.679,19.042],[-69.677,19.04],[-69.675,19.039],[-69.674,19.038],[-69.671,19.038],[-69.67,19.037],[-69.654,19.037],[-69.651,19.038],[-69.647,19.038],[-69.645,19.037],[-69.643,19.036],[-69.641,19.035],[-69.64,19.033],[-69.638,19.032],[-69.638,19.03],[-69.637,19.029],[-69.636,19.027],[-69.635,19.025],[-69.635,19.02],[-69.634,19.017],[-69.634,19.014],[-69.633,19.011],[-69.633,19.009],[-69.632,19.008],[-69.63,19.005],[-69.628,19.002],[-69.627,19.001],[-69.626,18.998],[-69.624,18.996],[-69.622,18.996],[-69.619,18.995],[-69.618,18.994],[-69.616,18.994],[-69.613,18.992],[-69.612,18.991],[-69.61,18.99],[-69.608,18.988],[-69.607,18.988],[-69.605,18.987],[-69.604,18.987],[-69.601,18.986],[-69.599,18.985],[-69.598,18.985],[-69.595,18.984],[-69.592,18.984],[-69.591,18.983],[-69.59,18.985],[-69.587,18.993],[-69.58,19.013],[-69.554,19.083],[-69.555,19.084],[-69.556,19.084],[-69.556,19.085],[-69.557,19.085],[-69.558,19.086],[-69.559,19.087],[-69.56,19.087],[-69.56,19.086],[-69.561,19.086],[-69.561,19.088],[-69.56,19.088],[-69.56,19.089],[-69.562,19.089],[-69.562,19.09],[-69.563,19.09],[-69.563,19.088],[-69.562,19.088],[-69.562,19.087],[-69.563,19.087],[-69.564,19.09],[-69.565,19.09],[-69.565,19.092],[-69.566,19.092],[-69.566,19.09],[-69.565,19.087],[-69.567,19.087],[-69.567,19.089],[-69.569,19.089],[-69.568,19.088],[-69.569,19.088],[-69.569,19.087],[-69.571,19.087],[-69.571,19.088],[-69.573,19.087],[-69.573,19.089],[-69.574,19.088],[-69.574,19.089],[-69.575,19.089],[-69.575,19.086],[-69.576,19.085],[-69.578,19.085],[-69.578,19.084],[-69.579,19.084],[-69.579,19.085],[-69.58,19.085],[-69.58,19.083],[-69.581,19.083],[-69.581,19.084],[-69.582,19.084],[-69.582,19.085],[-69.583,19.085],[-69.583,19.083],[-69.584,19.084],[-69.584,19.083],[-69.585,19.082],[-69.585,19.083],[-69.588,19.083],[-69.588,19.084],[-69.59,19.084],[-69.59,19.082],[-69.591,19.082],[-69.591,19.081],[-69.593,19.081],[-69.593,19.082],[-69.594,19.082],[-69.594,19.081],[-69.595,19.081],[-69.595,19.08],[-69.599,19.08],[-69.6,19.079],[-69.601,19.08],[-69.602,19.08],[-69.602,19.079],[-69.605,19.079],[-69.606,19.078],[-69.607,19.078],[-69.608,19.079],[-69.608,19.08],[-69.61,19.08],[-69.61,19.081],[-69.611,19.081],[-69.611,19.08],[-69.612,19.08],[-69.612,19.081],[-69.614,19.081],[-69.614,19.082],[-69.615,19.081],[-69.615,19.079],[-69.616,19.079],[-69.616,19.081],[-69.617,19.081],[-69.617,19.08],[-69.618,19.08],[-69.618,19.078],[-69.619,19.078],[-69.62,19.077],[-69.62,19.079],[-69.621,19.079],[-69.62,19.08],[-69.621,19.08],[-69.62,19.081],[-69.621,19.082],[-69.621,19.081],[-69.622,19.081],[-69.622,19.082],[-69.623,19.082],[-69.623,19.081],[-69.624,19.081],[-69.624,19.083],[-69.626,19.083],[-69.626,19.082],[-69.627,19.082],[-69.627,19.084],[-69.628,19.085],[-69.628,19.086],[-69.629,19.092],[-69.63,19.095],[-69.63,19.1],[-69.628,19.101],[-69.629,19.102],[-69.628,19.102],[-69.628,19.104],[-69.629,19.105],[-69.628,19.105],[-69.627,19.106],[-69.628,19.106],[-69.628,19.108],[-69.626,19.11],[-69.626,19.111],[-69.629,19.112],[-69.629,19.115],[-69.63,19.116],[-69.632,19.117],[-69.635,19.117],[-69.636,19.118],[-69.637,19.119],[-69.637,19.121],[-69.638,19.123],[-69.639,19.125],[-69.639,19.131],[-69.64,19.133],[-69.64,19.135],[-69.638,19.135],[-69.638,19.136],[-69.637,19.138],[-69.637,19.145],[-69.636,19.145],[-69.636,19.148],[-69.635,19.149],[-69.634,19.153],[-69.633,19.156],[-69.633,19.158],[-69.632,19.161],[-69.632,19.163],[-69.631,19.165],[-69.631,19.167],[-69.63,19.168],[-69.63,19.169],[-69.629,19.17],[-69.629,19.172],[-69.628,19.175],[-69.628,19.176],[-69.627,19.178],[-69.627,19.18],[-69.626,19.182],[-69.626,19.189],[-69.625,19.192],[-69.625,19.196],[-69.627,19.196],[-69.627,19.197],[-69.628,19.197],[-69.628,19.198],[-69.624,19.198],[-69.624,19.2],[-69.625,19.2],[-69.625,19.209],[-69.624,19.21],[-69.624,19.216],[-69.625,19.217],[-69.625,19.219],[-69.624,19.22],[-69.625,19.221],[-69.626,19.221],[-69.625,19.222],[-69.625,19.223],[-69.624,19.223],[-69.623,19.224],[-69.622,19.224],[-69.62,19.225],[-69.619,19.225],[-69.619,19.226],[-69.617,19.226],[-69.617,19.225],[-69.615,19.225],[-69.615,19.224],[-69.614,19.225],[-69.611,19.225],[-69.61,19.226],[-69.61,19.225],[-69.609,19.225],[-69.609,19.226],[-69.608,19.226],[-69.608,19.225],[-69.605,19.225],[-69.605,19.224],[-69.602,19.224],[-69.602,19.223],[-69.6,19.223],[-69.6,19.222],[-69.598,19.222],[-69.597,19.221],[-69.596,19.221],[-69.594,19.22],[-69.594,19.219],[-69.592,19.219],[-69.591,19.218],[-69.591,19.217],[-69.588,19.217],[-69.588,19.218],[-69.587,19.218],[-69.585,19.219],[-69.58,19.219],[-69.58,19.218],[-69.578,19.218],[-69.577,19.217],[-69.577,19.216],[-69.575,19.216],[-69.573,19.217],[-69.573,19.215],[-69.572,19.215],[-69.57,19.216],[-69.568,19.216],[-69.567,19.215],[-69.567,19.214],[-69.566,19.214],[-69.566,19.215],[-69.562,19.215],[-69.561,19.214],[-69.561,19.213],[-69.56,19.214],[-69.559,19.214],[-69.559,19.213],[-69.558,19.214],[-69.558,19.213],[-69.555,19.213],[-69.555,19.212],[-69.553,19.212],[-69.552,19.213],[-69.552,19.212],[-69.551,19.212],[-69.55,19.213],[-69.55,19.212],[-69.548,19.212],[-69.548,19.213],[-69.546,19.213],[-69.545,19.214],[-69.545,19.213],[-69.544,19.213],[-69.543,19.214],[-69.542,19.214],[-69.541,19.215],[-69.54,19.214],[-69.539,19.214],[-69.539,19.213],[-69.535,19.213],[-69.535,19.212],[-69.534,19.212],[-69.534,19.211],[-69.533,19.211],[-69.533,19.212],[-69.532,19.212],[-69.531,19.213],[-69.53,19.213],[-69.529,19.214],[-69.527,19.214],[-69.527,19.213],[-69.526,19.214],[-69.525,19.214],[-69.525,19.213],[-69.523,19.213],[-69.522,19.212],[-69.521,19.212],[-69.521,19.211],[-69.52,19.211],[-69.52,19.212],[-69.519,19.211],[-69.519,19.212],[-69.516,19.212],[-69.515,19.211],[-69.514,19.211],[-69.514,19.21],[-69.512,19.21],[-69.51,19.211],[-69.509,19.211],[-69.509,19.212],[-69.508,19.212],[-69.507,19.213],[-69.503,19.213],[-69.502,19.212],[-69.501,19.212],[-69.501,19.21],[-69.5,19.21],[-69.5,19.209],[-69.498,19.208],[-69.496,19.207],[-69.495,19.207],[-69.494,19.208],[-69.493,19.208],[-69.492,19.209],[-69.49,19.209],[-69.49,19.208],[-69.489,19.208],[-69.489,19.207],[-69.488,19.206],[-69.485,19.206],[-69.485,19.207],[-69.484,19.206],[-69.484,19.207],[-69.483,19.207],[-69.483,19.208],[-69.481,19.208],[-69.48,19.209],[-69.477,19.209],[-69.477,19.208],[-69.472,19.208],[-69.471,19.207],[-69.468,19.207],[-69.468,19.206],[-69.466,19.206],[-69.466,19.205],[-69.464,19.205],[-69.463,19.204],[-69.461,19.203],[-69.461,19.202],[-69.46,19.202],[-69.459,19.203],[-69.458,19.203],[-69.458,19.202],[-69.457,19.202],[-69.456,19.203],[-69.45,19.203],[-69.45,19.202],[-69.449,19.202],[-69.4485,19.201],[-69.444,19.201],[-69.444,19.2],[-69.441,19.2],[-69.441,19.199],[-69.439,19.199],[-69.439,19.198],[-69.438,19.197],[-69.437,19.197],[-69.437,19.196],[-69.436,19.196],[-69.435,19.195],[-69.435,19.194],[-69.434,19.193],[-69.433,19.193],[-69.433,19.191],[-69.432,19.191],[-69.432,19.19],[-69.431,19.19],[-69.431,19.191],[-69.428,19.193],[-69.427,19.193],[-69.427,19.194],[-69.425,19.194],[-69.423,19.192],[-69.423,19.193],[-69.418,19.193],[-69.417,19.194],[-69.416,19.194],[-69.416,19.193],[-69.415,19.193],[-69.415,19.192],[-69.416,19.191],[-69.415,19.19],[-69.415,19.188],[-69.414,19.188],[-69.414,19.187],[-69.413,19.187],[-69.413,19.186],[-69.41,19.186],[-69.41,19.185],[-69.408,19.185],[-69.408,19.188],[-69.407,19.191],[-69.406,19.191],[-69.406,19.192],[-69.405,19.192],[-69.405,19.193],[-69.404,19.193],[-69.404,19.194],[-69.403,19.195],[-69.402,19.196],[-69.401,19.196],[-69.4,19.195],[-69.399,19.194],[-69.397,19.194],[-69.397,19.195],[-69.396,19.195],[-69.396,19.196],[-69.391,19.196],[-69.391,19.195],[-69.388,19.195],[-69.388,19.194],[-69.387,19.194],[-69.386,19.195],[-69.385,19.195],[-69.385,19.196],[-69.383,19.196],[-69.383,19.195],[-69.377,19.195],[-69.377,19.196],[-69.374,19.196],[-69.374,19.197],[-69.373,19.196],[-69.373,19.197],[-69.367,19.197],[-69.365,19.196],[-69.362,19.196],[-69.361,19.195],[-69.35,19.195],[-69.35,19.194],[-69.342,19.194],[-69.342,19.193],[-69.34,19.193],[-69.34,19.195],[-69.341,19.195],[-69.34,19.196],[-69.34,19.197],[-69.338,19.197],[-69.338,19.196],[-69.337,19.196],[-69.337,19.197],[-69.335,19.197],[-69.335,19.198],[-69.336,19.198],[-69.336,19.2],[-69.337,19.2],[-69.337,19.202],[-69.336,19.203],[-69.336,19.202],[-69.335,19.202],[-69.334,19.203],[-69.33,19.203],[-69.33,19.202],[-69.326,19.202],[-69.326,19.201],[-69.324,19.201],[-69.324,19.2],[-69.323,19.199],[-69.321,19.199],[-69.321,19.198],[-69.32,19.198],[-69.319,19.197],[-69.318,19.197],[-69.318,19.196],[-69.317,19.196],[-69.317,19.195],[-69.315,19.195],[-69.315,19.194],[-69.313,19.194],[-69.313,19.196],[-69.312,19.197],[-69.307,19.197],[-69.307,19.196],[-69.305,19.196],[-69.303,19.194],[-69.303,19.193],[-69.302,19.192],[-69.302,19.191],[-69.301,19.191],[-69.301,19.192],[-69.3,19.192],[-69.3,19.191],[-69.299,19.191],[-69.299,19.19],[-69.298,19.191],[-69.297,19.193],[-69.297,19.194],[-69.296,19.194],[-69.295,19.195],[-69.293,19.195],[-69.293,19.194],[-69.29,19.194],[-69.29,19.193],[-69.289,19.193],[-69.289,19.192],[-69.286,19.192],[-69.286,19.191],[-69.285,19.191],[-69.285,19.19],[-69.282,19.19],[-69.282,19.188],[-69.281,19.188],[-69.28,19.187],[-69.279,19.186],[-69.279,19.185],[-69.278,19.185],[-69.278,19.184],[-69.277,19.185],[-69.276,19.185],[-69.276,19.186],[-69.273,19.186],[-69.272,19.185],[-69.272,19.184],[-69.269,19.184],[-69.269,19.185],[-69.268,19.184],[-69.266,19.184],[-69.266,19.183],[-69.265,19.183],[-69.265,19.184],[-69.262,19.184],[-69.262,19.183],[-69.261,19.183],[-69.261,19.184],[-69.256,19.184],[-69.256,19.183],[-69.257,19.182],[-69.257,19.181],[-69.254,19.181],[-69.254,19.182],[-69.253,19.182],[-69.253,19.183],[-69.251,19.183],[-69.251,19.182],[-69.248,19.182],[-69.249,19.183],[-69.247,19.183],[-69.247,19.182],[-69.242,19.182],[-69.242,19.181],[-69.24,19.181],[-69.239,19.18],[-69.239,19.181],[-69.236,19.181],[-69.236,19.182],[-69.234,19.182],[-69.233,19.181],[-69.233,19.18],[-69.231,19.18],[-69.231,19.181],[-69.23,19.181],[-69.23,19.18],[-69.229,19.18],[-69.229,19.181],[-69.228,19.181],[-69.228,19.182],[-69.227,19.182],[-69.227,19.181],[-69.226,19.182],[-69.225,19.182],[-69.225,19.183],[-69.224,19.182],[-69.222,19.183],[-69.221,19.183],[-69.221,19.184],[-69.222,19.185],[-69.221,19.185],[-69.221,19.186],[-69.22,19.186],[-69.22,19.188],[-69.219,19.188],[-69.219,19.189],[-69.221,19.189],[-69.222,19.19],[-69.222,19.191],[-69.221,19.192],[-69.22,19.193],[-69.221,19.193],[-69.22,19.194],[-69.219,19.195],[-69.22,19.195],[-69.219,19.196],[-69.219,19.198],[-69.218,19.199],[-69.217,19.199],[-69.216,19.198],[-69.216,19.202],[-69.217,19.203],[-69.216,19.203],[-69.217,19.204],[-69.217,19.206],[-69.216,19.207],[-69.216,19.208],[-69.217,19.208],[-69.217,19.209],[-69.216,19.209],[-69.216,19.21],[-69.215,19.211],[-69.215,19.212],[-69.216,19.212],[-69.217,19.213],[-69.216,19.214],[-69.216,19.215],[-69.215,19.215],[-69.215,19.217],[-69.214,19.218],[-69.214,19.219],[-69.213,19.219],[-69.213,19.22],[-69.212,19.22],[-69.212,19.224],[-69.211,19.224],[-69.211,19.226],[-69.21,19.226],[-69.21,19.228],[-69.209,19.229],[-69.21,19.23],[-69.209,19.231],[-69.208,19.231],[-69.208,19.232],[-69.209,19.232],[-69.209,19.233],[-69.208,19.233],[-69.208,19.234],[-69.207,19.233],[-69.207,19.234],[-69.205,19.234],[-69.204,19.235],[-69.203,19.235],[-69.203,19.236],[-69.202,19.236],[-69.201,19.237],[-69.2,19.237],[-69.198,19.239],[-69.197,19.24],[-69.196,19.24],[-69.195,19.241],[-69.194,19.242],[-69.193,19.242],[-69.193,19.243],[-69.192,19.243],[-69.192,19.244],[-69.193,19.244],[-69.193,19.245],[-69.191,19.246],[-69.191,19.247],[-69.189,19.247],[-69.189,19.248],[-69.188,19.248],[-69.187,19.249],[-69.186,19.249],[-69.185,19.251],[-69.184,19.251],[-69.184,19.252],[-69.183,19.252],[-69.182,19.253],[-69.18,19.253],[-69.18,19.254],[-69.179,19.254],[-69.179,19.255],[-69.178,19.255],[-69.178,19.256],[-69.176,19.256],[-69.175,19.257],[-69.174,19.258],[-69.174,19.257],[-69.173,19.258],[-69.171,19.258],[-69.171,19.259],[-69.17,19.259],[-69.17,19.26],[-69.168,19.26],[-69.168,19.261],[-69.167,19.261],[-69.167,19.262],[-69.166,19.262],[-69.166,19.265],[-69.165,19.264],[-69.164,19.264],[-69.164,19.265],[-69.163,19.265],[-69.162,19.266],[-69.163,19.266],[-69.163,19.267],[-69.162,19.267],[-69.162,19.268],[-69.161,19.268],[-69.161,19.27],[-69.16,19.27],[-69.16,19.271],[-69.159,19.271],[-69.159,19.272],[-69.158,19.273],[-69.158,19.274],[-69.157,19.274],[-69.156,19.276],[-69.156,19.277],[-69.155,19.277],[-69.155,19.28],[-69.154,19.28],[-69.153,19.281],[-69.153,19.284],[-69.152,19.285],[-69.152,19.286],[-69.151,19.286],[-69.151,19.295],[-69.152,19.298],[-69.152,19.302],[-69.153,19.302],[-69.154,19.303],[-69.155,19.302],[-69.156,19.303],[-69.157,19.302],[-69.159,19.301],[-69.163,19.301],[-69.162,19.302],[-69.162,19.303],[-69.163,19.303],[-69.163,19.305],[-69.166,19.305],[-69.166,19.304],[-69.167,19.305],[-69.17,19.305],[-69.17,19.304],[-69.171,19.303],[-69.172,19.302],[-69.172,19.301],[-69.174,19.301],[-69.175,19.3],[-69.175,19.301],[-69.176,19.3],[-69.178,19.3],[-69.179,19.299],[-69.18,19.297],[-69.183,19.297],[-69.184,19.296],[-69.184,19.293],[-69.187,19.293],[-69.188,19.294],[-69.188,19.295],[-69.19,19.295],[-69.19,19.294],[-69.191,19.294],[-69.191,19.293],[-69.192,19.292],[-69.196,19.292],[-69.2,19.294],[-69.203,19.295],[-69.204,19.296],[-69.205,19.296],[-69.205,19.298],[-69.206,19.298],[-69.207,19.296],[-69.206,19.295],[-69.209,19.294],[-69.211,19.294],[-69.211,19.293],[-69.212,19.293],[-69.212,19.291],[-69.213,19.29],[-69.214,19.289],[-69.215,19.289],[-69.217,19.288],[-69.217,19.287],[-69.224,19.287],[-69.225,19.288],[-69.227,19.288],[-69.228,19.287],[-69.227,19.286],[-69.229,19.286],[-69.229,19.285],[-69.23,19.285],[-69.232,19.286],[-69.234,19.286],[-69.238,19.288],[-69.247,19.288],[-69.248,19.289],[-69.252,19.291],[-69.254,19.293],[-69.255,19.295],[-69.255,19.296],[-69.254,19.296],[-69.252,19.299],[-69.251,19.3],[-69.252,19.301],[-69.248,19.308],[-69.247,19.308],[-69.247,19.311],[-69.246,19.311],[-69.245,19.313],[-69.243,19.315],[-69.239,19.32],[-69.239,19.321],[-69.238,19.322],[-69.237,19.323],[-69.236,19.324],[-69.235,19.326],[-69.235,19.327],[-69.234,19.328],[-69.234,19.329],[-69.233,19.33],[-69.232,19.33],[-69.232,19.331],[-69.23,19.332],[-69.23,19.333],[-69.228,19.334],[-69.226,19.335],[-69.226,19.336],[-69.224,19.337],[-69.224,19.338],[-69.223,19.339],[-69.222,19.339],[-69.221,19.341],[-69.22,19.342],[-69.22,19.343],[-69.219,19.344],[-69.219,19.346],[-69.218,19.348],[-69.218,19.349],[-69.216,19.35],[-69.216,19.353],[-69.215,19.354],[-69.215,19.356],[-69.216,19.356],[-69.217,19.357],[-69.216,19.357],[-69.215,19.358],[-69.216,19.361],[-69.217,19.36],[-69.217,19.361],[-69.218,19.361],[-69.218,19.36],[-69.221,19.36],[-69.222,19.359],[-69.223,19.36],[-69.224,19.36],[-69.224,19.357],[-69.225,19.358],[-69.225,19.357],[-69.226,19.357],[-69.226,19.358],[-69.228,19.36],[-69.229,19.36],[-69.229,19.361],[-69.23,19.362],[-69.23,19.363],[-69.231,19.363],[-69.231,19.362],[-69.232,19.362],[-69.233,19.363],[-69.234,19.363],[-69.234,19.364],[-69.235,19.364],[-69.235,19.363],[-69.238,19.364],[-69.239,19.364],[-69.239,19.363],[-69.238,19.362],[-69.239,19.361],[-69.24,19.36],[-69.24,19.358],[-69.241,19.358],[-69.24,19.357],[-69.241,19.356],[-69.241,19.355],[-69.242,19.354],[-69.243,19.353],[-69.244,19.352],[-69.244,19.351],[-69.245,19.35],[-69.247,19.348],[-69.247,19.347],[-69.248,19.347],[-69.248,19.346],[-69.249,19.345],[-69.249,19.344],[-69.25,19.344],[-69.25,19.342],[-69.252,19.342],[-69.252,19.344],[-69.253,19.344],[-69.253,19.345],[-69.254,19.346],[-69.255,19.346],[-69.255,19.347],[-69.256,19.347],[-69.257,19.346],[-69.26,19.346],[-69.261,19.345],[-69.262,19.344],[-69.262,19.343],[-69.263,19.343],[-69.263,19.342],[-69.266,19.342],[-69.266,19.341],[-69.267,19.341],[-69.268,19.34],[-69.267,19.34],[-69.267,19.337],[-69.268,19.336],[-69.266,19.336],[-69.266,19.335],[-69.265,19.335],[-69.265,19.334],[-69.273,19.334],[-69.273,19.333],[-69.275,19.333],[-69.275,19.334],[-69.277,19.334],[-69.277,19.333],[-69.282,19.333],[-69.282,19.332],[-69.287,19.332],[-69.287,19.331],[-69.289,19.331],[-69.29,19.329],[-69.291,19.328],[-69.291,19.327],[-69.293,19.325],[-69.293,19.324],[-69.294,19.323],[-69.294,19.322],[-69.297,19.322],[-69.296,19.321],[-69.297,19.321],[-69.297,19.32],[-69.299,19.32],[-69.299,19.321],[-69.303,19.321],[-69.304,19.32],[-69.306,19.32],[-69.306,19.318],[-69.305,19.318],[-69.306,19.317],[-69.306,19.316],[-69.307,19.317],[-69.307,19.316],[-69.309,19.315],[-69.31,19.314],[-69.31,19.313],[-69.313,19.313],[-69.314,19.312],[-69.314,19.311],[-69.316,19.311],[-69.317,19.31],[-69.318,19.31],[-69.319,19.309],[-69.32,19.308],[-69.321,19.308],[-69.321,19.307],[-69.322,19.306],[-69.322,19.305],[-69.323,19.305],[-69.324,19.304],[-69.324,19.303],[-69.325,19.303],[-69.325,19.3],[-69.323,19.298],[-69.323,19.297],[-69.324,19.296],[-69.323,19.296],[-69.324,19.295],[-69.324,19.293],[-69.325,19.292],[-69.325,19.291],[-69.324,19.291],[-69.325,19.29],[-69.324,19.29],[-69.324,19.288],[-69.325,19.288],[-69.325,19.285],[-69.326,19.285],[-69.327,19.284],[-69.329,19.284],[-69.329,19.283],[-69.334,19.283],[-69.335,19.284],[-69.337,19.284],[-69.337,19.285],[-69.338,19.285],[-69.337,19.286],[-69.338,19.287],[-69.338,19.289],[-69.341,19.289],[-69.342,19.288],[-69.343,19.288],[-69.344,19.289],[-69.345,19.289],[-69.345,19.29],[-69.346,19.29],[-69.346,19.291],[-69.347,19.291],[-69.348,19.292],[-69.349,19.293],[-69.349,19.294],[-69.35,19.295],[-69.35,19.296],[-69.351,19.296],[-69.352,19.297],[-69.352,19.298],[-69.353,19.298],[-69.353,19.299],[-69.354,19.3],[-69.354,19.303],[-69.355,19.303],[-69.356,19.304],[-69.357,19.303],[-69.357,19.304],[-69.358,19.303],[-69.359,19.303],[-69.359,19.302],[-69.373,19.302],[-69.374,19.303],[-69.376,19.303],[-69.376,19.306],[-69.378,19.306],[-69.378,19.307],[-69.379,19.307],[-69.38,19.308],[-69.38,19.309],[-69.379,19.309],[-69.38,19.31],[-69.38,19.312],[-69.381,19.312],[-69.381,19.311],[-69.382,19.311],[-69.382,19.312],[-69.386,19.312],[-69.387,19.311],[-69.387,19.308],[-69.391,19.308],[-69.392,19.309],[-69.393,19.309],[-69.394,19.31],[-69.395,19.311],[-69.396,19.312],[-69.397,19.313],[-69.398,19.313],[-69.399,19.314],[-69.401,19.314],[-69.401,19.315],[-69.402,19.315],[-69.403,19.317],[-69.404,19.317],[-69.405,19.316],[-69.406,19.317],[-69.408,19.317],[-69.409,19.318],[-69.409,19.319],[-69.41,19.319],[-69.411,19.32],[-69.412,19.32],[-69.413,19.321],[-69.414,19.321],[-69.414,19.322],[-69.416,19.322],[-69.416,19.321],[-69.418,19.321],[-69.418,19.32],[-69.417,19.32],[-69.417,19.319],[-69.416,19.319],[-69.417,19.318],[-69.418,19.317],[-69.42,19.316],[-69.423,19.316],[-69.423,19.315],[-69.424,19.315],[-69.425,19.314],[-69.427,19.314],[-69.428,19.315],[-69.429,19.315],[-69.431,19.317],[-69.434,19.318],[-69.435,19.319],[-69.436,19.32],[-69.436,19.322],[-69.437,19.322],[-69.437,19.325],[-69.439,19.325],[-69.439,19.326],[-69.442,19.326],[-69.443,19.327],[-69.444,19.326],[-69.444,19.324],[-69.445,19.324],[-69.445,19.322],[-69.446,19.322],[-69.447,19.321],[-69.451,19.321],[-69.452,19.322],[-69.453,19.323],[-69.453,19.326],[-69.456,19.327],[-69.456,19.326],[-69.461,19.326],[-69.461,19.327],[-69.463,19.327],[-69.463,19.328],[-69.464,19.327],[-69.469,19.327],[-69.47,19.326],[-69.475,19.326],[-69.475,19.325],[-69.476,19.325],[-69.477,19.324],[-69.48,19.324],[-69.481,19.325],[-69.482,19.324],[-69.484,19.324],[-69.484,19.323],[-69.49,19.323],[-69.491,19.324],[-69.492,19.324],[-69.492,19.325],[-69.494,19.325],[-69.495,19.326],[-69.496,19.326],[-69.496,19.325],[-69.499,19.325],[-69.5,19.326],[-69.501,19.326],[-69.501,19.327],[-69.502,19.327],[-69.502,19.326],[-69.506,19.326],[-69.507,19.327],[-69.507,19.328],[-69.508,19.327],[-69.516,19.327],[-69.516,19.326],[-69.517,19.326],[-69.518,19.325],[-69.523,19.325],[-69.524,19.324],[-69.526,19.324],[-69.527,19.325],[-69.528,19.325],[-69.528,19.327],[-69.529,19.327],[-69.529,19.326],[-69.53,19.326],[-69.53,19.325],[-69.531,19.325],[-69.531,19.324],[-69.533,19.324],[-69.534,19.323],[-69.536,19.323],[-69.536,19.322],[-69.537,19.322],[-69.538,19.323],[-69.538,19.322],[-69.54,19.322],[-69.541,19.323],[-69.542,19.323],[-69.543,19.324],[-69.543,19.325],[-69.544,19.325],[-69.544,19.326],[-69.545,19.327],[-69.548,19.327],[-69.548,19.326],[-69.552,19.326],[-69.552,19.325],[-69.553,19.324],[-69.555,19.322],[-69.555,19.321],[-69.556,19.321],[-69.556,19.32],[-69.557,19.319],[-69.558,19.319],[-69.558,19.32],[-69.56,19.32],[-69.56,19.321],[-69.561,19.32],[-69.561,19.321],[-69.563,19.321],[-69.563,19.32],[-69.562,19.32],[-69.562,19.318],[-69.564,19.318],[-69.564,19.317],[-69.563,19.317],[-69.563,19.315],[-69.564,19.315],[-69.564,19.314],[-69.571,19.314],[-69.571,19.315],[-69.574,19.315],[-69.574,19.316],[-69.575,19.316],[-69.575,19.307],[-69.576,19.306],[-69.576,19.305],[-69.577,19.304],[-69.579,19.303],[-69.58,19.302],[-69.581,19.302],[-69.581,19.301],[-69.583,19.301],[-69.584,19.3],[-69.585,19.301],[-69.587,19.301],[-69.587,19.3],[-69.588,19.3],[-69.59,19.298],[-69.592,19.298],[-69.592,19.297],[-69.596,19.297],[-69.598,19.296],[-69.598,19.297],[-69.6,19.296],[-69.605,19.296],[-69.606,19.297],[-69.607,19.297],[-69.607,19.296],[-69.612,19.296],[-69.613,19.295],[-69.615,19.295],[-69.615,19.294],[-69.621,19.294],[-69.621,19.295],[-69.622,19.295],[-69.622,19.294],[-69.623,19.295],[-69.624,19.295],[-69.624,19.294],[-69.627,19.294],[-69.627,19.295],[-69.628,19.294],[-69.629,19.294],[-69.63,19.295],[-69.633,19.295],[-69.633,19.294],[-69.64,19.294],[-69.64,19.293],[-69.641,19.293],[-69.641,19.294],[-69.652,19.294],[-69.652,19.295],[-69.653,19.294],[-69.655,19.294],[-69.656,19.293],[-69.657,19.293],[-69.657,19.292],[-69.658,19.291],[-69.659,19.291],[-69.66,19.29],[-69.663,19.289],[-69.665,19.289],[-69.667,19.287],[-69.669,19.287],[-69.669,19.286],[-69.67,19.286],[-69.671,19.285],[-69.672,19.284],[-69.673,19.284],[-69.674,19.283],[-69.677,19.283],[-69.678,19.282],[-69.684,19.282],[-69.684,19.283],[-69.686,19.282],[-69.689,19.281],[-69.69,19.28],[-69.691,19.28],[-69.692,19.279],[-69.696,19.279],[-69.696,19.278],[-69.702,19.278],[-69.703,19.277],[-69.704,19.277],[-69.706,19.276],[-69.722,19.276],[-69.723,19.277],[-69.725,19.277],[-69.727,19.278],[-69.727,19.277],[-69.728,19.278],[-69.731,19.278],[-69.732,19.279],[-69.736,19.279],[-69.736,19.28],[-69.738,19.28],[-69.739,19.281],[-69.741,19.281],[-69.742,19.282],[-69.744,19.282],[-69.745,19.283],[-69.746,19.284],[-69.748,19.284],[-69.748,19.282],[-69.745,19.282],[-69.745,19.281],[-69.744,19.281],[-69.744,19.278],[-69.745,19.278],[-69.746,19.277],[-69.747,19.276],[-69.749,19.276],[-69.749,19.277],[-69.75,19.277],[-69.75,19.278],[-69.751,19.278],[-69.752,19.279],[-69.755,19.279],[-69.756,19.28],[-69.757,19.279],[-69.758,19.28],[-69.761,19.28],[-69.762,19.281],[-69.764,19.282],[-69.764,19.283],[-69.769,19.283],[-69.77,19.282],[-69.771,19.281],[-69.772,19.28],[-69.772,19.277]],[[-69.556,19.084],[-69.556,19.083],[-69.557,19.084],[-69.556,19.084]],[[-69.59,19.082],[-69.589,19.081],[-69.59,19.081],[-69.59,19.082]],[[-69.597,19.078],[-69.597,19.079],[-69.596,19.079],[-69.596,19.078],[-69.597,19.078]]],[[[-69.609,19.081],[-69.608,19.08],[-69.608,19.082],[-69.609,19.082],[-69.609,19.081]]],[[[-69.608,19.081],[-69.607,19.08],[-69.607,19.079],[-69.606,19.079],[-69.606,19.081],[-69.608,19.081]]],[[[-69.595,19.082],[-69.594,19.082],[-69.594,19.083],[-69.595,19.082]]],[[[-69.579,19.085],[-69.578,19.085],[-69.578,19.086],[-69.579,19.086],[-69.579,19.085]]],[[[-69.449,19.201],[-69.448,19.2],[-69.4485,19.201],[-69.449,19.201]]],[[[-69.448,19.199],[-69.447,19.198],[-69.446,19.198],[-69.448,19.2],[-69.448,19.199]]],[[[-69.425,19.328],[-69.422,19.328],[-69.422,19.329],[-69.423,19.33],[-69.423,19.331],[-69.424,19.331],[-69.425,19.329],[-69.425,19.328]]],[[[-69.413,19.321],[-69.412,19.321],[-69.412,19.322],[-69.413,19.322],[-69.413,19.321]]],[[[-69.37526,19.30567],[-69.37523,19.30555],[-69.37514,19.30541],[-69.37506,19.30534],[-69.37492,19.30531],[-69.37485,19.30541],[-69.3749,19.30561],[-69.3751,19.30577],[-69.37522,19.30573],[-69.37526,19.30567]]],[[[-69.329,19.195],[-69.327,19.195],[-69.329,19.196],[-69.329,19.195]]],[[[-69.326,19.194],[-69.325,19.194],[-69.325,19.195],[-69.326,19.195],[-69.326,19.194]]],[[[-69.32227,19.19268],[-69.32207,19.19262],[-69.32207,19.19291],[-69.32226,19.19293],[-69.32227,19.19268]]],[[[-69.322,19.192],[-69.321,19.192],[-69.322,19.193],[-69.322,19.192]]],[[[-69.296,19.19],[-69.295,19.19],[-69.296,19.191],[-69.296,19.19]]],[[[-69.28,19.166],[-69.277,19.166],[-69.276,19.165],[-69.272,19.165],[-69.272,19.167],[-69.274,19.167],[-69.274,19.168],[-69.279,19.168],[-69.28,19.169],[-69.28,19.166]]],[[[-69.27635,19.18439],[-69.27634,19.18436],[-69.27633,19.18435],[-69.27629,19.18435],[-69.27627,19.18437],[-69.27628,19.18442],[-69.27633,19.18444],[-69.27635,19.18441],[-69.27635,19.18439]]],[[[-69.2763,19.18415],[-69.27629,19.18412],[-69.27627,19.1841],[-69.27627,19.18404],[-69.27623,19.18403],[-69.27615,19.18403],[-69.27613,19.18404],[-69.27612,19.18407],[-69.27614,19.18418],[-69.27612,19.18425],[-69.27615,19.18429],[-69.27618,19.18429],[-69.27621,19.18432],[-69.27627,19.18433],[-69.27629,19.1843],[-69.27627,19.18423],[-69.27629,19.18419],[-69.2763,19.18415]]],[[[-69.276,19.163],[-69.275,19.163],[-69.275,19.164],[-69.276,19.164],[-69.276,19.163]]],[[[-69.276,19.183],[-69.275,19.183],[-69.276,19.184],[-69.276,19.183]]],[[[-69.27493,19.18514],[-69.27492,19.18506],[-69.27491,19.185],[-69.2749,19.18497],[-69.27487,19.18493],[-69.27476,19.18488],[-69.27471,19.1849],[-69.2747,19.18491],[-69.2747,19.18493],[-69.27465,19.18498],[-69.27466,19.18506],[-69.27463,19.18508],[-69.27462,19.18516],[-69.27469,19.18518],[-69.27479,19.1852],[-69.27485,19.18518],[-69.27493,19.18514]]],[[[-69.271,19.168],[-69.27,19.168],[-69.27,19.169],[-69.269,19.169],[-69.269,19.17],[-69.271,19.17],[-69.271,19.168]]],[[[-69.27078,19.16608],[-69.27069,19.16598],[-69.2705,19.1659],[-69.27022,19.16578],[-69.27005,19.16576],[-69.26968,19.16574],[-69.26972,19.16596],[-69.26998,19.16594],[-69.27044,19.16612],[-69.27073,19.16608],[-69.27078,19.16608]]],[[[-69.26966,19.16823],[-69.26951,19.16815],[-69.26936,19.16809],[-69.26925,19.16813],[-69.26929,19.16825],[-69.26944,19.1683],[-69.26966,19.16823]]],[[[-69.214,19.316],[-69.2134874074074,19.316512592592595],[-69.21342,19.31632],[-69.21333,19.31629],[-69.21318,19.31648],[-69.21327,19.31669],[-69.21332454545454,19.316675454545457],[-69.213,19.317],[-69.214,19.317],[-69.214,19.316]]],[[[-69.21227,19.31652],[-69.21221,19.3164],[-69.21214,19.31643],[-69.2121,19.31638],[-69.21216,19.31633],[-69.21222,19.31612],[-69.21199,19.31605],[-69.21187,19.31653],[-69.21196,19.31665],[-69.21214,19.31659],[-69.21227,19.31652]]],[[[-69.21168,19.31592],[-69.21153,19.31583],[-69.21135,19.31582],[-69.21102,19.31581],[-69.21096,19.31588],[-69.21082,19.31581],[-69.21095,19.31594],[-69.2111,19.31605],[-69.21134,19.31609],[-69.2116,19.31604],[-69.21168,19.31592]]],[[[-69.21082,19.31581],[-69.21079,19.31572],[-69.21055,19.31573],[-69.21034,19.31575],[-69.21032,19.31586],[-69.21075,19.31591],[-69.21082,19.31581]]],[[[-69.2,19.298],[-69.199,19.298],[-69.2,19.299],[-69.2,19.298]]]]}},{"type":"Feature","properties":{"shapeName":"Monseñor Nouel","provinceKey":"monsenornouel","shapeType":"ADM1"},"geometry":{"type":"MultiPolygon","coordinates":[[[[-70.583,18.912],[-70.582,18.911],[-70.58,18.91],[-70.577,18.909],[-70.574,18.909],[-70.574,18.908],[-70.573,18.907],[-70.573,18.903],[-70.574,18.903],[-70.574,18.9],[-70.575,18.899],[-70.573,18.897],[-70.573,18.896],[-70.572,18.896],[-70.571,18.894],[-70.568,18.891],[-70.564,18.889],[-70.563,18.888],[-70.563,18.887],[-70.562,18.887],[-70.562,18.886],[-70.563,18.886],[-70.564,18.885],[-70.564,18.883],[-70.565,18.883],[-70.566,18.873],[-70.567,18.873],[-70.567,18.871],[-70.566,18.87],[-70.565,18.87],[-70.564,18.869],[-70.563,18.869],[-70.563,18.868],[-70.562,18.868],[-70.561,18.867],[-70.559,18.866],[-70.558,18.865],[-70.556,18.865],[-70.556,18.859],[-70.558,18.859],[-70.558,18.857],[-70.559,18.857],[-70.559,18.856],[-70.56,18.856],[-70.56,18.853],[-70.561,18.853],[-70.561,18.852],[-70.562,18.851],[-70.562,18.848],[-70.563,18.847],[-70.563,18.846],[-70.564,18.846],[-70.564,18.843],[-70.565,18.843],[-70.565,18.842],[-70.566,18.841],[-70.566,18.837],[-70.565,18.835],[-70.565,18.834],[-70.566,18.834],[-70.566,18.833],[-70.565,18.833],[-70.565,18.83],[-70.564,18.83],[-70.564,18.828],[-70.563,18.827],[-70.561,18.826],[-70.559,18.825],[-70.557,18.824],[-70.557,18.823],[-70.556,18.822],[-70.555,18.821],[-70.555,18.82],[-70.553,18.818],[-70.552,18.817],[-70.552,18.816],[-70.551,18.815],[-70.55,18.814],[-70.549,18.812],[-70.549,18.809],[-70.548,18.807],[-70.548,18.805],[-70.547,18.804],[-70.546,18.803],[-70.545,18.8],[-70.544,18.8],[-70.544,18.797],[-70.545,18.796],[-70.544,18.796],[-70.543,18.797],[-70.539,18.797],[-70.538,18.796],[-70.534,18.796],[-70.533,18.795],[-70.532,18.795],[-70.531,18.794],[-70.53,18.794],[-70.529,18.793],[-70.526,18.793],[-70.525,18.794],[-70.523,18.794],[-70.522,18.795],[-70.519,18.795],[-70.519,18.794],[-70.516,18.794],[-70.515,18.793],[-70.515,18.792],[-70.514,18.791],[-70.514,18.789],[-70.513,18.788],[-70.512,18.786],[-70.511,18.785],[-70.51,18.783],[-70.509,18.782],[-70.509,18.781],[-70.508,18.781],[-70.508,18.78],[-70.507,18.779],[-70.506,18.778],[-70.505,18.777],[-70.504,18.775],[-70.503,18.774],[-70.503,18.773],[-70.502,18.773],[-70.502,18.772],[-70.501,18.772],[-70.501,18.771],[-70.499,18.77],[-70.498,18.769],[-70.496,18.768],[-70.495,18.767],[-70.494,18.766],[-70.493,18.765],[-70.492,18.765],[-70.49,18.764],[-70.488,18.762],[-70.487,18.761],[-70.486,18.76],[-70.485,18.759],[-70.485,18.757],[-70.484,18.756],[-70.484,18.755],[-70.483,18.754],[-70.482,18.753],[-70.482,18.751],[-70.481,18.75],[-70.481,18.749],[-70.48,18.748],[-70.479,18.747],[-70.477,18.747],[-70.475,18.746],[-70.474,18.745],[-70.472,18.745],[-70.469,18.744],[-70.467,18.743],[-70.465,18.743],[-70.461,18.742],[-70.457,18.742],[-70.457,18.743],[-70.456,18.744],[-70.456,18.745],[-70.457,18.746],[-70.457,18.747],[-70.456,18.748],[-70.455,18.749],[-70.456,18.75],[-70.456,18.756],[-70.454,18.757],[-70.453,18.757],[-70.452,18.758],[-70.451,18.759],[-70.449,18.76],[-70.449,18.761],[-70.448,18.762],[-70.448,18.763],[-70.447,18.765],[-70.446,18.765],[-70.445,18.764],[-70.442,18.764],[-70.441,18.763],[-70.44,18.762],[-70.439,18.762],[-70.439,18.761],[-70.438,18.76],[-70.437,18.76],[-70.437,18.759],[-70.436,18.758],[-70.436,18.757],[-70.435,18.756],[-70.434,18.756],[-70.434,18.755],[-70.432,18.754],[-70.426,18.754],[-70.424,18.755],[-70.421,18.756],[-70.419,18.756],[-70.419,18.757],[-70.417,18.759],[-70.416,18.76],[-70.415,18.76],[-70.415,18.761],[-70.413,18.761],[-70.412,18.762],[-70.41,18.762],[-70.41,18.761],[-70.409,18.761],[-70.409,18.755],[-70.408,18.755],[-70.408,18.754],[-70.405,18.754],[-70.403,18.755],[-70.4,18.755],[-70.398,18.756],[-70.397,18.755],[-70.397,18.754],[-70.396,18.754],[-70.396,18.753],[-70.394,18.753],[-70.393,18.752],[-70.392,18.752],[-70.391,18.751],[-70.389,18.751],[-70.389,18.75],[-70.388,18.75],[-70.389,18.749],[-70.389,18.746],[-70.388,18.745],[-70.387,18.744],[-70.386,18.744],[-70.385,18.743],[-70.384,18.743],[-70.383,18.742],[-70.382,18.741],[-70.382,18.74],[-70.381,18.74],[-70.381,18.739],[-70.38,18.738],[-70.38,18.736],[-70.379,18.735],[-70.378,18.734],[-70.375,18.734],[-70.374,18.733],[-70.372,18.733],[-70.371,18.732],[-70.369,18.731],[-70.364,18.731],[-70.362,18.73],[-70.359,18.729],[-70.355,18.729],[-70.352,18.728],[-70.35,18.728],[-70.348,18.727],[-70.345,18.727],[-70.345,18.726],[-70.343,18.726],[-70.343,18.725],[-70.341,18.723],[-70.339,18.722],[-70.338,18.721],[-70.337,18.721],[-70.336,18.72],[-70.335,18.719],[-70.334,18.718],[-70.332,18.718],[-70.332,18.717],[-70.331,18.717],[-70.33,18.715],[-70.328,18.716],[-70.326,18.717],[-70.325,18.718],[-70.324,18.718],[-70.322,18.719],[-70.321,18.719],[-70.32,18.72],[-70.319,18.72],[-70.318,18.721],[-70.316,18.721],[-70.315,18.722],[-70.314,18.722],[-70.314,18.723],[-70.313,18.724],[-70.312,18.726],[-70.312,18.727],[-70.311,18.728],[-70.31,18.729],[-70.309,18.729],[-70.309,18.73],[-70.308,18.731],[-70.308,18.732],[-70.307,18.733],[-70.306,18.733],[-70.305,18.734],[-70.303,18.734],[-70.303,18.735],[-70.302,18.735],[-70.302,18.736],[-70.301,18.736],[-70.301,18.737],[-70.3,18.737],[-70.299,18.738],[-70.298,18.739],[-70.298,18.74],[-70.297,18.742],[-70.297,18.747],[-70.298,18.747],[-70.298,18.748],[-70.297,18.749],[-70.296,18.75],[-70.296,18.751],[-70.295,18.751],[-70.295,18.755],[-70.296,18.756],[-70.298,18.759],[-70.3,18.763],[-70.301,18.764],[-70.302,18.767],[-70.303,18.77],[-70.303,18.776],[-70.302,18.777],[-70.301,18.778],[-70.299,18.779],[-70.297,18.78],[-70.294,18.78],[-70.293,18.783],[-70.291,18.785],[-70.291,18.788],[-70.29,18.789],[-70.289,18.79],[-70.286,18.791],[-70.286,18.792],[-70.282,18.793],[-70.276,18.795],[-70.275,18.796],[-70.274,18.798],[-70.272,18.8],[-70.265,18.8],[-70.263,18.801],[-70.262,18.801],[-70.256,18.803],[-70.253,18.804],[-70.252,18.806],[-70.25,18.808],[-70.249,18.808],[-70.249,18.809],[-70.248,18.81],[-70.248,18.812],[-70.247,18.813],[-70.246,18.814],[-70.246,18.818],[-70.245,18.82],[-70.245,18.822],[-70.246,18.826],[-70.248,18.83],[-70.248,18.832],[-70.247,18.833],[-70.246,18.834],[-70.246,18.839],[-70.247,18.839],[-70.247,18.842],[-70.246,18.842],[-70.245,18.843],[-70.244,18.843],[-70.244,18.844],[-70.242,18.844],[-70.242,18.845],[-70.24,18.845],[-70.24,18.846],[-70.239,18.846],[-70.239,18.847],[-70.238,18.847],[-70.238,18.848],[-70.236,18.848],[-70.236,18.849],[-70.232,18.849],[-70.232,18.852],[-70.233,18.852],[-70.233,18.853],[-70.232,18.853],[-70.232,18.856],[-70.231,18.856],[-70.23,18.857],[-70.229,18.857],[-70.229,18.859],[-70.228,18.859],[-70.228,18.86],[-70.227,18.86],[-70.227,18.861],[-70.226,18.861],[-70.226,18.864],[-70.225,18.864],[-70.225,18.866],[-70.224,18.866],[-70.224,18.869],[-70.226,18.869],[-70.226,18.87],[-70.224,18.87],[-70.224,18.871],[-70.223,18.872],[-70.223,18.873],[-70.224,18.873],[-70.224,18.874],[-70.222,18.874],[-70.222,18.876],[-70.223,18.877],[-70.223,18.878],[-70.222,18.878],[-70.222,18.881],[-70.225,18.881],[-70.225,18.882],[-70.226,18.882],[-70.226,18.883],[-70.227,18.883],[-70.227,18.884],[-70.228,18.884],[-70.229,18.885],[-70.23,18.886],[-70.232,18.886],[-70.232,18.887],[-70.234,18.887],[-70.234,18.888],[-70.235,18.888],[-70.235,18.889],[-70.234,18.889],[-70.234,18.891],[-70.233,18.891],[-70.233,18.892],[-70.232,18.893],[-70.232,18.894],[-70.235,18.894],[-70.235,18.895],[-70.236,18.895],[-70.236,18.896],[-70.234,18.896],[-70.234,18.897],[-70.235,18.897],[-70.235,18.898],[-70.237,18.898],[-70.237,18.901],[-70.239,18.901],[-70.239,18.902],[-70.244,18.902],[-70.244,18.901],[-70.245,18.901],[-70.245,18.904],[-70.246,18.904],[-70.246,18.905],[-70.247,18.906],[-70.247,18.905],[-70.249,18.905],[-70.249,18.909],[-70.25,18.909],[-70.25,18.908],[-70.251,18.908],[-70.251,18.91],[-70.254,18.91],[-70.254,18.911],[-70.255,18.911],[-70.255,18.91],[-70.256,18.91],[-70.256,18.908],[-70.257,18.908],[-70.257,18.909],[-70.258,18.909],[-70.258,18.911],[-70.257,18.911],[-70.257,18.912],[-70.258,18.912],[-70.258,18.913],[-70.255,18.913],[-70.255,18.914],[-70.256,18.914],[-70.256,18.915],[-70.257,18.915],[-70.257,18.916],[-70.256,18.916],[-70.256,18.917],[-70.257,18.918],[-70.257,18.919],[-70.258,18.919],[-70.258,18.921],[-70.257,18.921],[-70.257,18.923],[-70.256,18.923],[-70.256,18.924],[-70.255,18.925],[-70.255,18.927],[-70.256,18.927],[-70.256,18.93],[-70.257,18.93],[-70.258,18.929],[-70.262,18.929],[-70.265,18.928],[-70.266,18.929],[-70.267,18.929],[-70.269,18.931],[-70.27,18.932],[-70.271,18.933],[-70.277,18.933],[-70.278,18.934],[-70.279,18.934],[-70.28,18.935],[-70.281,18.935],[-70.281,18.934],[-70.282,18.934],[-70.282,18.933],[-70.286,18.933],[-70.287,18.932],[-70.288,18.932],[-70.289,18.933],[-70.292,18.933],[-70.292,18.935],[-70.293,18.937],[-70.294,18.939],[-70.295,18.94],[-70.296,18.941],[-70.297,18.942],[-70.298,18.946],[-70.299,18.947],[-70.301,18.948],[-70.301,18.949],[-70.3,18.951],[-70.301,18.952],[-70.303,18.952],[-70.303,18.953],[-70.307,18.953],[-70.307,18.952],[-70.308,18.952],[-70.308,18.953],[-70.309,18.953],[-70.309,18.954],[-70.311,18.954],[-70.311,18.955],[-70.312,18.955],[-70.312,18.957],[-70.319,18.957],[-70.32,18.958],[-70.319,18.959],[-70.319,18.96],[-70.32,18.96],[-70.32,18.961],[-70.321,18.962],[-70.321,18.964],[-70.322,18.964],[-70.322,18.965],[-70.323,18.965],[-70.323,18.966],[-70.324,18.966],[-70.324,18.968],[-70.325,18.968],[-70.325,18.969],[-70.326,18.969],[-70.326,18.971],[-70.327,18.972],[-70.328,18.972],[-70.328,18.975],[-70.329,18.975],[-70.329,18.976],[-70.33,18.976],[-70.33,18.978],[-70.331,18.979],[-70.33,18.979],[-70.33,18.98],[-70.329,18.98],[-70.33,18.981],[-70.329,18.982],[-70.328,18.983],[-70.328,18.984],[-70.329,18.984],[-70.328,18.985],[-70.327,18.986],[-70.328,18.986],[-70.329,18.987],[-70.328,18.988],[-70.33,18.988],[-70.331,18.989],[-70.331,18.991],[-70.333,18.991],[-70.334,18.992],[-70.336,18.992],[-70.336,18.993],[-70.338,18.993],[-70.338,18.992],[-70.345,18.992],[-70.345,18.993],[-70.348,18.993],[-70.348,18.994],[-70.349,18.994],[-70.349,18.993],[-70.35,18.993],[-70.351,18.994],[-70.352,18.994],[-70.352,18.995],[-70.355,18.995],[-70.355,18.994],[-70.356,18.994],[-70.357,18.995],[-70.359,18.995],[-70.359,18.996],[-70.361,18.996],[-70.362,18.997],[-70.363,18.997],[-70.363,18.999],[-70.364,18.999],[-70.364,19],[-70.365,19],[-70.366,19.001],[-70.367,19.001],[-70.367,19.008],[-70.368,19.008],[-70.368,19.011],[-70.369,19.012],[-70.369,19.013],[-70.37,19.014],[-70.371,19.014],[-70.371,19.016],[-70.37,19.017],[-70.369,19.017],[-70.369,19.02],[-70.37,19.02],[-70.37,19.022],[-70.371,19.022],[-70.371,19.025],[-70.37,19.025],[-70.37,19.03],[-70.371,19.032],[-70.371,19.033],[-70.37,19.034],[-70.37,19.035],[-70.369,19.036],[-70.369,19.039],[-70.368,19.04],[-70.368,19.041],[-70.367,19.042],[-70.367,19.043],[-70.368,19.045],[-70.37,19.045],[-70.37,19.046],[-70.371,19.046],[-70.372,19.048],[-70.372,19.049],[-70.373,19.05],[-70.374,19.05],[-70.375,19.051],[-70.375,19.054],[-70.376,19.055],[-70.376,19.061],[-70.377,19.061],[-70.377,19.064],[-70.378,19.064],[-70.377,19.065],[-70.381,19.065],[-70.381,19.066],[-70.382,19.066],[-70.382,19.067],[-70.383,19.067],[-70.384,19.068],[-70.386,19.069],[-70.388,19.071],[-70.388,19.072],[-70.387,19.072],[-70.387,19.073],[-70.388,19.073],[-70.388,19.076],[-70.389,19.076],[-70.389,19.077],[-70.391,19.077],[-70.391,19.079],[-70.392,19.078],[-70.392,19.08],[-70.393,19.08],[-70.394,19.081],[-70.393,19.081],[-70.393,19.082],[-70.395,19.082],[-70.396,19.083],[-70.396,19.084],[-70.397,19.085],[-70.398,19.085],[-70.398,19.086],[-70.399,19.086],[-70.399,19.087],[-70.4,19.086],[-70.4,19.087],[-70.401,19.088],[-70.402,19.088],[-70.402,19.089],[-70.403,19.09],[-70.402,19.09],[-70.403,19.091],[-70.404,19.09],[-70.404,19.091],[-70.405,19.091],[-70.405,19.093],[-70.406,19.093],[-70.406,19.094],[-70.407,19.094],[-70.407,19.095],[-70.409,19.095],[-70.409,19.098],[-70.408,19.098],[-70.408,19.103],[-70.407,19.105],[-70.407,19.108],[-70.408,19.109],[-70.408,19.11],[-70.41,19.112],[-70.411,19.114],[-70.412,19.114],[-70.412,19.115],[-70.413,19.115],[-70.415,19.118],[-70.417,19.119],[-70.418,19.12],[-70.419,19.121],[-70.42,19.121],[-70.42,19.122],[-70.422,19.123],[-70.423,19.123],[-70.424,19.124],[-70.424,19.125],[-70.425,19.126],[-70.426,19.127],[-70.427,19.128],[-70.429,19.128],[-70.429,19.129],[-70.43,19.129],[-70.431,19.13],[-70.433,19.132],[-70.434,19.132],[-70.434,19.131],[-70.437,19.131],[-70.437,19.13],[-70.442,19.13],[-70.442,19.127],[-70.441,19.127],[-70.441,19.125],[-70.439,19.125],[-70.439,19.124],[-70.44,19.124],[-70.44,19.122],[-70.442,19.122],[-70.442,19.121],[-70.444,19.121],[-70.444,19.12],[-70.445,19.12],[-70.445,19.118],[-70.444,19.117],[-70.445,19.117],[-70.445,19.114],[-70.444,19.114],[-70.444,19.11],[-70.443,19.11],[-70.443,19.108],[-70.444,19.108],[-70.444,19.107],[-70.445,19.107],[-70.446,19.106],[-70.452,19.106],[-70.453,19.105],[-70.454,19.104],[-70.455,19.104],[-70.456,19.103],[-70.461,19.103],[-70.463,19.102],[-70.464,19.101],[-70.465,19.101],[-70.466,19.1],[-70.468,19.098],[-70.469,19.098],[-70.47,19.099],[-70.471,19.099],[-70.471,19.101],[-70.472,19.102],[-70.473,19.102],[-70.473,19.103],[-70.475,19.104],[-70.476,19.105],[-70.478,19.104],[-70.477,19.104],[-70.477,19.103],[-70.476,19.103],[-70.476,19.099],[-70.477,19.099],[-70.477,19.096],[-70.478,19.096],[-70.479,19.095],[-70.48,19.094],[-70.481,19.094],[-70.483,19.093],[-70.484,19.094],[-70.485,19.094],[-70.488,19.097],[-70.492,19.101],[-70.494,19.103],[-70.494,19.104],[-70.496,19.105],[-70.498,19.107],[-70.5,19.109],[-70.502,19.111],[-70.503,19.112],[-70.503,19.113],[-70.505,19.113],[-70.506,19.114],[-70.507,19.115],[-70.509,19.116],[-70.51,19.115],[-70.512,19.114],[-70.513,19.113],[-70.514,19.111],[-70.514,19.11],[-70.515,19.109],[-70.516,19.109],[-70.517,19.108],[-70.519,19.108],[-70.519,19.109],[-70.524,19.109],[-70.524,19.108],[-70.525,19.108],[-70.526,19.107],[-70.527,19.107],[-70.528,19.106],[-70.529,19.106],[-70.529,19.107],[-70.53,19.107],[-70.53,19.106],[-70.536,19.106],[-70.536,19.105],[-70.537,19.105],[-70.537,19.103],[-70.538,19.103],[-70.538,19.097],[-70.537,19.097],[-70.535,19.095],[-70.534,19.095],[-70.534,19.094],[-70.533,19.094],[-70.533,19.092],[-70.532,19.091],[-70.531,19.09],[-70.531,19.089],[-70.53,19.089],[-70.53,19.088],[-70.529,19.087],[-70.529,19.085],[-70.53,19.084],[-70.53,19.081],[-70.529,19.08],[-70.528,19.079],[-70.527,19.078],[-70.527,19.076],[-70.528,19.076],[-70.528,19.075],[-70.527,19.074],[-70.526,19.073],[-70.526,19.072],[-70.525,19.071],[-70.524,19.071],[-70.524,19.07],[-70.523,19.068],[-70.522,19.066],[-70.522,19.064],[-70.521,19.063],[-70.52,19.062],[-70.52,19.058],[-70.521,19.056],[-70.52,19.055],[-70.52,19.053],[-70.519,19.051],[-70.518,19.05],[-70.518,19.049],[-70.517,19.049],[-70.517,19.048],[-70.518,19.047],[-70.518,19.042],[-70.517,19.041],[-70.518,19.04],[-70.518,19.038],[-70.519,19.038],[-70.519,19.035],[-70.518,19.035],[-70.518,19.034],[-70.517,19.034],[-70.516,19.033],[-70.515,19.032],[-70.515,19.03],[-70.516,19.03],[-70.516,19.029],[-70.517,19.029],[-70.517,19.028],[-70.516,19.028],[-70.516,19.026],[-70.517,19.024],[-70.517,19.022],[-70.516,19.021],[-70.514,19.019],[-70.513,19.018],[-70.513,19.017],[-70.514,19.016],[-70.514,19.015],[-70.515,19.015],[-70.515,19.011],[-70.516,19.009],[-70.516,19.007],[-70.514,19.005],[-70.514,19.002],[-70.518,19.002],[-70.519,19.001],[-70.519,19],[-70.521,19],[-70.522,18.999],[-70.524,18.997],[-70.525,18.997],[-70.526,18.996],[-70.527,18.995],[-70.529,18.995],[-70.53,18.996],[-70.533,18.996],[-70.533,18.995],[-70.534,18.994],[-70.536,18.994],[-70.537,18.993],[-70.537,18.99],[-70.538,18.99],[-70.538,18.988],[-70.539,18.988],[-70.539,18.985],[-70.54,18.984],[-70.541,18.983],[-70.542,18.983],[-70.542,18.982],[-70.543,18.982],[-70.543,18.981],[-70.544,18.98],[-70.544,18.979],[-70.545,18.979],[-70.545,18.977],[-70.546,18.977],[-70.546,18.976],[-70.547,18.975],[-70.548,18.974],[-70.548,18.973],[-70.549,18.972],[-70.548,18.971],[-70.548,18.965],[-70.55,18.965],[-70.55,18.964],[-70.551,18.964],[-70.552,18.963],[-70.552,18.962],[-70.553,18.962],[-70.553,18.959],[-70.552,18.958],[-70.552,18.953],[-70.551,18.952],[-70.551,18.951],[-70.55,18.951],[-70.55,18.95],[-70.551,18.95],[-70.552,18.949],[-70.554,18.949],[-70.556,18.948],[-70.557,18.947],[-70.558,18.946],[-70.559,18.945],[-70.56,18.944],[-70.561,18.944],[-70.562,18.943],[-70.564,18.943],[-70.565,18.942],[-70.568,18.942],[-70.568,18.941],[-70.569,18.941],[-70.569,18.94],[-70.57,18.94],[-70.571,18.939],[-70.572,18.939],[-70.572,18.936],[-70.571,18.935],[-70.571,18.934],[-70.57,18.934],[-70.569,18.933],[-70.568,18.932],[-70.568,18.931],[-70.569,18.93],[-70.57,18.929],[-70.572,18.928],[-70.574,18.926],[-70.575,18.926],[-70.576,18.925],[-70.578,18.925],[-70.579,18.924],[-70.582,18.924],[-70.582,18.923],[-70.583,18.923],[-70.583,18.922],[-70.582,18.921],[-70.582,18.917],[-70.583,18.916],[-70.583,18.912]]],[[[-70.234,18.888],[-70.233,18.888],[-70.232,18.889],[-70.234,18.889],[-70.234,18.888]]]]}},{"type":"Feature","properties":{"shapeName":"Hermanas Mirabal","provinceKey":"hermanasmirabal","shapeType":"ADM1"},"geometry":{"type":"MultiPolygon","coordinates":[[[[-70.458,19.346],[-70.457,19.345],[-70.456,19.345],[-70.456,19.344],[-70.455,19.344],[-70.455,19.343],[-70.454,19.343],[-70.454,19.342],[-70.453,19.342],[-70.453,19.341],[-70.452,19.341],[-70.452,19.342],[-70.449,19.342],[-70.449,19.341],[-70.447,19.341],[-70.447,19.337],[-70.446,19.337],[-70.446,19.335],[-70.447,19.334],[-70.447,19.333],[-70.446,19.333],[-70.446,19.331],[-70.445,19.331],[-70.445,19.329],[-70.443,19.328],[-70.443,19.327],[-70.442,19.327],[-70.442,19.325],[-70.441,19.325],[-70.441,19.324],[-70.439,19.324],[-70.439,19.323],[-70.438,19.323],[-70.438,19.32],[-70.437,19.32],[-70.438,19.319],[-70.437,19.319],[-70.436,19.318],[-70.435,19.318],[-70.435,19.316],[-70.436,19.316],[-70.436,19.315],[-70.434,19.315],[-70.434,19.312],[-70.433,19.312],[-70.434,19.311],[-70.434,19.31],[-70.435,19.31],[-70.435,19.309],[-70.436,19.309],[-70.437,19.308],[-70.439,19.308],[-70.439,19.306],[-70.44,19.306],[-70.44,19.305],[-70.439,19.305],[-70.439,19.303],[-70.438,19.302],[-70.437,19.302],[-70.436,19.301],[-70.434,19.301],[-70.433,19.3],[-70.431,19.299],[-70.43,19.299],[-70.43,19.296],[-70.429,19.294],[-70.428,19.294],[-70.428,19.293],[-70.427,19.293],[-70.425,19.292],[-70.424,19.292],[-70.424,19.29],[-70.422,19.289],[-70.422,19.287],[-70.421,19.286],[-70.421,19.285],[-70.422,19.284],[-70.422,19.283],[-70.421,19.282],[-70.421,19.28],[-70.419,19.28],[-70.419,19.279],[-70.418,19.278],[-70.416,19.278],[-70.416,19.277],[-70.415,19.277],[-70.415,19.276],[-70.416,19.276],[-70.416,19.274],[-70.414,19.274],[-70.414,19.273],[-70.413,19.273],[-70.413,19.272],[-70.414,19.271],[-70.413,19.271],[-70.413,19.27],[-70.414,19.27],[-70.414,19.269],[-70.415,19.269],[-70.415,19.266],[-70.416,19.266],[-70.416,19.261],[-70.415,19.261],[-70.415,19.26],[-70.413,19.26],[-70.413,19.258],[-70.412,19.257],[-70.412,19.256],[-70.413,19.256],[-70.413,19.255],[-70.412,19.255],[-70.412,19.252],[-70.411,19.252],[-70.41,19.251],[-70.41,19.25],[-70.411,19.25],[-70.411,19.244],[-70.41,19.243],[-70.41,19.234],[-70.409,19.233],[-70.409,19.231],[-70.408,19.23],[-70.397,19.23],[-70.392,19.231],[-70.389,19.231],[-70.388,19.232],[-70.362,19.232],[-70.36,19.231],[-70.36,19.233],[-70.362,19.233],[-70.362,19.234],[-70.36,19.234],[-70.36,19.237],[-70.361,19.237],[-70.361,19.238],[-70.36,19.238],[-70.36,19.239],[-70.362,19.239],[-70.362,19.241],[-70.361,19.241],[-70.361,19.242],[-70.362,19.242],[-70.362,19.244],[-70.363,19.244],[-70.363,19.246],[-70.365,19.246],[-70.365,19.247],[-70.368,19.247],[-70.368,19.252],[-70.37,19.253],[-70.371,19.253],[-70.371,19.255],[-70.37,19.255],[-70.37,19.254],[-70.369,19.254],[-70.369,19.257],[-70.37,19.258],[-70.371,19.258],[-70.371,19.259],[-70.37,19.259],[-70.37,19.26],[-70.368,19.26],[-70.368,19.261],[-70.369,19.261],[-70.369,19.262],[-70.37,19.262],[-70.37,19.263],[-70.367,19.263],[-70.367,19.264],[-70.369,19.264],[-70.369,19.265],[-70.367,19.265],[-70.367,19.266],[-70.369,19.266],[-70.368,19.267],[-70.368,19.27],[-70.367,19.27],[-70.367,19.271],[-70.368,19.271],[-70.368,19.272],[-70.367,19.272],[-70.367,19.273],[-70.366,19.273],[-70.366,19.274],[-70.367,19.274],[-70.367,19.276],[-70.366,19.276],[-70.366,19.277],[-70.364,19.277],[-70.364,19.278],[-70.362,19.278],[-70.362,19.28],[-70.364,19.28],[-70.364,19.281],[-70.363,19.281],[-70.363,19.282],[-70.362,19.282],[-70.362,19.281],[-70.361,19.281],[-70.361,19.282],[-70.358,19.282],[-70.358,19.284],[-70.356,19.284],[-70.356,19.282],[-70.354,19.282],[-70.354,19.287],[-70.353,19.287],[-70.353,19.285],[-70.352,19.285],[-70.352,19.29],[-70.351,19.29],[-70.351,19.291],[-70.35,19.291],[-70.35,19.292],[-70.349,19.292],[-70.349,19.291],[-70.348,19.292],[-70.348,19.294],[-70.347,19.294],[-70.347,19.295],[-70.346,19.295],[-70.346,19.297],[-70.343,19.297],[-70.343,19.298],[-70.344,19.298],[-70.344,19.3],[-70.346,19.3],[-70.346,19.302],[-70.344,19.302],[-70.344,19.305],[-70.346,19.305],[-70.346,19.306],[-70.347,19.306],[-70.347,19.308],[-70.346,19.308],[-70.344,19.309],[-70.344,19.311],[-70.345,19.311],[-70.345,19.312],[-70.346,19.312],[-70.346,19.311],[-70.347,19.311],[-70.347,19.313],[-70.348,19.313],[-70.348,19.314],[-70.347,19.314],[-70.347,19.315],[-70.348,19.315],[-70.348,19.317],[-70.349,19.317],[-70.348,19.319],[-70.349,19.319],[-70.349,19.322],[-70.348,19.322],[-70.348,19.326],[-70.349,19.326],[-70.348,19.327],[-70.347,19.327],[-70.347,19.328],[-70.348,19.329],[-70.346,19.329],[-70.346,19.33],[-70.347,19.33],[-70.347,19.331],[-70.346,19.332],[-70.347,19.332],[-70.347,19.333],[-70.351,19.333],[-70.352,19.334],[-70.352,19.336],[-70.353,19.337],[-70.353,19.341],[-70.352,19.341],[-70.352,19.342],[-70.351,19.342],[-70.35,19.343],[-70.349,19.343],[-70.348,19.344],[-70.346,19.344],[-70.346,19.343],[-70.344,19.343],[-70.344,19.341],[-70.343,19.34],[-70.342,19.339],[-70.341,19.338],[-70.34,19.337],[-70.34,19.335],[-70.338,19.334],[-70.338,19.336],[-70.339,19.337],[-70.339,19.339],[-70.34,19.339],[-70.34,19.341],[-70.339,19.342],[-70.339,19.345],[-70.338,19.345],[-70.338,19.346],[-70.337,19.347],[-70.337,19.35],[-70.336,19.351],[-70.336,19.352],[-70.335,19.352],[-70.335,19.354],[-70.333,19.354],[-70.333,19.357],[-70.332,19.358],[-70.332,19.359],[-70.331,19.36],[-70.33,19.361],[-70.329,19.362],[-70.328,19.362],[-70.328,19.364],[-70.327,19.364],[-70.327,19.365],[-70.326,19.365],[-70.326,19.366],[-70.327,19.367],[-70.327,19.368],[-70.328,19.368],[-70.328,19.374],[-70.329,19.374],[-70.329,19.375],[-70.328,19.375],[-70.328,19.376],[-70.326,19.376],[-70.326,19.377],[-70.325,19.377],[-70.325,19.378],[-70.324,19.378],[-70.324,19.38],[-70.323,19.38],[-70.324,19.381],[-70.323,19.381],[-70.323,19.385],[-70.322,19.386],[-70.322,19.387],[-70.323,19.388],[-70.323,19.389],[-70.324,19.389],[-70.324,19.391],[-70.325,19.391],[-70.325,19.392],[-70.324,19.393],[-70.323,19.394],[-70.323,19.396],[-70.315,19.396],[-70.315,19.397],[-70.314,19.397],[-70.314,19.398],[-70.313,19.398],[-70.313,19.399],[-70.312,19.4],[-70.311,19.401],[-70.311,19.402],[-70.31,19.402],[-70.31,19.403],[-70.309,19.404],[-70.309,19.405],[-70.308,19.406],[-70.308,19.41],[-70.307,19.41],[-70.307,19.411],[-70.306,19.411],[-70.305,19.412],[-70.305,19.413],[-70.304,19.413],[-70.304,19.414],[-70.303,19.414],[-70.302,19.413],[-70.302,19.415],[-70.301,19.416],[-70.299,19.416],[-70.299,19.417],[-70.298,19.417],[-70.297,19.418],[-70.296,19.418],[-70.295,19.419],[-70.295,19.42],[-70.294,19.42],[-70.294,19.423],[-70.295,19.423],[-70.295,19.424],[-70.293,19.424],[-70.293,19.425],[-70.292,19.425],[-70.292,19.427],[-70.289,19.427],[-70.288,19.428],[-70.286,19.428],[-70.286,19.429],[-70.285,19.429],[-70.285,19.428],[-70.284,19.428],[-70.284,19.432],[-70.282,19.432],[-70.282,19.433],[-70.281,19.433],[-70.281,19.431],[-70.28,19.431],[-70.28,19.433],[-70.279,19.433],[-70.279,19.434],[-70.28,19.434],[-70.28,19.439],[-70.281,19.439],[-70.281,19.441],[-70.28,19.441],[-70.28,19.443],[-70.279,19.443],[-70.279,19.444],[-70.277,19.444],[-70.277,19.445],[-70.276,19.446],[-70.274,19.446],[-70.274,19.447],[-70.27,19.447],[-70.27,19.446],[-70.268,19.446],[-70.268,19.448],[-70.266,19.448],[-70.266,19.447],[-70.265,19.447],[-70.265,19.446],[-70.264,19.446],[-70.264,19.445],[-70.262,19.445],[-70.262,19.446],[-70.26,19.446],[-70.26,19.447],[-70.259,19.448],[-70.259,19.45],[-70.26,19.451],[-70.26,19.452],[-70.259,19.452],[-70.259,19.453],[-70.261,19.453],[-70.261,19.454],[-70.26,19.455],[-70.261,19.455],[-70.261,19.456],[-70.262,19.455],[-70.264,19.455],[-70.264,19.456],[-70.265,19.457],[-70.266,19.457],[-70.266,19.458],[-70.267,19.458],[-70.267,19.455],[-70.272,19.455],[-70.272,19.454],[-70.273,19.454],[-70.273,19.451],[-70.275,19.451],[-70.275,19.45],[-70.276,19.45],[-70.276,19.451],[-70.278,19.451],[-70.278,19.45],[-70.279,19.45],[-70.279,19.451],[-70.28,19.451],[-70.28,19.452],[-70.283,19.452],[-70.283,19.453],[-70.284,19.453],[-70.283,19.454],[-70.283,19.456],[-70.282,19.457],[-70.282,19.458],[-70.283,19.458],[-70.283,19.459],[-70.286,19.459],[-70.287,19.458],[-70.29,19.458],[-70.29,19.459],[-70.293,19.459],[-70.294,19.46],[-70.295,19.46],[-70.295,19.462],[-70.293,19.462],[-70.293,19.463],[-70.292,19.464],[-70.291,19.464],[-70.291,19.465],[-70.289,19.465],[-70.289,19.466],[-70.288,19.466],[-70.288,19.468],[-70.289,19.468],[-70.291,19.469],[-70.292,19.469],[-70.292,19.471],[-70.293,19.471],[-70.293,19.475],[-70.294,19.475],[-70.294,19.476],[-70.295,19.477],[-70.295,19.479],[-70.296,19.479],[-70.296,19.48],[-70.295,19.48],[-70.296,19.481],[-70.295,19.482],[-70.295,19.483],[-70.294,19.483],[-70.293,19.484],[-70.292,19.485],[-70.291,19.486],[-70.29,19.487],[-70.289,19.487],[-70.289,19.488],[-70.287,19.488],[-70.286,19.489],[-70.285,19.489],[-70.283,19.49],[-70.281,19.491],[-70.28,19.491],[-70.28,19.49],[-70.278,19.49],[-70.277,19.489],[-70.276,19.489],[-70.275,19.488],[-70.274,19.487],[-70.273,19.486],[-70.272,19.485],[-70.271,19.485],[-70.271,19.486],[-70.267,19.486],[-70.266,19.487],[-70.262,19.487],[-70.261,19.486],[-70.26,19.486],[-70.259,19.487],[-70.257,19.487],[-70.257,19.489],[-70.256,19.489],[-70.255,19.49],[-70.255,19.491],[-70.254,19.493],[-70.254,19.494],[-70.253,19.495],[-70.252,19.496],[-70.251,19.496],[-70.25,19.497],[-70.25,19.5],[-70.251,19.502],[-70.251,19.504],[-70.25,19.505],[-70.249,19.506],[-70.249,19.508],[-70.25,19.509],[-70.25,19.512],[-70.249,19.513],[-70.248,19.514],[-70.248,19.516],[-70.249,19.517],[-70.25,19.518],[-70.251,19.518],[-70.252,19.519],[-70.253,19.52],[-70.254,19.522],[-70.254,19.524],[-70.256,19.524],[-70.259,19.525],[-70.264,19.526],[-70.267,19.528],[-70.269,19.529],[-70.271,19.53],[-70.273,19.531],[-70.285,19.531],[-70.286,19.532],[-70.288,19.533],[-70.288,19.534],[-70.29,19.536],[-70.29,19.537],[-70.291,19.537],[-70.291,19.541],[-70.292,19.544],[-70.293,19.546],[-70.293,19.547],[-70.295,19.547],[-70.296,19.549],[-70.297,19.551],[-70.298,19.552],[-70.299,19.555],[-70.3,19.555],[-70.301,19.556],[-70.301,19.557],[-70.302,19.557],[-70.304,19.558],[-70.305,19.559],[-70.307,19.56],[-70.309,19.56],[-70.311,19.562],[-70.313,19.562],[-70.313,19.561],[-70.314,19.561],[-70.315,19.56],[-70.317,19.56],[-70.316,19.559],[-70.315,19.558],[-70.318,19.558],[-70.317,19.557],[-70.319,19.557],[-70.32,19.556],[-70.322,19.556],[-70.323,19.555],[-70.327,19.555],[-70.328,19.554],[-70.331,19.554],[-70.331,19.553],[-70.336,19.553],[-70.337,19.552],[-70.338,19.551],[-70.338,19.55],[-70.339,19.549],[-70.339,19.54],[-70.34,19.539],[-70.34,19.536],[-70.341,19.535],[-70.341,19.527],[-70.342,19.524],[-70.342,19.522],[-70.345,19.52],[-70.346,19.519],[-70.354,19.519],[-70.355,19.52],[-70.356,19.52],[-70.356,19.523],[-70.358,19.523],[-70.359,19.524],[-70.36,19.524],[-70.36,19.525],[-70.361,19.525],[-70.361,19.529],[-70.362,19.529],[-70.363,19.528],[-70.364,19.528],[-70.364,19.533],[-70.372,19.533],[-70.372,19.534],[-70.373,19.534],[-70.373,19.538],[-70.375,19.538],[-70.375,19.537],[-70.376,19.536],[-70.378,19.536],[-70.379,19.537],[-70.385,19.537],[-70.388,19.536],[-70.388,19.537],[-70.389,19.538],[-70.39,19.539],[-70.392,19.539],[-70.392,19.541],[-70.393,19.541],[-70.393,19.542],[-70.395,19.541],[-70.396,19.541],[-70.397,19.542],[-70.397,19.541],[-70.4,19.541],[-70.4,19.544],[-70.401,19.544],[-70.401,19.545],[-70.404,19.545],[-70.404,19.549],[-70.405,19.55],[-70.406,19.551],[-70.407,19.552],[-70.408,19.553],[-70.408,19.554],[-70.409,19.554],[-70.41,19.555],[-70.411,19.556],[-70.411,19.557],[-70.414,19.557],[-70.415,19.556],[-70.416,19.555],[-70.417,19.554],[-70.418,19.553],[-70.419,19.553],[-70.419,19.554],[-70.42,19.554],[-70.42,19.552],[-70.419,19.551],[-70.419,19.544],[-70.418,19.544],[-70.418,19.543],[-70.419,19.542],[-70.42,19.542],[-70.421,19.541],[-70.421,19.539],[-70.42,19.538],[-70.421,19.537],[-70.425,19.537],[-70.426,19.536],[-70.428,19.536],[-70.428,19.535],[-70.429,19.534],[-70.43,19.534],[-70.431,19.533],[-70.431,19.528],[-70.432,19.527],[-70.431,19.527],[-70.431,19.524],[-70.432,19.524],[-70.432,19.522],[-70.433,19.522],[-70.433,19.519],[-70.434,19.518],[-70.434,19.515],[-70.435,19.515],[-70.436,19.514],[-70.437,19.514],[-70.437,19.51],[-70.438,19.51],[-70.439,19.509],[-70.44,19.509],[-70.44,19.508],[-70.441,19.507],[-70.443,19.507],[-70.443,19.506],[-70.442,19.505],[-70.443,19.504],[-70.442,19.503],[-70.442,19.502],[-70.443,19.502],[-70.443,19.501],[-70.441,19.501],[-70.441,19.5],[-70.439,19.5],[-70.439,19.498],[-70.438,19.497],[-70.438,19.492],[-70.436,19.492],[-70.436,19.491],[-70.435,19.491],[-70.435,19.489],[-70.436,19.489],[-70.436,19.487],[-70.435,19.487],[-70.435,19.486],[-70.434,19.486],[-70.434,19.485],[-70.433,19.485],[-70.432,19.484],[-70.43,19.484],[-70.429,19.483],[-70.426,19.483],[-70.426,19.481],[-70.425,19.481],[-70.425,19.479],[-70.426,19.479],[-70.426,19.48],[-70.427,19.48],[-70.427,19.477],[-70.428,19.477],[-70.428,19.476],[-70.429,19.476],[-70.429,19.475],[-70.43,19.475],[-70.43,19.469],[-70.429,19.468],[-70.429,19.467],[-70.428,19.466],[-70.427,19.465],[-70.427,19.464],[-70.426,19.463],[-70.425,19.462],[-70.425,19.461],[-70.424,19.459],[-70.424,19.457],[-70.425,19.455],[-70.425,19.454],[-70.424,19.453],[-70.424,19.449],[-70.423,19.448],[-70.424,19.447],[-70.425,19.446],[-70.426,19.445],[-70.426,19.444],[-70.427,19.443],[-70.427,19.442],[-70.428,19.442],[-70.428,19.441],[-70.429,19.44],[-70.43,19.44],[-70.43,19.439],[-70.431,19.439],[-70.431,19.438],[-70.433,19.438],[-70.433,19.435],[-70.432,19.435],[-70.432,19.433],[-70.433,19.433],[-70.434,19.432],[-70.434,19.431],[-70.433,19.431],[-70.433,19.428],[-70.432,19.428],[-70.432,19.427],[-70.431,19.426],[-70.431,19.423],[-70.432,19.423],[-70.432,19.421],[-70.433,19.421],[-70.433,19.415],[-70.434,19.415],[-70.434,19.414],[-70.436,19.414],[-70.436,19.413],[-70.437,19.413],[-70.437,19.412],[-70.439,19.412],[-70.439,19.411],[-70.44,19.41],[-70.439,19.41],[-70.439,19.407],[-70.44,19.407],[-70.44,19.406],[-70.441,19.405],[-70.443,19.405],[-70.443,19.399],[-70.444,19.399],[-70.444,19.398],[-70.445,19.398],[-70.445,19.396],[-70.446,19.396],[-70.446,19.393],[-70.445,19.392],[-70.444,19.392],[-70.444,19.388],[-70.443,19.388],[-70.444,19.387],[-70.444,19.386],[-70.445,19.386],[-70.445,19.384],[-70.446,19.384],[-70.446,19.382],[-70.447,19.382],[-70.447,19.381],[-70.448,19.38],[-70.448,19.378],[-70.449,19.378],[-70.449,19.376],[-70.45,19.375],[-70.449,19.375],[-70.449,19.372],[-70.45,19.372],[-70.45,19.371],[-70.449,19.371],[-70.45,19.37],[-70.451,19.37],[-70.451,19.371],[-70.453,19.371],[-70.453,19.368],[-70.452,19.367],[-70.453,19.367],[-70.453,19.365],[-70.454,19.364],[-70.456,19.364],[-70.456,19.361],[-70.457,19.361],[-70.457,19.357],[-70.456,19.357],[-70.456,19.353],[-70.455,19.353],[-70.456,19.352],[-70.456,19.351],[-70.455,19.35],[-70.455,19.349],[-70.454,19.349],[-70.454,19.348],[-70.457,19.348],[-70.457,19.346],[-70.458,19.346]]],[[[-70.432,19.471],[-70.431,19.471],[-70.431,19.472],[-70.432,19.472],[-70.432,19.471]]],[[[-70.266,19.458],[-70.265,19.458],[-70.265,19.459],[-70.266,19.459],[-70.266,19.458]]]]}},{"type":"Feature","properties":{"shapeName":"Duarte","provinceKey":"duarte","shapeType":"ADM1"},"geometry":{"type":"MultiPolygon","coordinates":[[[[-70.371,19.253],[-70.37,19.253],[-70.368,19.252],[-70.368,19.247],[-70.365,19.247],[-70.365,19.246],[-70.363,19.246],[-70.363,19.244],[-70.362,19.244],[-70.362,19.242],[-70.361,19.242],[-70.361,19.241],[-70.362,19.241],[-70.362,19.239],[-70.36,19.239],[-70.36,19.238],[-70.361,19.238],[-70.361,19.237],[-70.36,19.237],[-70.36,19.234],[-70.362,19.234],[-70.362,19.233],[-70.36,19.233],[-70.36,19.23],[-70.359,19.23],[-70.359,19.229],[-70.358,19.229],[-70.358,19.226],[-70.359,19.226],[-70.358,19.225],[-70.358,19.224],[-70.359,19.224],[-70.359,19.223],[-70.358,19.223],[-70.358,19.222],[-70.357,19.222],[-70.357,19.22],[-70.358,19.22],[-70.358,19.219],[-70.356,19.219],[-70.356,19.216],[-70.357,19.216],[-70.357,19.215],[-70.355,19.215],[-70.355,19.213],[-70.354,19.213],[-70.354,19.212],[-70.353,19.212],[-70.353,19.211],[-70.352,19.211],[-70.352,19.209],[-70.35,19.209],[-70.35,19.208],[-70.347,19.207],[-70.347,19.206],[-70.345,19.206],[-70.345,19.205],[-70.344,19.205],[-70.344,19.206],[-70.343,19.206],[-70.343,19.204],[-70.342,19.204],[-70.342,19.203],[-70.341,19.203],[-70.34,19.202],[-70.339,19.202],[-70.339,19.201],[-70.337,19.201],[-70.337,19.202],[-70.336,19.202],[-70.336,19.201],[-70.335,19.201],[-70.335,19.202],[-70.334,19.202],[-70.334,19.2],[-70.333,19.2],[-70.333,19.199],[-70.332,19.199],[-70.332,19.198],[-70.331,19.198],[-70.331,19.197],[-70.33,19.197],[-70.33,19.196],[-70.329,19.196],[-70.329,19.195],[-70.328,19.195],[-70.328,19.194],[-70.329,19.194],[-70.329,19.193],[-70.328,19.193],[-70.328,19.192],[-70.329,19.192],[-70.329,19.191],[-70.328,19.191],[-70.328,19.19],[-70.327,19.19],[-70.327,19.189],[-70.325,19.189],[-70.325,19.188],[-70.324,19.188],[-70.324,19.187],[-70.323,19.187],[-70.323,19.182],[-70.321,19.182],[-70.321,19.181],[-70.32,19.181],[-70.319,19.18],[-70.318,19.18],[-70.318,19.179],[-70.316,19.179],[-70.316,19.178],[-70.315,19.178],[-70.315,19.177],[-70.314,19.177],[-70.313,19.176],[-70.313,19.177],[-70.312,19.177],[-70.312,19.176],[-70.31,19.176],[-70.31,19.175],[-70.308,19.175],[-70.308,19.176],[-70.307,19.175],[-70.307,19.176],[-70.304,19.176],[-70.304,19.175],[-70.303,19.175],[-70.303,19.174],[-70.302,19.173],[-70.301,19.173],[-70.301,19.172],[-70.3,19.172],[-70.3,19.171],[-70.301,19.17],[-70.299,19.17],[-70.299,19.169],[-70.298,19.169],[-70.298,19.168],[-70.297,19.168],[-70.297,19.166],[-70.294,19.166],[-70.294,19.165],[-70.289,19.165],[-70.289,19.162],[-70.29,19.162],[-70.29,19.161],[-70.288,19.161],[-70.287,19.16],[-70.288,19.16],[-70.288,19.159],[-70.286,19.159],[-70.286,19.158],[-70.284,19.158],[-70.284,19.157],[-70.283,19.157],[-70.283,19.156],[-70.282,19.156],[-70.282,19.155],[-70.281,19.156],[-70.281,19.157],[-70.282,19.157],[-70.282,19.158],[-70.281,19.158],[-70.281,19.159],[-70.28,19.159],[-70.28,19.16],[-70.279,19.16],[-70.278,19.161],[-70.278,19.16],[-70.275,19.16],[-70.275,19.161],[-70.276,19.161],[-70.276,19.163],[-70.274,19.163],[-70.274,19.159],[-70.272,19.159],[-70.272,19.16],[-70.271,19.16],[-70.271,19.162],[-70.272,19.162],[-70.272,19.163],[-70.271,19.164],[-70.271,19.166],[-70.269,19.166],[-70.269,19.164],[-70.268,19.164],[-70.268,19.163],[-70.266,19.163],[-70.266,19.16],[-70.263,19.16],[-70.263,19.161],[-70.26,19.161],[-70.26,19.16],[-70.259,19.16],[-70.258,19.161],[-70.258,19.163],[-70.255,19.163],[-70.255,19.165],[-70.254,19.165],[-70.254,19.162],[-70.255,19.162],[-70.255,19.161],[-70.256,19.161],[-70.256,19.16],[-70.255,19.16],[-70.255,19.158],[-70.253,19.158],[-70.253,19.159],[-70.251,19.159],[-70.251,19.16],[-70.249,19.16],[-70.249,19.161],[-70.247,19.161],[-70.247,19.162],[-70.244,19.162],[-70.244,19.158],[-70.249,19.158],[-70.249,19.156],[-70.244,19.156],[-70.244,19.155],[-70.242,19.155],[-70.242,19.154],[-70.239,19.154],[-70.239,19.155],[-70.238,19.155],[-70.238,19.156],[-70.236,19.156],[-70.236,19.157],[-70.235,19.157],[-70.235,19.158],[-70.232,19.158],[-70.231,19.159],[-70.23,19.159],[-70.23,19.155],[-70.229,19.155],[-70.229,19.153],[-70.228,19.153],[-70.228,19.149],[-70.225,19.149],[-70.225,19.148],[-70.223,19.148],[-70.223,19.147],[-70.221,19.147],[-70.221,19.146],[-70.217,19.146],[-70.217,19.145],[-70.214,19.145],[-70.214,19.144],[-70.213,19.144],[-70.212,19.143],[-70.21,19.143],[-70.21,19.142],[-70.208,19.142],[-70.208,19.143],[-70.207,19.143],[-70.207,19.144],[-70.206,19.144],[-70.206,19.149],[-70.205,19.149],[-70.205,19.15],[-70.206,19.15],[-70.206,19.152],[-70.205,19.152],[-70.205,19.156],[-70.203,19.156],[-70.203,19.155],[-70.202,19.155],[-70.202,19.151],[-70.2,19.151],[-70.199,19.152],[-70.198,19.152],[-70.198,19.153],[-70.197,19.153],[-70.197,19.154],[-70.196,19.154],[-70.196,19.155],[-70.195,19.155],[-70.194,19.156],[-70.192,19.158],[-70.191,19.158],[-70.191,19.159],[-70.19,19.159],[-70.19,19.16],[-70.188,19.16],[-70.187,19.161],[-70.186,19.161],[-70.186,19.162],[-70.185,19.162],[-70.184,19.163],[-70.184,19.165],[-70.182,19.165],[-70.182,19.164],[-70.181,19.164],[-70.181,19.162],[-70.18,19.162],[-70.18,19.163],[-70.179,19.164],[-70.179,19.165],[-70.178,19.165],[-70.178,19.166],[-70.177,19.166],[-70.177,19.165],[-70.176,19.165],[-70.176,19.164],[-70.175,19.164],[-70.174,19.165],[-70.173,19.165],[-70.172,19.164],[-70.171,19.164],[-70.171,19.162],[-70.17,19.162],[-70.17,19.161],[-70.171,19.16],[-70.172,19.159],[-70.171,19.159],[-70.17,19.158],[-70.169,19.158],[-70.169,19.157],[-70.17,19.157],[-70.17,19.156],[-70.171,19.156],[-70.172,19.155],[-70.172,19.153],[-70.173,19.153],[-70.173,19.152],[-70.169,19.152],[-70.169,19.153],[-70.168,19.153],[-70.167,19.154],[-70.166,19.154],[-70.166,19.156],[-70.164,19.156],[-70.163,19.155],[-70.161,19.155],[-70.162,19.156],[-70.162,19.158],[-70.161,19.158],[-70.16,19.157],[-70.16,19.153],[-70.159,19.152],[-70.158,19.152],[-70.157,19.153],[-70.155,19.153],[-70.155,19.154],[-70.157,19.154],[-70.157,19.156],[-70.154,19.156],[-70.154,19.154],[-70.153,19.153],[-70.151,19.153],[-70.151,19.155],[-70.149,19.155],[-70.148,19.154],[-70.146,19.154],[-70.145,19.155],[-70.145,19.156],[-70.146,19.156],[-70.147,19.157],[-70.148,19.157],[-70.148,19.159],[-70.147,19.159],[-70.147,19.16],[-70.141,19.16],[-70.14,19.159],[-70.14,19.158],[-70.139,19.157],[-70.139,19.158],[-70.138,19.159],[-70.137,19.16],[-70.136,19.16],[-70.136,19.161],[-70.135,19.161],[-70.135,19.162],[-70.136,19.162],[-70.136,19.163],[-70.135,19.163],[-70.134,19.162],[-70.134,19.159],[-70.133,19.158],[-70.132,19.158],[-70.132,19.157],[-70.134,19.157],[-70.135,19.156],[-70.135,19.154],[-70.138,19.154],[-70.138,19.153],[-70.137,19.153],[-70.137,19.151],[-70.136,19.15],[-70.133,19.15],[-70.132,19.151],[-70.131,19.151],[-70.13,19.15],[-70.13,19.149],[-70.129,19.149],[-70.129,19.15],[-70.127,19.152],[-70.127,19.155],[-70.13,19.155],[-70.129,19.156],[-70.129,19.158],[-70.128,19.159],[-70.127,19.159],[-70.126,19.158],[-70.122,19.158],[-70.121,19.157],[-70.12,19.157],[-70.119,19.156],[-70.12,19.156],[-70.12,19.154],[-70.119,19.154],[-70.118,19.155],[-70.118,19.159],[-70.119,19.159],[-70.119,19.162],[-70.117,19.162],[-70.116,19.161],[-70.115,19.16],[-70.116,19.159],[-70.116,19.158],[-70.115,19.159],[-70.113,19.159],[-70.112,19.16],[-70.109,19.16],[-70.109,19.159],[-70.108,19.159],[-70.108,19.157],[-70.107,19.157],[-70.107,19.158],[-70.106,19.16],[-70.105,19.16],[-70.104,19.159],[-70.104,19.158],[-70.103,19.157],[-70.103,19.156],[-70.104,19.156],[-70.104,19.155],[-70.105,19.155],[-70.106,19.156],[-70.109,19.156],[-70.108,19.155],[-70.108,19.154],[-70.102,19.154],[-70.102,19.153],[-70.101,19.152],[-70.101,19.15],[-70.099,19.15],[-70.099,19.151],[-70.098,19.151],[-70.098,19.153],[-70.097,19.154],[-70.093,19.154],[-70.092,19.155],[-70.086,19.155],[-70.084,19.154],[-70.083,19.154],[-70.082,19.153],[-70.08,19.152],[-70.075,19.152],[-70.075,19.151],[-70.074,19.15],[-70.073,19.149],[-70.072,19.149],[-70.07,19.147],[-70.069,19.146],[-70.067,19.146],[-70.066,19.147],[-70.065,19.146],[-70.064,19.146],[-70.063,19.145],[-70.062,19.144],[-70.061,19.144],[-70.061,19.143],[-70.059,19.141],[-70.058,19.141],[-70.057,19.142],[-70.057,19.143],[-70.056,19.143],[-70.056,19.144],[-70.054,19.144],[-70.054,19.143],[-70.053,19.142],[-70.053,19.14],[-70.052,19.139],[-70.051,19.138],[-70.05,19.138],[-70.049,19.137],[-70.048,19.136],[-70.045,19.136],[-70.044,19.135],[-70.043,19.135],[-70.043,19.134],[-70.042,19.133],[-70.041,19.133],[-70.041,19.13],[-70.043,19.13],[-70.043,19.122],[-70.044,19.122],[-70.044,19.119],[-70.045,19.119],[-70.045,19.116],[-70.044,19.116],[-70.044,19.114],[-70.043,19.114],[-70.043,19.113],[-70.041,19.113],[-70.041,19.111],[-70.044,19.111],[-70.044,19.109],[-70.043,19.107],[-70.042,19.105],[-70.041,19.104],[-70.04,19.102],[-70.038,19.1],[-70.037,19.099],[-70.037,19.098],[-70.031,19.094],[-70.03,19.093],[-70.028,19.091],[-70.026,19.09],[-70.024,19.089],[-70.023,19.088],[-70.022,19.087],[-70.019,19.085],[-70.011,19.085],[-70.01,19.084],[-70.009,19.084],[-70.008,19.083],[-70.007,19.083],[-70.006,19.082],[-70.004,19.082],[-70.004,19.081],[-70.001,19.081],[-70.001,19.08],[-70,19.08],[-70,19.077],[-69.999,19.077],[-69.999,19.076],[-69.998,19.076],[-69.998,19.077],[-69.997,19.077],[-69.997,19.075],[-69.996,19.075],[-69.996,19.076],[-69.993,19.076],[-69.993,19.077],[-69.994,19.077],[-69.994,19.078],[-69.991,19.078],[-69.991,19.081],[-69.986,19.081],[-69.986,19.082],[-69.985,19.082],[-69.985,19.083],[-69.986,19.083],[-69.986,19.084],[-69.987,19.084],[-69.987,19.087],[-69.988,19.087],[-69.988,19.088],[-69.989,19.088],[-69.989,19.089],[-69.988,19.09],[-69.988,19.093],[-69.987,19.094],[-69.987,19.095],[-69.988,19.097],[-69.988,19.1],[-69.972,19.099],[-69.965,19.099],[-69.956,19.098],[-69.946,19.098],[-69.946,19.107],[-69.947,19.108],[-69.947,19.111],[-69.948,19.111],[-69.948,19.113],[-69.949,19.113],[-69.949,19.115],[-69.95,19.115],[-69.95,19.12],[-69.951,19.12],[-69.951,19.123],[-69.952,19.123],[-69.952,19.127],[-69.951,19.127],[-69.95,19.126],[-69.949,19.125],[-69.948,19.125],[-69.947,19.124],[-69.945,19.124],[-69.945,19.125],[-69.943,19.125],[-69.943,19.126],[-69.941,19.126],[-69.941,19.125],[-69.938,19.125],[-69.937,19.124],[-69.934,19.124],[-69.933,19.123],[-69.931,19.123],[-69.931,19.122],[-69.93,19.122],[-69.93,19.119],[-69.931,19.118],[-69.931,19.117],[-69.93,19.117],[-69.93,19.11],[-69.929,19.11],[-69.928,19.109],[-69.928,19.108],[-69.927,19.108],[-69.927,19.107],[-69.926,19.107],[-69.926,19.106],[-69.92,19.106],[-69.919,19.105],[-69.918,19.105],[-69.918,19.106],[-69.917,19.106],[-69.917,19.105],[-69.916,19.106],[-69.916,19.105],[-69.912,19.105],[-69.911,19.104],[-69.91,19.104],[-69.91,19.103],[-69.908,19.103],[-69.908,19.102],[-69.904,19.102],[-69.904,19.101],[-69.903,19.101],[-69.902,19.1],[-69.897,19.1],[-69.897,19.099],[-69.896,19.099],[-69.895,19.098],[-69.895,19.091],[-69.896,19.091],[-69.896,19.09],[-69.897,19.09],[-69.897,19.087],[-69.898,19.087],[-69.898,19.085],[-69.899,19.085],[-69.899,19.083],[-69.9,19.081],[-69.901,19.081],[-69.901,19.08],[-69.902,19.08],[-69.902,19.079],[-69.903,19.079],[-69.903,19.077],[-69.904,19.077],[-69.904,19.075],[-69.905,19.075],[-69.905,19.073],[-69.906,19.073],[-69.906,19.071],[-69.907,19.07],[-69.906,19.069],[-69.905,19.069],[-69.905,19.066],[-69.906,19.066],[-69.906,19.065],[-69.905,19.065],[-69.905,19.064],[-69.906,19.064],[-69.906,19.062],[-69.907,19.062],[-69.907,19.061],[-69.908,19.061],[-69.908,19.057],[-69.909,19.056],[-69.907,19.056],[-69.907,19.055],[-69.908,19.055],[-69.908,19.054],[-69.91,19.054],[-69.91,19.053],[-69.909,19.053],[-69.909,19.052],[-69.907,19.052],[-69.907,19.051],[-69.906,19.05],[-69.906,19.049],[-69.888,19.049],[-69.884,19.05],[-69.874,19.05],[-69.874,19.087],[-69.853,19.095],[-69.85,19.096],[-69.849,19.095],[-69.847,19.094],[-69.846,19.093],[-69.845,19.093],[-69.845,19.092],[-69.844,19.091],[-69.842,19.09],[-69.841,19.089],[-69.839,19.089],[-69.838,19.09],[-69.833,19.09],[-69.832,19.089],[-69.831,19.088],[-69.831,19.087],[-69.83,19.085],[-69.829,19.084],[-69.829,19.082],[-69.828,19.08],[-69.826,19.076],[-69.826,19.075],[-69.824,19.075],[-69.822,19.076],[-69.82,19.077],[-69.819,19.077],[-69.818,19.078],[-69.817,19.077],[-69.814,19.077],[-69.813,19.076],[-69.812,19.077],[-69.81,19.077],[-69.808,19.078],[-69.807,19.079],[-69.803,19.079],[-69.8,19.076],[-69.799,19.075],[-69.798,19.074],[-69.796,19.074],[-69.791,19.076],[-69.787,19.076],[-69.786,19.077],[-69.785,19.077],[-69.783,19.078],[-69.781,19.079],[-69.779,19.082],[-69.778,19.083],[-69.775,19.084],[-69.773,19.086],[-69.768,19.09],[-69.767,19.091],[-69.765,19.092],[-69.764,19.093],[-69.761,19.096],[-69.76,19.097],[-69.757,19.097],[-69.756,19.096],[-69.755,19.096],[-69.754,19.095],[-69.753,19.096],[-69.753,19.097],[-69.752,19.098],[-69.752,19.099],[-69.751,19.1],[-69.75,19.101],[-69.749,19.101],[-69.749,19.1],[-69.746,19.1],[-69.746,19.099],[-69.745,19.099],[-69.745,19.1],[-69.742,19.1],[-69.741,19.099],[-69.737,19.099],[-69.737,19.098],[-69.735,19.098],[-69.734,19.097],[-69.732,19.097],[-69.732,19.098],[-69.731,19.099],[-69.73,19.099],[-69.729,19.1],[-69.729,19.099],[-69.728,19.099],[-69.728,19.1],[-69.724,19.1],[-69.724,19.101],[-69.723,19.102],[-69.721,19.102],[-69.721,19.103],[-69.72,19.103],[-69.72,19.104],[-69.721,19.104],[-69.721,19.107],[-69.72,19.107],[-69.721,19.108],[-69.721,19.112],[-69.722,19.112],[-69.722,19.113],[-69.724,19.113],[-69.724,19.112],[-69.725,19.112],[-69.725,19.113],[-69.727,19.113],[-69.727,19.114],[-69.728,19.114],[-69.729,19.115],[-69.729,19.116],[-69.73,19.116],[-69.73,19.117],[-69.731,19.118],[-69.731,19.119],[-69.732,19.12],[-69.732,19.121],[-69.733,19.122],[-69.733,19.124],[-69.734,19.125],[-69.735,19.126],[-69.735,19.127],[-69.736,19.128],[-69.737,19.128],[-69.737,19.131],[-69.738,19.131],[-69.739,19.132],[-69.741,19.133],[-69.742,19.132],[-69.742,19.133],[-69.743,19.135],[-69.743,19.136],[-69.744,19.138],[-69.744,19.139],[-69.745,19.14],[-69.746,19.141],[-69.746,19.143],[-69.747,19.144],[-69.747,19.145],[-69.748,19.145],[-69.748,19.146],[-69.749,19.147],[-69.749,19.15],[-69.745,19.15],[-69.745,19.151],[-69.744,19.151],[-69.744,19.152],[-69.743,19.153],[-69.742,19.154],[-69.741,19.154],[-69.74,19.155],[-69.739,19.156],[-69.736,19.156],[-69.736,19.147],[-69.735,19.146],[-69.735,19.145],[-69.734,19.145],[-69.734,19.143],[-69.733,19.143],[-69.733,19.142],[-69.728,19.142],[-69.727,19.141],[-69.726,19.14],[-69.725,19.139],[-69.722,19.139],[-69.722,19.14],[-69.72,19.14],[-69.72,19.141],[-69.719,19.141],[-69.719,19.144],[-69.718,19.144],[-69.718,19.145],[-69.717,19.146],[-69.711,19.146],[-69.71,19.147],[-69.709,19.147],[-69.709,19.148],[-69.708,19.148],[-69.708,19.149],[-69.707,19.149],[-69.706,19.15],[-69.706,19.151],[-69.705,19.151],[-69.705,19.155],[-69.706,19.155],[-69.706,19.156],[-69.707,19.156],[-69.708,19.157],[-69.709,19.156],[-69.71,19.156],[-69.71,19.157],[-69.711,19.157],[-69.711,19.159],[-69.71,19.16],[-69.704,19.16],[-69.704,19.159],[-69.703,19.159],[-69.703,19.157],[-69.701,19.157],[-69.7,19.158],[-69.7,19.162],[-69.699,19.163],[-69.699,19.162],[-69.698,19.162],[-69.698,19.161],[-69.697,19.161],[-69.696,19.162],[-69.696,19.166],[-69.697,19.166],[-69.697,19.167],[-69.698,19.166],[-69.699,19.167],[-69.699,19.168],[-69.697,19.168],[-69.696,19.167],[-69.695,19.167],[-69.694,19.166],[-69.693,19.166],[-69.693,19.164],[-69.691,19.164],[-69.691,19.169],[-69.69,19.169],[-69.689,19.168],[-69.689,19.163],[-69.687,19.163],[-69.687,19.164],[-69.686,19.164],[-69.686,19.165],[-69.685,19.166],[-69.684,19.166],[-69.684,19.165],[-69.683,19.165],[-69.682,19.166],[-69.683,19.166],[-69.683,19.167],[-69.684,19.167],[-69.685,19.168],[-69.685,19.17],[-69.684,19.17],[-69.683,19.171],[-69.682,19.17],[-69.681,19.17],[-69.68,19.169],[-69.678,19.169],[-69.678,19.172],[-69.677,19.171],[-69.674,19.171],[-69.674,19.175],[-69.677,19.175],[-69.677,19.176],[-69.676,19.177],[-69.674,19.177],[-69.674,19.178],[-69.675,19.179],[-69.676,19.18],[-69.675,19.18],[-69.675,19.185],[-69.672,19.185],[-69.672,19.187],[-69.671,19.188],[-69.671,19.189],[-69.673,19.189],[-69.673,19.191],[-69.67,19.191],[-69.67,19.193],[-69.669,19.193],[-69.668,19.194],[-69.666,19.196],[-69.665,19.197],[-69.664,19.198],[-69.664,19.199],[-69.663,19.2],[-69.662,19.2],[-69.661,19.201],[-69.657,19.201],[-69.656,19.2],[-69.652,19.2],[-69.651,19.201],[-69.65,19.201],[-69.65,19.202],[-69.652,19.202],[-69.653,19.201],[-69.653,19.202],[-69.654,19.203],[-69.654,19.206],[-69.655,19.207],[-69.656,19.208],[-69.66,19.208],[-69.66,19.207],[-69.662,19.207],[-69.662,19.206],[-69.663,19.206],[-69.664,19.205],[-69.664,19.204],[-69.665,19.203],[-69.666,19.203],[-69.668,19.205],[-69.67,19.207],[-69.673,19.209],[-69.683,19.218],[-69.683,19.219],[-69.686,19.219],[-69.693,19.22],[-69.7,19.221],[-69.703,19.221],[-69.704,19.222],[-69.708,19.222],[-69.71,19.223],[-69.713,19.223],[-69.715,19.224],[-69.721,19.224],[-69.721,19.225],[-69.726,19.225],[-69.728,19.226],[-69.739,19.226],[-69.74,19.225],[-69.753,19.225],[-69.755,19.224],[-69.761,19.224],[-69.764,19.222],[-69.766,19.221],[-69.767,19.22],[-69.769,19.22],[-69.769,19.219],[-69.77,19.218],[-69.771,19.217],[-69.773,19.216],[-69.773,19.215],[-69.774,19.215],[-69.774,19.212],[-69.775,19.211],[-69.775,19.21],[-69.776,19.21],[-69.777,19.209],[-69.779,19.208],[-69.779,19.206],[-69.778,19.204],[-69.778,19.203],[-69.779,19.202],[-69.781,19.202],[-69.782,19.203],[-69.783,19.203],[-69.784,19.204],[-69.786,19.204],[-69.787,19.205],[-69.787,19.207],[-69.788,19.208],[-69.79,19.208],[-69.791,19.207],[-69.793,19.207],[-69.794,19.206],[-69.797,19.208],[-69.806,19.217],[-69.811,19.22],[-69.815,19.223],[-69.82,19.226],[-69.824,19.23],[-69.834,19.23],[-69.841,19.229],[-69.843,19.23],[-69.845,19.23],[-69.848,19.231],[-69.851,19.232],[-69.853,19.234],[-69.856,19.236],[-69.858,19.238],[-69.859,19.239],[-69.865,19.239],[-69.869,19.237],[-69.872,19.236],[-69.879,19.236],[-69.881,19.235],[-69.882,19.235],[-69.884,19.234],[-69.884,19.233],[-69.889,19.233],[-69.89,19.234],[-69.891,19.234],[-69.891,19.235],[-69.892,19.236],[-69.893,19.237],[-69.894,19.238],[-69.895,19.24],[-69.896,19.241],[-69.896,19.242],[-69.897,19.242],[-69.897,19.244],[-69.898,19.244],[-69.898,19.245],[-69.901,19.245],[-69.901,19.244],[-69.902,19.244],[-69.902,19.243],[-69.903,19.243],[-69.903,19.244],[-69.905,19.244],[-69.906,19.243],[-69.908,19.243],[-69.909,19.244],[-69.91,19.244],[-69.911,19.245],[-69.913,19.245],[-69.914,19.246],[-69.915,19.246],[-69.915,19.247],[-69.916,19.247],[-69.916,19.248],[-69.917,19.249],[-69.916,19.25],[-69.914,19.251],[-69.913,19.251],[-69.914,19.252],[-69.914,19.253],[-69.916,19.253],[-69.916,19.256],[-69.917,19.256],[-69.917,19.257],[-69.918,19.257],[-69.918,19.259],[-69.919,19.259],[-69.919,19.258],[-69.921,19.258],[-69.921,19.26],[-69.922,19.26],[-69.923,19.259],[-69.923,19.258],[-69.924,19.258],[-69.924,19.259],[-69.925,19.258],[-69.927,19.258],[-69.927,19.256],[-69.93,19.256],[-69.93,19.255],[-69.931,19.255],[-69.931,19.254],[-69.933,19.252],[-69.934,19.252],[-69.935,19.253],[-69.935,19.251],[-69.936,19.251],[-69.936,19.252],[-69.94,19.252],[-69.941,19.251],[-69.941,19.253],[-69.944,19.253],[-69.945,19.254],[-69.946,19.254],[-69.947,19.255],[-69.95,19.255],[-69.951,19.256],[-69.952,19.256],[-69.953,19.257],[-69.956,19.258],[-69.955,19.258],[-69.955,19.259],[-69.956,19.26],[-69.957,19.26],[-69.957,19.261],[-69.958,19.261],[-69.959,19.262],[-69.96,19.263],[-69.96,19.264],[-69.961,19.264],[-69.962,19.266],[-69.963,19.267],[-69.964,19.267],[-69.964,19.271],[-69.965,19.271],[-69.965,19.272],[-69.967,19.272],[-69.969,19.271],[-69.971,19.271],[-69.972,19.272],[-69.973,19.272],[-69.973,19.27],[-69.975,19.27],[-69.976,19.269],[-69.979,19.269],[-69.979,19.27],[-69.98,19.27],[-69.98,19.271],[-69.981,19.271],[-69.982,19.27],[-69.984,19.27],[-69.985,19.271],[-69.986,19.271],[-69.986,19.272],[-69.987,19.272],[-69.987,19.273],[-69.991,19.273],[-69.992,19.272],[-69.994,19.272],[-69.995,19.273],[-69.998,19.273],[-69.999,19.272],[-70,19.27],[-70.001,19.27],[-70.002,19.269],[-70.002,19.27],[-70.003,19.27],[-70.003,19.271],[-70.002,19.272],[-70.002,19.273],[-70.001,19.274],[-70.001,19.275],[-70.003,19.275],[-70.004,19.274],[-70.005,19.274],[-70.005,19.275],[-70.006,19.276],[-70.01,19.276],[-70.01,19.275],[-70.015,19.275],[-70.015,19.274],[-70.017,19.274],[-70.017,19.276],[-70.018,19.277],[-70.019,19.278],[-70.019,19.279],[-70.021,19.279],[-70.021,19.28],[-70.022,19.28],[-70.022,19.283],[-70.021,19.284],[-70.021,19.286],[-70.02,19.287],[-70.02,19.288],[-70.019,19.289],[-70.018,19.291],[-70.017,19.291],[-70.016,19.292],[-70.016,19.293],[-70.015,19.294],[-70.015,19.299],[-70.014,19.3],[-70.015,19.301],[-70.015,19.302],[-70.016,19.303],[-70.016,19.304],[-70.017,19.306],[-70.018,19.307],[-70.018,19.313],[-70.017,19.314],[-70.018,19.315],[-70.018,19.316],[-70.017,19.317],[-70.016,19.318],[-70.015,19.319],[-70.015,19.32],[-70.016,19.321],[-70.016,19.322],[-70.019,19.322],[-70.02,19.323],[-70.027,19.323],[-70.028,19.322],[-70.032,19.322],[-70.033,19.323],[-70.035,19.324],[-70.037,19.325],[-70.041,19.325],[-70.042,19.326],[-70.043,19.326],[-70.044,19.327],[-70.045,19.328],[-70.046,19.329],[-70.048,19.33],[-70.05,19.33],[-70.051,19.332],[-70.054,19.332],[-70.056,19.333],[-70.061,19.335],[-70.062,19.335],[-70.062,19.334],[-70.063,19.335],[-70.066,19.335],[-70.067,19.336],[-70.069,19.336],[-70.071,19.337],[-70.072,19.338],[-70.073,19.339],[-70.075,19.339],[-70.076,19.34],[-70.077,19.34],[-70.077,19.341],[-70.08,19.341],[-70.08,19.342],[-70.083,19.342],[-70.084,19.343],[-70.087,19.343],[-70.088,19.344],[-70.092,19.344],[-70.094,19.345],[-70.096,19.345],[-70.096,19.346],[-70.097,19.346],[-70.098,19.347],[-70.099,19.347],[-70.1,19.348],[-70.1,19.349],[-70.101,19.35],[-70.102,19.351],[-70.104,19.352],[-70.104,19.353],[-70.103,19.354],[-70.103,19.355],[-70.102,19.356],[-70.102,19.357],[-70.1,19.359],[-70.099,19.36],[-70.099,19.361],[-70.098,19.362],[-70.097,19.363],[-70.097,19.365],[-70.096,19.365],[-70.096,19.367],[-70.095,19.368],[-70.095,19.369],[-70.094,19.369],[-70.094,19.371],[-70.093,19.371],[-70.092,19.372],[-70.091,19.372],[-70.09,19.373],[-70.09,19.374],[-70.089,19.374],[-70.089,19.375],[-70.09,19.376],[-70.091,19.376],[-70.091,19.379],[-70.09,19.381],[-70.09,19.382],[-70.091,19.382],[-70.09,19.383],[-70.09,19.384],[-70.089,19.385],[-70.088,19.386],[-70.087,19.386],[-70.086,19.387],[-70.086,19.39],[-70.085,19.39],[-70.085,19.392],[-70.084,19.392],[-70.084,19.393],[-70.083,19.394],[-70.082,19.395],[-70.082,19.396],[-70.081,19.396],[-70.08,19.397],[-70.08,19.4],[-70.081,19.4],[-70.08,19.401],[-70.079,19.401],[-70.079,19.402],[-70.081,19.402],[-70.081,19.403],[-70.08,19.403],[-70.08,19.404],[-70.081,19.404],[-70.08,19.405],[-70.079,19.405],[-70.079,19.406],[-70.078,19.407],[-70.078,19.408],[-70.077,19.408],[-70.077,19.41],[-70.078,19.41],[-70.078,19.413],[-70.079,19.414],[-70.078,19.415],[-70.079,19.415],[-70.079,19.416],[-70.08,19.416],[-70.079,19.417],[-70.079,19.422],[-70.08,19.423],[-70.079,19.423],[-70.079,19.426],[-70.08,19.426],[-70.08,19.428],[-70.079,19.429],[-70.079,19.43],[-70.08,19.43],[-70.08,19.432],[-70.081,19.433],[-70.082,19.433],[-70.083,19.432],[-70.085,19.431],[-70.09,19.431],[-70.092,19.432],[-70.093,19.432],[-70.094,19.433],[-70.096,19.434],[-70.102,19.434],[-70.103,19.435],[-70.104,19.435],[-70.105,19.436],[-70.106,19.437],[-70.114,19.437],[-70.114,19.434],[-70.113,19.434],[-70.113,19.433],[-70.117,19.433],[-70.118,19.432],[-70.118,19.428],[-70.119,19.428],[-70.12,19.429],[-70.123,19.429],[-70.124,19.43],[-70.125,19.429],[-70.126,19.429],[-70.126,19.432],[-70.125,19.433],[-70.126,19.434],[-70.126,19.438],[-70.124,19.44],[-70.125,19.441],[-70.125,19.444],[-70.124,19.445],[-70.124,19.447],[-70.125,19.447],[-70.125,19.448],[-70.126,19.449],[-70.127,19.45],[-70.127,19.451],[-70.128,19.452],[-70.129,19.453],[-70.13,19.454],[-70.13,19.455],[-70.131,19.455],[-70.131,19.457],[-70.132,19.458],[-70.133,19.46],[-70.132,19.461],[-70.132,19.462],[-70.13,19.463],[-70.128,19.465],[-70.128,19.467],[-70.129,19.468],[-70.129,19.472],[-70.128,19.473],[-70.129,19.474],[-70.13,19.475],[-70.131,19.476],[-70.131,19.477],[-70.132,19.478],[-70.132,19.48],[-70.131,19.481],[-70.13,19.482],[-70.13,19.484],[-70.131,19.484],[-70.132,19.485],[-70.134,19.486],[-70.135,19.486],[-70.136,19.487],[-70.137,19.487],[-70.137,19.495],[-70.136,19.496],[-70.136,19.502],[-70.137,19.503],[-70.137,19.506],[-70.138,19.507],[-70.138,19.508],[-70.139,19.509],[-70.14,19.509],[-70.141,19.51],[-70.149,19.51],[-70.149,19.511],[-70.152,19.511],[-70.152,19.51],[-70.153,19.51],[-70.153,19.511],[-70.154,19.511],[-70.154,19.51],[-70.16,19.51],[-70.161,19.511],[-70.162,19.512],[-70.164,19.513],[-70.165,19.513],[-70.167,19.514],[-70.172,19.514],[-70.172,19.515],[-70.177,19.515],[-70.18,19.516],[-70.181,19.515],[-70.182,19.515],[-70.185,19.516],[-70.189,19.516],[-70.19,19.517],[-70.2,19.517],[-70.2,19.516],[-70.206,19.516],[-70.207,19.515],[-70.212,19.515],[-70.213,19.514],[-70.215,19.514],[-70.215,19.515],[-70.222,19.515],[-70.222,19.516],[-70.229,19.516],[-70.229,19.517],[-70.231,19.517],[-70.232,19.518],[-70.237,19.518],[-70.238,19.519],[-70.241,19.519],[-70.242,19.52],[-70.243,19.52],[-70.244,19.521],[-70.245,19.522],[-70.252,19.522],[-70.254,19.523],[-70.254,19.522],[-70.253,19.52],[-70.252,19.519],[-70.251,19.518],[-70.25,19.518],[-70.249,19.517],[-70.248,19.516],[-70.248,19.514],[-70.249,19.513],[-70.25,19.512],[-70.25,19.509],[-70.249,19.508],[-70.249,19.506],[-70.25,19.505],[-70.251,19.504],[-70.251,19.502],[-70.25,19.5],[-70.25,19.497],[-70.251,19.496],[-70.252,19.496],[-70.253,19.495],[-70.254,19.494],[-70.254,19.493],[-70.255,19.491],[-70.255,19.49],[-70.256,19.489],[-70.257,19.489],[-70.257,19.487],[-70.259,19.487],[-70.26,19.486],[-70.261,19.486],[-70.262,19.487],[-70.266,19.487],[-70.267,19.486],[-70.271,19.486],[-70.271,19.485],[-70.272,19.485],[-70.273,19.486],[-70.274,19.487],[-70.275,19.488],[-70.276,19.489],[-70.277,19.489],[-70.278,19.49],[-70.28,19.49],[-70.28,19.491],[-70.281,19.491],[-70.283,19.49],[-70.285,19.489],[-70.286,19.489],[-70.287,19.488],[-70.289,19.488],[-70.289,19.487],[-70.29,19.487],[-70.291,19.486],[-70.292,19.485],[-70.293,19.484],[-70.294,19.483],[-70.295,19.483],[-70.295,19.482],[-70.296,19.481],[-70.295,19.48],[-70.296,19.48],[-70.296,19.479],[-70.295,19.479],[-70.295,19.477],[-70.294,19.476],[-70.294,19.475],[-70.293,19.475],[-70.293,19.471],[-70.292,19.471],[-70.292,19.469],[-70.291,19.469],[-70.289,19.468],[-70.288,19.468],[-70.288,19.466],[-70.289,19.466],[-70.289,19.465],[-70.291,19.465],[-70.291,19.464],[-70.292,19.464],[-70.293,19.463],[-70.293,19.462],[-70.295,19.462],[-70.295,19.46],[-70.294,19.46],[-70.293,19.459],[-70.29,19.459],[-70.29,19.458],[-70.287,19.458],[-70.286,19.459],[-70.283,19.459],[-70.283,19.458],[-70.282,19.458],[-70.282,19.457],[-70.283,19.456],[-70.283,19.454],[-70.284,19.453],[-70.283,19.453],[-70.283,19.452],[-70.28,19.452],[-70.28,19.451],[-70.279,19.451],[-70.279,19.45],[-70.278,19.45],[-70.278,19.451],[-70.276,19.451],[-70.276,19.45],[-70.275,19.45],[-70.275,19.451],[-70.273,19.451],[-70.273,19.454],[-70.272,19.454],[-70.272,19.455],[-70.267,19.455],[-70.267,19.458],[-70.266,19.458],[-70.266,19.457],[-70.265,19.457],[-70.264,19.456],[-70.264,19.455],[-70.262,19.455],[-70.261,19.456],[-70.261,19.455],[-70.26,19.455],[-70.261,19.454],[-70.261,19.453],[-70.259,19.453],[-70.259,19.452],[-70.26,19.452],[-70.26,19.451],[-70.259,19.45],[-70.259,19.448],[-70.26,19.447],[-70.26,19.446],[-70.262,19.446],[-70.262,19.445],[-70.264,19.445],[-70.264,19.446],[-70.265,19.446],[-70.265,19.447],[-70.266,19.447],[-70.266,19.448],[-70.268,19.448],[-70.268,19.446],[-70.27,19.446],[-70.27,19.447],[-70.274,19.447],[-70.274,19.446],[-70.276,19.446],[-70.277,19.445],[-70.277,19.444],[-70.279,19.444],[-70.279,19.443],[-70.28,19.443],[-70.28,19.441],[-70.281,19.441],[-70.281,19.439],[-70.28,19.439],[-70.28,19.434],[-70.279,19.434],[-70.279,19.433],[-70.28,19.433],[-70.28,19.431],[-70.281,19.431],[-70.281,19.433],[-70.282,19.433],[-70.282,19.432],[-70.284,19.432],[-70.284,19.428],[-70.285,19.428],[-70.285,19.429],[-70.286,19.429],[-70.286,19.428],[-70.288,19.428],[-70.289,19.427],[-70.292,19.427],[-70.292,19.425],[-70.293,19.425],[-70.293,19.424],[-70.295,19.424],[-70.295,19.423],[-70.294,19.423],[-70.294,19.42],[-70.295,19.42],[-70.295,19.419],[-70.296,19.418],[-70.297,19.418],[-70.298,19.417],[-70.299,19.417],[-70.299,19.416],[-70.301,19.416],[-70.302,19.415],[-70.302,19.413],[-70.303,19.414],[-70.304,19.414],[-70.304,19.413],[-70.305,19.413],[-70.305,19.412],[-70.306,19.411],[-70.307,19.411],[-70.307,19.41],[-70.308,19.41],[-70.308,19.406],[-70.309,19.405],[-70.309,19.404],[-70.31,19.403],[-70.31,19.402],[-70.311,19.402],[-70.311,19.401],[-70.312,19.4],[-70.313,19.399],[-70.313,19.398],[-70.314,19.398],[-70.314,19.397],[-70.315,19.397],[-70.315,19.396],[-70.323,19.396],[-70.323,19.394],[-70.324,19.393],[-70.325,19.392],[-70.325,19.391],[-70.324,19.391],[-70.324,19.389],[-70.323,19.389],[-70.323,19.388],[-70.322,19.387],[-70.322,19.386],[-70.323,19.385],[-70.323,19.381],[-70.324,19.381],[-70.323,19.38],[-70.324,19.38],[-70.324,19.378],[-70.325,19.378],[-70.325,19.377],[-70.326,19.377],[-70.326,19.376],[-70.328,19.376],[-70.328,19.375],[-70.329,19.375],[-70.329,19.374],[-70.328,19.374],[-70.328,19.368],[-70.327,19.368],[-70.327,19.367],[-70.326,19.366],[-70.326,19.365],[-70.327,19.365],[-70.327,19.364],[-70.328,19.364],[-70.328,19.362],[-70.329,19.362],[-70.33,19.361],[-70.331,19.36],[-70.332,19.359],[-70.332,19.358],[-70.333,19.357],[-70.333,19.354],[-70.335,19.354],[-70.335,19.352],[-70.336,19.352],[-70.336,19.351],[-70.337,19.35],[-70.337,19.347],[-70.338,19.346],[-70.338,19.345],[-70.339,19.345],[-70.339,19.342],[-70.34,19.341],[-70.34,19.339],[-70.339,19.339],[-70.339,19.337],[-70.338,19.336],[-70.338,19.334],[-70.34,19.335],[-70.34,19.337],[-70.341,19.338],[-70.342,19.339],[-70.343,19.34],[-70.344,19.341],[-70.344,19.343],[-70.346,19.343],[-70.346,19.344],[-70.348,19.344],[-70.349,19.343],[-70.35,19.343],[-70.351,19.342],[-70.352,19.342],[-70.352,19.341],[-70.353,19.341],[-70.353,19.337],[-70.352,19.336],[-70.352,19.334],[-70.351,19.333],[-70.347,19.333],[-70.347,19.332],[-70.346,19.332],[-70.347,19.331],[-70.347,19.33],[-70.346,19.33],[-70.346,19.329],[-70.348,19.329],[-70.347,19.328],[-70.347,19.327],[-70.348,19.327],[-70.349,19.326],[-70.348,19.326],[-70.348,19.322],[-70.349,19.322],[-70.349,19.319],[-70.348,19.319],[-70.349,19.317],[-70.348,19.317],[-70.348,19.315],[-70.347,19.315],[-70.347,19.314],[-70.348,19.314],[-70.348,19.313],[-70.347,19.313],[-70.347,19.311],[-70.346,19.311],[-70.346,19.312],[-70.345,19.312],[-70.345,19.311],[-70.344,19.311],[-70.344,19.309],[-70.346,19.308],[-70.347,19.308],[-70.347,19.306],[-70.346,19.306],[-70.346,19.305],[-70.344,19.305],[-70.344,19.302],[-70.346,19.302],[-70.346,19.3],[-70.344,19.3],[-70.344,19.298],[-70.343,19.298],[-70.343,19.297],[-70.346,19.297],[-70.346,19.295],[-70.347,19.295],[-70.347,19.294],[-70.348,19.294],[-70.348,19.292],[-70.349,19.291],[-70.349,19.292],[-70.35,19.292],[-70.35,19.291],[-70.351,19.291],[-70.351,19.29],[-70.352,19.29],[-70.352,19.285],[-70.353,19.285],[-70.353,19.287],[-70.354,19.287],[-70.354,19.282],[-70.356,19.282],[-70.356,19.284],[-70.358,19.284],[-70.358,19.282],[-70.361,19.282],[-70.361,19.281],[-70.362,19.281],[-70.362,19.282],[-70.363,19.282],[-70.363,19.281],[-70.364,19.281],[-70.364,19.28],[-70.362,19.28],[-70.362,19.278],[-70.364,19.278],[-70.364,19.277],[-70.366,19.277],[-70.366,19.276],[-70.367,19.276],[-70.367,19.274],[-70.366,19.274],[-70.366,19.273],[-70.367,19.273],[-70.367,19.272],[-70.368,19.272],[-70.368,19.271],[-70.367,19.271],[-70.367,19.27],[-70.368,19.27],[-70.368,19.267],[-70.369,19.266],[-70.367,19.266],[-70.367,19.265],[-70.369,19.265],[-70.369,19.264],[-70.367,19.264],[-70.367,19.263],[-70.37,19.263],[-70.37,19.262],[-70.369,19.262],[-70.369,19.261],[-70.368,19.261],[-70.368,19.26],[-70.37,19.26],[-70.37,19.259],[-70.371,19.259],[-70.371,19.258],[-70.37,19.258],[-70.369,19.257],[-70.369,19.254],[-70.37,19.254],[-70.37,19.255],[-70.371,19.255],[-70.371,19.253]],[[-70.136,19.163],[-70.137,19.163],[-70.137,19.164],[-70.136,19.164],[-70.136,19.163]],[[-69.907,19.055],[-69.906,19.055],[-69.906,19.054],[-69.907,19.054],[-69.907,19.055]],[[-70.266,19.458],[-70.266,19.459],[-70.265,19.459],[-70.265,19.458],[-70.266,19.458]]],[[[-70.358,19.217],[-70.357,19.217],[-70.357,19.218],[-70.358,19.218],[-70.358,19.217]]],[[[-70.355,19.211],[-70.354,19.211],[-70.354,19.212],[-70.355,19.212],[-70.355,19.211]]],[[[-70.329,19.189],[-70.328,19.189],[-70.328,19.19],[-70.329,19.19],[-70.329,19.189]]],[[[-70.327,19.188],[-70.326,19.188],[-70.326,19.189],[-70.327,19.188]]],[[[-69.997,19.074],[-69.996,19.074],[-69.996,19.075],[-69.997,19.074]]]]}},{"type":"Feature","properties":{"shapeName":"Peravia","provinceKey":"peravia","shapeType":"ADM1"},"geometry":{"type":"MultiPolygon","coordinates":[[[[-70.585,18.27],[-70.581,18.27],[-70.581,18.269],[-70.58,18.269],[-70.58,18.266],[-70.579,18.266],[-70.579,18.264],[-70.578,18.263],[-70.578,18.262],[-70.577,18.262],[-70.577,18.261],[-70.576,18.261],[-70.576,18.26],[-70.571,18.26],[-70.571,18.259],[-70.57,18.259],[-70.57,18.258],[-70.562,18.258],[-70.561,18.257],[-70.56,18.257],[-70.559,18.256],[-70.559,18.254],[-70.557,18.254],[-70.557,18.253],[-70.554,18.253],[-70.554,18.252],[-70.552,18.252],[-70.552,18.251],[-70.551,18.251],[-70.55,18.25],[-70.55,18.249],[-70.549,18.249],[-70.549,18.247],[-70.55,18.247],[-70.55,18.246],[-70.548,18.246],[-70.547,18.245],[-70.546,18.245],[-70.546,18.243],[-70.545,18.243],[-70.545,18.242],[-70.543,18.242],[-70.543,18.238],[-70.541,18.238],[-70.54,18.237],[-70.539,18.237],[-70.539,18.236],[-70.538,18.236],[-70.538,18.235],[-70.537,18.235],[-70.537,18.234],[-70.536,18.233],[-70.535,18.233],[-70.535,18.232],[-70.534,18.232],[-70.534,18.23],[-70.531,18.23],[-70.531,18.232],[-70.53,18.233],[-70.53,18.232],[-70.527,18.232],[-70.527,18.23],[-70.526,18.23],[-70.526,18.231],[-70.524,18.231],[-70.524,18.23],[-70.522,18.23],[-70.522,18.229],[-70.52,18.229],[-70.52,18.228],[-70.518,18.228],[-70.518,18.227],[-70.517,18.226],[-70.516,18.226],[-70.515,18.225],[-70.514,18.224],[-70.514,18.223],[-70.513,18.223],[-70.513,18.222],[-70.512,18.222],[-70.512,18.219],[-70.511,18.219],[-70.511,18.218],[-70.513,18.218],[-70.513,18.217],[-70.514,18.217],[-70.514,18.216],[-70.516,18.216],[-70.516,18.215],[-70.519,18.215],[-70.519,18.214],[-70.521,18.214],[-70.521,18.213],[-70.524,18.213],[-70.524,18.214],[-70.531,18.214],[-70.532,18.215],[-70.533,18.215],[-70.533,18.216],[-70.536,18.216],[-70.536,18.215],[-70.537,18.215],[-70.536,18.214],[-70.536,18.213],[-70.537,18.213],[-70.538,18.214],[-70.54,18.214],[-70.54,18.213],[-70.549,18.213],[-70.549,18.214],[-70.55,18.215],[-70.55,18.225],[-70.549,18.225],[-70.549,18.226],[-70.548,18.226],[-70.547,18.227],[-70.547,18.228],[-70.548,18.228],[-70.549,18.227],[-70.55,18.227],[-70.55,18.226],[-70.551,18.226],[-70.552,18.225],[-70.553,18.225],[-70.554,18.224],[-70.555,18.224],[-70.555,18.223],[-70.556,18.223],[-70.557,18.222],[-70.558,18.222],[-70.559,18.221],[-70.559,18.22],[-70.56,18.22],[-70.56,18.219],[-70.561,18.218],[-70.561,18.216],[-70.562,18.216],[-70.562,18.214],[-70.563,18.214],[-70.563,18.212],[-70.564,18.212],[-70.564,18.21],[-70.569,18.21],[-70.569,18.208],[-70.568,18.208],[-70.567,18.207],[-70.566,18.206],[-70.565,18.206],[-70.564,18.205],[-70.559,18.205],[-70.558,18.204],[-70.557,18.205],[-70.556,18.205],[-70.555,18.204],[-70.546,18.204],[-70.546,18.205],[-70.542,18.205],[-70.541,18.206],[-70.538,18.206],[-70.537,18.207],[-70.531,18.207],[-70.531,18.208],[-70.529,18.207],[-70.526,18.207],[-70.525,18.206],[-70.524,18.206],[-70.523,18.205],[-70.522,18.205],[-70.522,18.204],[-70.521,18.203],[-70.52,18.202],[-70.519,18.201],[-70.518,18.2],[-70.517,18.199],[-70.516,18.199],[-70.516,18.198],[-70.515,18.197],[-70.515,18.196],[-70.514,18.195],[-70.508,18.195],[-70.507,18.194],[-70.504,18.194],[-70.503,18.193],[-70.502,18.193],[-70.502,18.194],[-70.499,18.194],[-70.499,18.195],[-70.496,18.195],[-70.495,18.196],[-70.492,18.196],[-70.491,18.197],[-70.489,18.197],[-70.489,18.198],[-70.487,18.198],[-70.486,18.199],[-70.485,18.199],[-70.484,18.2],[-70.482,18.2],[-70.481,18.201],[-70.478,18.201],[-70.477,18.202],[-70.474,18.202],[-70.474,18.203],[-70.472,18.203],[-70.472,18.204],[-70.465,18.204],[-70.465,18.205],[-70.463,18.205],[-70.462,18.206],[-70.461,18.206],[-70.461,18.207],[-70.46,18.207],[-70.459,18.208],[-70.458,18.209],[-70.457,18.209],[-70.457,18.21],[-70.455,18.21],[-70.455,18.211],[-70.453,18.211],[-70.452,18.212],[-70.451,18.212],[-70.451,18.213],[-70.45,18.213],[-70.45,18.214],[-70.449,18.214],[-70.448,18.215],[-70.447,18.215],[-70.446,18.216],[-70.445,18.216],[-70.445,18.217],[-70.443,18.217],[-70.443,18.218],[-70.442,18.218],[-70.442,18.219],[-70.44,18.219],[-70.439,18.22],[-70.438,18.221],[-70.437,18.222],[-70.435,18.222],[-70.435,18.223],[-70.434,18.223],[-70.433,18.224],[-70.432,18.224],[-70.432,18.225],[-70.43,18.225],[-70.43,18.226],[-70.428,18.226],[-70.427,18.227],[-70.425,18.227],[-70.424,18.228],[-70.423,18.228],[-70.423,18.229],[-70.422,18.229],[-70.421,18.23],[-70.415,18.23],[-70.414,18.231],[-70.409,18.231],[-70.409,18.232],[-70.407,18.232],[-70.407,18.233],[-70.405,18.233],[-70.405,18.234],[-70.403,18.234],[-70.402,18.235],[-70.401,18.235],[-70.4,18.236],[-70.398,18.236],[-70.397,18.237],[-70.384,18.237],[-70.383,18.236],[-70.382,18.236],[-70.381,18.235],[-70.379,18.235],[-70.378,18.234],[-70.377,18.234],[-70.377,18.233],[-70.375,18.233],[-70.375,18.232],[-70.374,18.232],[-70.373,18.231],[-70.352,18.231],[-70.351,18.23],[-70.346,18.23],[-70.345,18.229],[-70.343,18.229],[-70.342,18.228],[-70.34,18.228],[-70.338,18.227],[-70.321,18.227],[-70.32,18.228],[-70.31,18.228],[-70.309,18.229],[-70.302,18.229],[-70.302,18.23],[-70.3,18.23],[-70.299,18.231],[-70.298,18.231],[-70.298,18.232],[-70.296,18.232],[-70.295,18.233],[-70.294,18.233],[-70.294,18.234],[-70.292,18.234],[-70.291,18.235],[-70.289,18.235],[-70.288,18.236],[-70.286,18.236],[-70.285,18.237],[-70.282,18.237],[-70.281,18.238],[-70.276,18.238],[-70.275,18.237],[-70.267,18.237],[-70.266,18.236],[-70.263,18.236],[-70.263,18.235],[-70.262,18.235],[-70.261,18.234],[-70.259,18.234],[-70.258,18.233],[-70.257,18.233],[-70.257,18.232],[-70.255,18.232],[-70.255,18.231],[-70.253,18.231],[-70.253,18.23],[-70.249,18.23],[-70.248,18.229],[-70.245,18.229],[-70.245,18.228],[-70.244,18.228],[-70.244,18.227],[-70.242,18.227],[-70.242,18.226],[-70.241,18.226],[-70.241,18.225],[-70.24,18.224],[-70.239,18.223],[-70.238,18.223],[-70.237,18.222],[-70.236,18.222],[-70.236,18.223],[-70.235,18.223],[-70.235,18.224],[-70.233,18.224],[-70.233,18.225],[-70.232,18.225],[-70.232,18.226],[-70.23,18.226],[-70.229,18.227],[-70.228,18.227],[-70.228,18.228],[-70.226,18.228],[-70.225,18.229],[-70.224,18.229],[-70.223,18.23],[-70.222,18.23],[-70.222,18.231],[-70.221,18.231],[-70.22,18.232],[-70.219,18.232],[-70.218,18.233],[-70.216,18.233],[-70.216,18.234],[-70.214,18.234],[-70.213,18.235],[-70.205,18.235],[-70.204,18.234],[-70.203,18.234],[-70.203,18.233],[-70.201,18.233],[-70.2,18.232],[-70.199,18.232],[-70.198,18.231],[-70.197,18.231],[-70.196,18.23],[-70.191,18.23],[-70.19,18.229],[-70.188,18.229],[-70.188,18.231],[-70.187,18.232],[-70.187,18.234],[-70.188,18.235],[-70.188,18.236],[-70.189,18.236],[-70.19,18.237],[-70.191,18.238],[-70.191,18.239],[-70.192,18.24],[-70.192,18.245],[-70.19,18.247],[-70.19,18.248],[-70.189,18.249],[-70.189,18.254],[-70.19,18.254],[-70.19,18.256],[-70.189,18.257],[-70.189,18.258],[-70.187,18.258],[-70.187,18.259],[-70.186,18.259],[-70.186,18.27],[-70.185,18.271],[-70.185,18.274],[-70.186,18.275],[-70.186,18.276],[-70.187,18.277],[-70.187,18.28],[-70.188,18.281],[-70.189,18.282],[-70.19,18.282],[-70.191,18.283],[-70.192,18.283],[-70.193,18.284],[-70.196,18.284],[-70.197,18.283],[-70.204,18.283],[-70.204,18.284],[-70.205,18.284],[-70.206,18.285],[-70.207,18.286],[-70.208,18.287],[-70.208,18.297],[-70.209,18.298],[-70.209,18.3],[-70.21,18.301],[-70.21,18.302],[-70.211,18.303],[-70.211,18.304],[-70.212,18.306],[-70.212,18.307],[-70.216,18.307],[-70.217,18.308],[-70.217,18.309],[-70.218,18.31],[-70.218,18.313],[-70.219,18.314],[-70.227,18.314],[-70.228,18.315],[-70.228,18.316],[-70.229,18.317],[-70.229,18.325],[-70.23,18.326],[-70.231,18.326],[-70.232,18.327],[-70.233,18.327],[-70.235,18.328],[-70.236,18.329],[-70.237,18.329],[-70.238,18.331],[-70.239,18.331],[-70.239,18.332],[-70.24,18.333],[-70.242,18.335],[-70.242,18.34],[-70.243,18.34],[-70.243,18.344],[-70.246,18.344],[-70.246,18.345],[-70.247,18.345],[-70.247,18.348],[-70.248,18.348],[-70.248,18.35],[-70.249,18.35],[-70.249,18.352],[-70.248,18.352],[-70.248,18.353],[-70.247,18.353],[-70.247,18.354],[-70.246,18.355],[-70.247,18.356],[-70.246,18.358],[-70.246,18.359],[-70.247,18.36],[-70.248,18.362],[-70.249,18.363],[-70.25,18.364],[-70.25,18.365],[-70.251,18.366],[-70.253,18.367],[-70.256,18.367],[-70.257,18.366],[-70.259,18.365],[-70.26,18.364],[-70.261,18.364],[-70.263,18.363],[-70.264,18.362],[-70.264,18.361],[-70.266,18.36],[-70.27,18.36],[-70.27,18.361],[-70.271,18.361],[-70.271,18.364],[-70.272,18.366],[-70.272,18.373],[-70.273,18.373],[-70.272,18.376],[-70.272,18.378],[-70.273,18.381],[-70.274,18.382],[-70.275,18.384],[-70.276,18.384],[-70.276,18.385],[-70.278,18.385],[-70.279,18.384],[-70.28,18.383],[-70.281,18.382],[-70.281,18.381],[-70.282,18.38],[-70.282,18.379],[-70.284,18.379],[-70.284,18.38],[-70.285,18.38],[-70.286,18.382],[-70.287,18.383],[-70.288,18.384],[-70.288,18.385],[-70.289,18.385],[-70.289,18.387],[-70.288,18.387],[-70.287,18.388],[-70.286,18.388],[-70.285,18.389],[-70.282,18.389],[-70.281,18.39],[-70.281,18.391],[-70.28,18.392],[-70.28,18.395],[-70.281,18.395],[-70.281,18.397],[-70.28,18.397],[-70.279,18.398],[-70.278,18.398],[-70.278,18.399],[-70.277,18.4],[-70.278,18.401],[-70.278,18.402],[-70.279,18.403],[-70.278,18.404],[-70.274,18.404],[-70.273,18.403],[-70.27,18.403],[-70.268,18.402],[-70.263,18.402],[-70.262,18.403],[-70.261,18.404],[-70.261,18.405],[-70.26,18.406],[-70.26,18.409],[-70.259,18.409],[-70.258,18.412],[-70.255,18.413],[-70.252,18.413],[-70.25,18.414],[-70.249,18.415],[-70.246,18.415],[-70.245,18.417],[-70.243,18.419],[-70.245,18.423],[-70.246,18.424],[-70.247,18.425],[-70.252,18.427],[-70.255,18.428],[-70.26,18.428],[-70.262,18.429],[-70.262,18.43],[-70.263,18.431],[-70.263,18.432],[-70.262,18.433],[-70.262,18.434],[-70.26,18.435],[-70.259,18.435],[-70.259,18.436],[-70.258,18.436],[-70.258,18.437],[-70.259,18.438],[-70.26,18.438],[-70.261,18.437],[-70.263,18.437],[-70.264,18.438],[-70.265,18.438],[-70.265,18.439],[-70.266,18.439],[-70.266,18.441],[-70.265,18.441],[-70.264,18.442],[-70.263,18.443],[-70.262,18.443],[-70.261,18.444],[-70.26,18.444],[-70.26,18.446],[-70.263,18.446],[-70.263,18.447],[-70.265,18.448],[-70.266,18.448],[-70.266,18.451],[-70.264,18.451],[-70.264,18.452],[-70.263,18.452],[-70.263,18.455],[-70.264,18.456],[-70.265,18.456],[-70.265,18.457],[-70.266,18.458],[-70.267,18.458],[-70.268,18.457],[-70.269,18.456],[-70.269,18.455],[-70.27,18.454],[-70.274,18.454],[-70.275,18.455],[-70.276,18.455],[-70.278,18.457],[-70.278,18.459],[-70.281,18.459],[-70.281,18.458],[-70.282,18.458],[-70.283,18.457],[-70.284,18.457],[-70.284,18.456],[-70.285,18.456],[-70.285,18.454],[-70.286,18.453],[-70.286,18.454],[-70.287,18.454],[-70.287,18.456],[-70.288,18.457],[-70.289,18.458],[-70.29,18.459],[-70.29,18.46],[-70.291,18.461],[-70.292,18.462],[-70.292,18.465],[-70.289,18.465],[-70.289,18.466],[-70.29,18.467],[-70.29,18.469],[-70.289,18.469],[-70.288,18.47],[-70.287,18.471],[-70.288,18.471],[-70.288,18.472],[-70.291,18.472],[-70.291,18.473],[-70.292,18.473],[-70.292,18.474],[-70.289,18.474],[-70.288,18.475],[-70.289,18.476],[-70.29,18.477],[-70.292,18.477],[-70.292,18.478],[-70.293,18.478],[-70.294,18.479],[-70.295,18.479],[-70.296,18.478],[-70.3,18.478],[-70.301,18.479],[-70.302,18.479],[-70.302,18.48],[-70.301,18.481],[-70.301,18.483],[-70.303,18.483],[-70.303,18.485],[-70.302,18.486],[-70.302,18.487],[-70.306,18.487],[-70.307,18.488],[-70.306,18.488],[-70.306,18.49],[-70.31,18.49],[-70.31,18.493],[-70.309,18.494],[-70.31,18.495],[-70.312,18.495],[-70.313,18.494],[-70.313,18.493],[-70.316,18.493],[-70.317,18.494],[-70.318,18.494],[-70.319,18.495],[-70.32,18.496],[-70.321,18.496],[-70.322,18.497],[-70.325,18.497],[-70.326,18.498],[-70.326,18.502],[-70.327,18.502],[-70.327,18.503],[-70.328,18.502],[-70.33,18.502],[-70.33,18.503],[-70.331,18.503],[-70.33,18.504],[-70.33,18.506],[-70.329,18.507],[-70.33,18.507],[-70.33,18.51],[-70.331,18.51],[-70.331,18.509],[-70.333,18.509],[-70.334,18.508],[-70.335,18.508],[-70.335,18.507],[-70.336,18.507],[-70.336,18.505],[-70.335,18.505],[-70.335,18.504],[-70.336,18.504],[-70.336,18.502],[-70.337,18.501],[-70.338,18.5],[-70.34,18.5],[-70.34,18.502],[-70.339,18.502],[-70.339,18.504],[-70.342,18.504],[-70.342,18.503],[-70.346,18.503],[-70.346,18.502],[-70.347,18.503],[-70.349,18.505],[-70.35,18.506],[-70.351,18.506],[-70.352,18.507],[-70.355,18.507],[-70.355,18.508],[-70.356,18.507],[-70.358,18.507],[-70.357,18.506],[-70.357,18.504],[-70.358,18.503],[-70.361,18.503],[-70.361,18.5],[-70.362,18.5],[-70.363,18.499],[-70.364,18.499],[-70.365,18.498],[-70.365,18.497],[-70.368,18.497],[-70.368,18.496],[-70.369,18.495],[-70.37,18.494],[-70.371,18.493],[-70.37,18.493],[-70.371,18.492],[-70.371,18.491],[-70.372,18.491],[-70.372,18.49],[-70.373,18.49],[-70.373,18.489],[-70.372,18.489],[-70.372,18.488],[-70.371,18.488],[-70.371,18.487],[-70.372,18.487],[-70.372,18.486],[-70.374,18.486],[-70.374,18.483],[-70.379,18.483],[-70.379,18.482],[-70.38,18.481],[-70.381,18.481],[-70.382,18.48],[-70.383,18.48],[-70.383,18.479],[-70.385,18.479],[-70.386,18.478],[-70.387,18.478],[-70.387,18.479],[-70.389,18.48],[-70.39,18.479],[-70.391,18.478],[-70.394,18.478],[-70.394,18.477],[-70.395,18.477],[-70.395,18.476],[-70.396,18.476],[-70.396,18.475],[-70.397,18.474],[-70.397,18.473],[-70.399,18.473],[-70.4,18.472],[-70.404,18.472],[-70.413,18.469],[-70.415,18.468],[-70.417,18.468],[-70.417,18.467],[-70.421,18.466],[-70.422,18.466],[-70.422,18.467],[-70.425,18.467],[-70.426,18.466],[-70.427,18.466],[-70.428,18.467],[-70.429,18.468],[-70.43,18.467],[-70.43,18.465],[-70.432,18.465],[-70.432,18.464],[-70.433,18.464],[-70.435,18.463],[-70.436,18.462],[-70.437,18.462],[-70.437,18.461],[-70.438,18.46],[-70.438,18.459],[-70.44,18.459],[-70.44,18.457],[-70.441,18.457],[-70.441,18.455],[-70.444,18.455],[-70.444,18.456],[-70.445,18.456],[-70.445,18.458],[-70.446,18.458],[-70.446,18.457],[-70.448,18.457],[-70.448,18.456],[-70.449,18.456],[-70.45,18.457],[-70.451,18.457],[-70.451,18.454],[-70.456,18.454],[-70.456,18.455],[-70.457,18.455],[-70.457,18.456],[-70.46,18.456],[-70.46,18.455],[-70.463,18.455],[-70.464,18.454],[-70.465,18.454],[-70.465,18.452],[-70.466,18.452],[-70.466,18.453],[-70.468,18.453],[-70.468,18.452],[-70.469,18.451],[-70.47,18.451],[-70.47,18.448],[-70.471,18.448],[-70.471,18.447],[-70.469,18.447],[-70.469,18.445],[-70.468,18.444],[-70.469,18.444],[-70.469,18.442],[-70.47,18.442],[-70.47,18.439],[-70.471,18.438],[-70.472,18.438],[-70.472,18.437],[-70.473,18.437],[-70.473,18.435],[-70.474,18.435],[-70.474,18.433],[-70.475,18.433],[-70.475,18.43],[-70.476,18.43],[-70.476,18.429],[-70.477,18.429],[-70.477,18.428],[-70.476,18.428],[-70.477,18.427],[-70.477,18.425],[-70.478,18.425],[-70.478,18.42],[-70.477,18.42],[-70.476,18.419],[-70.474,18.418],[-70.474,18.417],[-70.473,18.416],[-70.472,18.416],[-70.472,18.415],[-70.471,18.414],[-70.471,18.412],[-70.47,18.41],[-70.47,18.404],[-70.471,18.402],[-70.471,18.4],[-70.472,18.399],[-70.472,18.389],[-70.473,18.388],[-70.473,18.386],[-70.474,18.385],[-70.474,18.384],[-70.475,18.383],[-70.476,18.383],[-70.476,18.381],[-70.477,18.38],[-70.478,18.379],[-70.478,18.378],[-70.479,18.377],[-70.48,18.376],[-70.481,18.376],[-70.482,18.375],[-70.483,18.373],[-70.483,18.372],[-70.484,18.372],[-70.484,18.371],[-70.485,18.37],[-70.487,18.37],[-70.488,18.369],[-70.488,18.367],[-70.489,18.366],[-70.49,18.364],[-70.49,18.359],[-70.491,18.358],[-70.491,18.356],[-70.492,18.355],[-70.492,18.352],[-70.491,18.351],[-70.491,18.35],[-70.49,18.349],[-70.49,18.348],[-70.489,18.348],[-70.489,18.342],[-70.488,18.342],[-70.488,18.332],[-70.487,18.332],[-70.487,18.331],[-70.486,18.33],[-70.486,18.324],[-70.487,18.322],[-70.487,18.32],[-70.488,18.319],[-70.488,18.318],[-70.489,18.317],[-70.489,18.315],[-70.49,18.314],[-70.491,18.312],[-70.491,18.31],[-70.492,18.309],[-70.492,18.307],[-70.493,18.305],[-70.493,18.303],[-70.494,18.301],[-70.495,18.299],[-70.496,18.297],[-70.498,18.294],[-70.498,18.293],[-70.499,18.292],[-70.5,18.291],[-70.502,18.289],[-70.504,18.289],[-70.505,18.288],[-70.511,18.288],[-70.513,18.287],[-70.515,18.287],[-70.516,18.286],[-70.518,18.286],[-70.52,18.285],[-70.52,18.284],[-70.521,18.284],[-70.522,18.283],[-70.532,18.283],[-70.533,18.282],[-70.546,18.282],[-70.548,18.283],[-70.551,18.283],[-70.552,18.282],[-70.554,18.283],[-70.555,18.282],[-70.558,18.282],[-70.56,18.281],[-70.562,18.28],[-70.566,18.28],[-70.568,18.279],[-70.579,18.279],[-70.581,18.278],[-70.582,18.277],[-70.583,18.276],[-70.583,18.275],[-70.584,18.274],[-70.584,18.272],[-70.585,18.271],[-70.585,18.27]]]]}},{"type":"Feature","properties":{"shapeName":"Dajabón","provinceKey":"dajabon","shapeType":"ADM1"},"geometry":{"type":"MultiPolygon","coordinates":[[[[-71.786,19.331],[-71.785,19.331],[-71.784,19.33],[-71.783,19.33],[-71.782,19.329],[-71.779,19.329],[-71.779,19.328],[-71.778,19.328],[-71.778,19.327],[-71.777,19.327],[-71.777,19.323],[-71.775,19.323],[-71.775,19.322],[-71.774,19.322],[-71.775,19.321],[-71.771,19.32],[-71.771,19.321],[-71.769,19.321],[-71.769,19.319],[-71.77,19.319],[-71.77,19.317],[-71.768,19.317],[-71.768,19.315],[-71.767,19.315],[-71.767,19.312],[-71.766,19.312],[-71.766,19.31],[-71.765,19.31],[-71.765,19.308],[-71.763,19.308],[-71.763,19.306],[-71.764,19.306],[-71.764,19.305],[-71.765,19.304],[-71.764,19.304],[-71.764,19.303],[-71.763,19.303],[-71.763,19.305],[-71.762,19.305],[-71.762,19.304],[-71.761,19.303],[-71.761,19.304],[-71.76,19.304],[-71.76,19.303],[-71.759,19.303],[-71.76,19.302],[-71.759,19.301],[-71.757,19.301],[-71.757,19.3],[-71.756,19.299],[-71.756,19.297],[-71.757,19.297],[-71.757,19.298],[-71.758,19.298],[-71.758,19.297],[-71.759,19.297],[-71.759,19.296],[-71.761,19.296],[-71.761,19.291],[-71.758,19.291],[-71.757,19.292],[-71.757,19.291],[-71.756,19.291],[-71.756,19.29],[-71.755,19.29],[-71.755,19.289],[-71.754,19.289],[-71.754,19.288],[-71.753,19.288],[-71.754,19.287],[-71.754,19.283],[-71.755,19.283],[-71.755,19.282],[-71.756,19.282],[-71.756,19.281],[-71.755,19.281],[-71.755,19.28],[-71.753,19.28],[-71.753,19.279],[-71.75,19.279],[-71.749,19.278],[-71.749,19.275],[-71.748,19.275],[-71.748,19.274],[-71.746,19.274],[-71.746,19.275],[-71.745,19.276],[-71.744,19.276],[-71.743,19.277],[-71.74,19.277],[-71.74,19.278],[-71.739,19.279],[-71.739,19.278],[-71.738,19.278],[-71.738,19.276],[-71.739,19.276],[-71.739,19.275],[-71.74,19.275],[-71.74,19.273],[-71.739,19.272],[-71.739,19.269],[-71.738,19.268],[-71.737,19.268],[-71.737,19.267],[-71.736,19.267],[-71.736,19.265],[-71.734,19.265],[-71.733,19.264],[-71.733,19.263],[-71.732,19.262],[-71.731,19.262],[-71.731,19.263],[-71.732,19.263],[-71.732,19.268],[-71.731,19.268],[-71.731,19.27],[-71.73,19.27],[-71.73,19.273],[-71.729,19.273],[-71.729,19.274],[-71.728,19.274],[-71.728,19.277],[-71.727,19.277],[-71.727,19.278],[-71.725,19.278],[-71.725,19.277],[-71.724,19.276],[-71.724,19.275],[-71.723,19.274],[-71.723,19.271],[-71.722,19.271],[-71.722,19.27],[-71.723,19.27],[-71.724,19.269],[-71.724,19.267],[-71.721,19.267],[-71.721,19.266],[-71.72,19.266],[-71.719,19.267],[-71.716,19.267],[-71.716,19.264],[-71.713,19.264],[-71.713,19.261],[-71.711,19.261],[-71.71,19.26],[-71.709,19.26],[-71.709,19.259],[-71.708,19.259],[-71.707,19.258],[-71.707,19.257],[-71.708,19.257],[-71.708,19.254],[-71.709,19.254],[-71.709,19.252],[-71.708,19.252],[-71.708,19.251],[-71.706,19.251],[-71.706,19.25],[-71.705,19.249],[-71.704,19.249],[-71.704,19.248],[-71.703,19.248],[-71.703,19.247],[-71.702,19.247],[-71.702,19.246],[-71.701,19.246],[-71.701,19.245],[-71.699,19.245],[-71.699,19.244],[-71.698,19.244],[-71.698,19.241],[-71.697,19.241],[-71.696,19.24],[-71.695,19.241],[-71.694,19.241],[-71.694,19.242],[-71.692,19.242],[-71.692,19.24],[-71.691,19.24],[-71.691,19.239],[-71.685,19.239],[-71.685,19.238],[-71.684,19.238],[-71.685,19.237],[-71.681,19.237],[-71.681,19.235],[-71.68,19.235],[-71.68,19.234],[-71.679,19.234],[-71.68,19.233],[-71.679,19.232],[-71.678,19.232],[-71.677,19.233],[-71.677,19.235],[-71.676,19.236],[-71.676,19.235],[-71.675,19.235],[-71.675,19.236],[-71.674,19.236],[-71.674,19.235],[-71.671,19.235],[-71.671,19.233],[-71.67,19.233],[-71.67,19.234],[-71.667,19.234],[-71.667,19.231],[-71.666,19.231],[-71.666,19.23],[-71.665,19.23],[-71.665,19.229],[-71.664,19.23],[-71.661,19.23],[-71.66,19.229],[-71.657,19.229],[-71.657,19.23],[-71.652,19.23],[-71.651,19.229],[-71.651,19.23],[-71.649,19.23],[-71.648,19.229],[-71.647,19.228],[-71.646,19.228],[-71.646,19.229],[-71.643,19.229],[-71.643,19.23],[-71.641,19.23],[-71.641,19.229],[-71.64,19.229],[-71.638,19.23],[-71.639,19.232],[-71.638,19.232],[-71.638,19.233],[-71.637,19.233],[-71.637,19.232],[-71.636,19.232],[-71.636,19.233],[-71.635,19.233],[-71.635,19.234],[-71.634,19.234],[-71.634,19.238],[-71.633,19.238],[-71.632,19.239],[-71.631,19.239],[-71.631,19.242],[-71.63,19.242],[-71.63,19.243],[-71.628,19.243],[-71.628,19.244],[-71.627,19.244],[-71.627,19.245],[-71.626,19.245],[-71.626,19.246],[-71.623,19.246],[-71.623,19.245],[-71.621,19.245],[-71.621,19.246],[-71.62,19.246],[-71.62,19.247],[-71.619,19.247],[-71.619,19.251],[-71.617,19.251],[-71.616,19.25],[-71.616,19.252],[-71.617,19.253],[-71.617,19.254],[-71.616,19.253],[-71.615,19.253],[-71.614,19.252],[-71.611,19.252],[-71.611,19.25],[-71.61,19.249],[-71.61,19.247],[-71.609,19.247],[-71.609,19.246],[-71.608,19.246],[-71.608,19.249],[-71.606,19.249],[-71.605,19.248],[-71.604,19.248],[-71.604,19.25],[-71.601,19.25],[-71.601,19.252],[-71.602,19.252],[-71.602,19.253],[-71.601,19.254],[-71.6,19.254],[-71.6,19.255],[-71.599,19.255],[-71.599,19.254],[-71.597,19.254],[-71.598,19.255],[-71.598,19.257],[-71.599,19.257],[-71.599,19.259],[-71.598,19.259],[-71.598,19.26],[-71.596,19.26],[-71.596,19.262],[-71.599,19.262],[-71.599,19.263],[-71.598,19.264],[-71.597,19.264],[-71.597,19.267],[-71.596,19.267],[-71.595,19.268],[-71.595,19.27],[-71.596,19.27],[-71.596,19.273],[-71.595,19.273],[-71.595,19.274],[-71.594,19.274],[-71.594,19.276],[-71.595,19.276],[-71.594,19.277],[-71.593,19.277],[-71.592,19.278],[-71.592,19.28],[-71.591,19.28],[-71.591,19.284],[-71.589,19.284],[-71.589,19.283],[-71.586,19.283],[-71.586,19.282],[-71.585,19.283],[-71.583,19.283],[-71.583,19.281],[-71.584,19.281],[-71.584,19.279],[-71.583,19.279],[-71.583,19.278],[-71.582,19.278],[-71.581,19.279],[-71.58,19.279],[-71.58,19.278],[-71.579,19.278],[-71.578,19.279],[-71.575,19.279],[-71.575,19.28],[-71.574,19.28],[-71.574,19.279],[-71.573,19.279],[-71.573,19.278],[-71.572,19.277],[-71.572,19.275],[-71.57,19.275],[-71.57,19.274],[-71.569,19.274],[-71.569,19.273],[-71.568,19.273],[-71.568,19.272],[-71.566,19.272],[-71.566,19.271],[-71.564,19.271],[-71.564,19.272],[-71.563,19.272],[-71.563,19.273],[-71.562,19.273],[-71.562,19.275],[-71.558,19.275],[-71.558,19.276],[-71.557,19.275],[-71.557,19.276],[-71.556,19.276],[-71.556,19.278],[-71.557,19.279],[-71.556,19.279],[-71.556,19.28],[-71.554,19.28],[-71.554,19.279],[-71.553,19.279],[-71.553,19.278],[-71.552,19.278],[-71.552,19.277],[-71.548,19.277],[-71.547,19.276],[-71.547,19.274],[-71.548,19.274],[-71.547,19.273],[-71.546,19.273],[-71.546,19.272],[-71.544,19.272],[-71.544,19.273],[-71.543,19.273],[-71.543,19.274],[-71.542,19.274],[-71.542,19.273],[-71.54,19.273],[-71.54,19.274],[-71.539,19.274],[-71.539,19.272],[-71.537,19.272],[-71.537,19.271],[-71.538,19.271],[-71.538,19.27],[-71.537,19.27],[-71.537,19.267],[-71.536,19.267],[-71.536,19.268],[-71.535,19.268],[-71.535,19.267],[-71.533,19.267],[-71.533,19.268],[-71.532,19.268],[-71.532,19.267],[-71.531,19.267],[-71.531,19.266],[-71.532,19.265],[-71.531,19.265],[-71.53,19.266],[-71.528,19.266],[-71.528,19.267],[-71.526,19.267],[-71.526,19.266],[-71.525,19.266],[-71.525,19.265],[-71.524,19.265],[-71.523,19.264],[-71.522,19.264],[-71.521,19.265],[-71.522,19.265],[-71.522,19.267],[-71.521,19.267],[-71.521,19.27],[-71.518,19.27],[-71.518,19.271],[-71.517,19.271],[-71.517,19.272],[-71.515,19.272],[-71.515,19.273],[-71.516,19.273],[-71.516,19.274],[-71.517,19.275],[-71.515,19.275],[-71.515,19.276],[-71.514,19.276],[-71.512,19.278],[-71.512,19.279],[-71.511,19.279],[-71.511,19.28],[-71.51,19.279],[-71.509,19.279],[-71.509,19.283],[-71.51,19.283],[-71.51,19.284],[-71.509,19.284],[-71.509,19.285],[-71.507,19.285],[-71.507,19.286],[-71.508,19.286],[-71.508,19.288],[-71.509,19.288],[-71.51,19.289],[-71.51,19.293],[-71.511,19.293],[-71.511,19.295],[-71.51,19.296],[-71.51,19.3],[-71.509,19.3],[-71.509,19.301],[-71.504,19.304],[-71.503,19.306],[-71.506,19.309],[-71.509,19.31],[-71.513,19.311],[-71.515,19.312],[-71.517,19.313],[-71.519,19.317],[-71.519,19.318],[-71.52,19.319],[-71.52,19.321],[-71.519,19.322],[-71.518,19.323],[-71.518,19.324],[-71.516,19.327],[-71.513,19.328],[-71.51,19.329],[-71.51,19.33],[-71.509,19.33],[-71.509,19.331],[-71.505,19.331],[-71.505,19.332],[-71.502,19.332],[-71.502,19.331],[-71.5,19.331],[-71.5,19.332],[-71.498,19.332],[-71.498,19.333],[-71.495,19.333],[-71.495,19.334],[-71.494,19.334],[-71.494,19.335],[-71.493,19.335],[-71.493,19.334],[-71.491,19.334],[-71.491,19.335],[-71.488,19.335],[-71.488,19.336],[-71.489,19.337],[-71.486,19.337],[-71.486,19.339],[-71.487,19.339],[-71.486,19.34],[-71.486,19.343],[-71.484,19.343],[-71.483,19.342],[-71.483,19.346],[-71.482,19.346],[-71.481,19.347],[-71.481,19.348],[-71.482,19.348],[-71.482,19.349],[-71.481,19.349],[-71.48,19.35],[-71.479,19.35],[-71.479,19.352],[-71.478,19.353],[-71.478,19.354],[-71.479,19.354],[-71.479,19.355],[-71.48,19.355],[-71.48,19.357],[-71.483,19.357],[-71.484,19.358],[-71.484,19.361],[-71.485,19.361],[-71.485,19.364],[-71.484,19.364],[-71.484,19.365],[-71.483,19.366],[-71.484,19.366],[-71.484,19.367],[-71.485,19.367],[-71.485,19.368],[-71.486,19.368],[-71.486,19.369],[-71.484,19.369],[-71.484,19.37],[-71.482,19.37],[-71.482,19.371],[-71.483,19.371],[-71.483,19.372],[-71.482,19.372],[-71.482,19.373],[-71.479,19.373],[-71.478,19.374],[-71.477,19.374],[-71.477,19.373],[-71.476,19.373],[-71.476,19.372],[-71.474,19.372],[-71.474,19.374],[-71.473,19.374],[-71.473,19.373],[-71.471,19.373],[-71.471,19.378],[-71.472,19.379],[-71.471,19.38],[-71.47,19.38],[-71.469,19.381],[-71.468,19.382],[-71.467,19.382],[-71.467,19.385],[-71.468,19.386],[-71.469,19.386],[-71.469,19.384],[-71.47,19.384],[-71.47,19.385],[-71.471,19.385],[-71.471,19.387],[-71.47,19.387],[-71.47,19.39],[-71.469,19.39],[-71.469,19.391],[-71.471,19.391],[-71.471,19.392],[-71.469,19.392],[-71.469,19.393],[-71.47,19.393],[-71.47,19.399],[-71.472,19.399],[-71.473,19.4],[-71.473,19.404],[-71.474,19.404],[-71.474,19.405],[-71.472,19.405],[-71.472,19.406],[-71.473,19.406],[-71.473,19.407],[-71.474,19.407],[-71.474,19.408],[-71.473,19.408],[-71.473,19.409],[-71.471,19.409],[-71.471,19.408],[-71.469,19.408],[-71.469,19.409],[-71.47,19.409],[-71.47,19.41],[-71.471,19.41],[-71.47,19.411],[-71.47,19.412],[-71.469,19.412],[-71.469,19.411],[-71.467,19.411],[-71.467,19.412],[-71.466,19.413],[-71.466,19.414],[-71.465,19.414],[-71.465,19.415],[-71.462,19.415],[-71.462,19.416],[-71.461,19.416],[-71.461,19.418],[-71.462,19.418],[-71.462,19.419],[-71.463,19.419],[-71.464,19.42],[-71.467,19.42],[-71.467,19.421],[-71.468,19.421],[-71.468,19.423],[-71.467,19.423],[-71.467,19.424],[-71.468,19.424],[-71.468,19.425],[-71.464,19.425],[-71.464,19.426],[-71.463,19.426],[-71.463,19.427],[-71.462,19.427],[-71.462,19.43],[-71.459,19.43],[-71.459,19.432],[-71.46,19.433],[-71.461,19.434],[-71.461,19.435],[-71.46,19.436],[-71.462,19.438],[-71.464,19.438],[-71.464,19.439],[-71.465,19.439],[-71.465,19.438],[-71.466,19.438],[-71.466,19.44],[-71.467,19.44],[-71.467,19.441],[-71.468,19.441],[-71.468,19.443],[-71.467,19.443],[-71.467,19.444],[-71.466,19.444],[-71.466,19.446],[-71.465,19.446],[-71.465,19.447],[-71.466,19.447],[-71.466,19.448],[-71.468,19.448],[-71.468,19.451],[-71.467,19.451],[-71.467,19.456],[-71.466,19.457],[-71.466,19.458],[-71.467,19.458],[-71.467,19.461],[-71.466,19.461],[-71.466,19.462],[-71.465,19.462],[-71.465,19.463],[-71.464,19.463],[-71.463,19.464],[-71.463,19.47],[-71.464,19.47],[-71.464,19.472],[-71.465,19.472],[-71.465,19.478],[-71.464,19.478],[-71.464,19.479],[-71.463,19.479],[-71.463,19.48],[-71.462,19.48],[-71.462,19.484],[-71.461,19.484],[-71.461,19.486],[-71.462,19.486],[-71.462,19.487],[-71.464,19.487],[-71.464,19.488],[-71.466,19.488],[-71.466,19.494],[-71.465,19.494],[-71.465,19.495],[-71.464,19.497],[-71.462,19.497],[-71.462,19.498],[-71.461,19.498],[-71.461,19.501],[-71.46,19.501],[-71.46,19.502],[-71.459,19.503],[-71.458,19.503],[-71.457,19.504],[-71.456,19.504],[-71.456,19.506],[-71.452,19.506],[-71.451,19.507],[-71.451,19.508],[-71.45,19.508],[-71.449,19.509],[-71.445,19.509],[-71.444,19.51],[-71.443,19.51],[-71.443,19.511],[-71.442,19.511],[-71.442,19.51],[-71.44,19.51],[-71.44,19.511],[-71.436,19.511],[-71.436,19.512],[-71.435,19.512],[-71.435,19.514],[-71.434,19.515],[-71.434,19.514],[-71.433,19.514],[-71.433,19.515],[-71.432,19.516],[-71.432,19.522],[-71.431,19.523],[-71.428,19.523],[-71.428,19.524],[-71.427,19.524],[-71.427,19.525],[-71.428,19.525],[-71.428,19.526],[-71.427,19.526],[-71.427,19.528],[-71.428,19.528],[-71.428,19.53],[-71.429,19.531],[-71.426,19.531],[-71.426,19.535],[-71.427,19.535],[-71.427,19.536],[-71.429,19.536],[-71.429,19.537],[-71.43,19.537],[-71.431,19.538],[-71.432,19.539],[-71.433,19.54],[-71.433,19.541],[-71.434,19.543],[-71.436,19.545],[-71.437,19.546],[-71.438,19.547],[-71.438,19.548],[-71.44,19.548],[-71.441,19.549],[-71.444,19.549],[-71.445,19.548],[-71.449,19.548],[-71.451,19.549],[-71.452,19.549],[-71.453,19.55],[-71.454,19.551],[-71.454,19.552],[-71.455,19.553],[-71.455,19.554],[-71.456,19.556],[-71.456,19.557],[-71.457,19.558],[-71.457,19.56],[-71.458,19.56],[-71.459,19.561],[-71.46,19.561],[-71.462,19.562],[-71.464,19.563],[-71.466,19.564],[-71.469,19.564],[-71.472,19.566],[-71.474,19.567],[-71.481,19.564],[-71.483,19.563],[-71.485,19.565],[-71.486,19.566],[-71.49,19.568],[-71.497,19.57],[-71.499,19.571],[-71.504,19.573],[-71.504,19.574],[-71.505,19.575],[-71.505,19.577],[-71.507,19.58],[-71.51,19.584],[-71.511,19.585],[-71.513,19.588],[-71.514,19.589],[-71.514,19.591],[-71.511,19.591],[-71.511,19.592],[-71.513,19.592],[-71.513,19.596],[-71.514,19.597],[-71.513,19.597],[-71.513,19.598],[-71.509,19.598],[-71.509,19.599],[-71.51,19.599],[-71.51,19.6],[-71.509,19.6],[-71.509,19.601],[-71.511,19.601],[-71.511,19.603],[-71.51,19.603],[-71.51,19.606],[-71.508,19.606],[-71.508,19.608],[-71.507,19.609],[-71.506,19.609],[-71.506,19.611],[-71.505,19.612],[-71.507,19.612],[-71.507,19.613],[-71.508,19.613],[-71.508,19.612],[-71.51,19.612],[-71.51,19.613],[-71.511,19.613],[-71.511,19.614],[-71.51,19.614],[-71.51,19.617],[-71.512,19.617],[-71.512,19.618],[-71.513,19.617],[-71.514,19.618],[-71.514,19.617],[-71.515,19.617],[-71.515,19.616],[-71.516,19.617],[-71.516,19.618],[-71.517,19.618],[-71.517,19.619],[-71.521,19.619],[-71.521,19.625],[-71.525,19.625],[-71.525,19.627],[-71.524,19.627],[-71.524,19.628],[-71.525,19.629],[-71.526,19.628],[-71.526,19.627],[-71.527,19.627],[-71.528,19.628],[-71.529,19.628],[-71.53,19.627],[-71.53,19.626],[-71.531,19.625],[-71.532,19.624],[-71.533,19.624],[-71.533,19.623],[-71.534,19.623],[-71.534,19.622],[-71.535,19.621],[-71.536,19.62],[-71.54,19.621],[-71.543,19.621],[-71.544,19.622],[-71.545,19.621],[-71.546,19.621],[-71.546,19.619],[-71.547,19.618],[-71.549,19.618],[-71.55,19.617],[-71.552,19.617],[-71.552,19.616],[-71.553,19.616],[-71.553,19.615],[-71.552,19.615],[-71.552,19.613],[-71.553,19.613],[-71.553,19.612],[-71.554,19.611],[-71.555,19.611],[-71.555,19.61],[-71.557,19.61],[-71.558,19.609],[-71.561,19.609],[-71.561,19.608],[-71.563,19.608],[-71.563,19.609],[-71.564,19.609],[-71.564,19.61],[-71.565,19.61],[-71.566,19.611],[-71.567,19.611],[-71.567,19.612],[-71.568,19.612],[-71.568,19.613],[-71.571,19.613],[-71.575,19.612],[-71.578,19.612],[-71.578,19.613],[-71.579,19.613],[-71.581,19.617],[-71.582,19.619],[-71.582,19.621],[-71.583,19.622],[-71.587,19.622],[-71.588,19.623],[-71.589,19.623],[-71.589,19.622],[-71.59,19.622],[-71.591,19.621],[-71.592,19.62],[-71.592,19.618],[-71.593,19.617],[-71.593,19.616],[-71.594,19.616],[-71.594,19.615],[-71.596,19.615],[-71.596,19.616],[-71.597,19.616],[-71.597,19.617],[-71.599,19.617],[-71.599,19.622],[-71.6,19.621],[-71.602,19.621],[-71.602,19.622],[-71.604,19.621],[-71.607,19.62],[-71.611,19.619],[-71.615,19.619],[-71.616,19.62],[-71.617,19.62],[-71.617,19.619],[-71.618,19.619],[-71.619,19.618],[-71.628,19.618],[-71.629,19.617],[-71.63,19.617],[-71.63,19.618],[-71.631,19.618],[-71.631,19.616],[-71.633,19.616],[-71.635,19.615],[-71.637,19.614],[-71.64,19.613],[-71.64,19.61],[-71.641,19.608],[-71.643,19.607],[-71.66,19.61],[-71.662,19.61],[-71.668,19.608],[-71.671,19.609],[-71.674,19.609],[-71.674,19.611],[-71.677,19.612],[-71.678,19.612],[-71.68,19.615],[-71.681,19.616],[-71.682,19.616],[-71.682,19.617],[-71.683,19.62],[-71.684,19.622],[-71.685,19.622],[-71.686,19.623],[-71.687,19.623],[-71.687,19.624],[-71.688,19.625],[-71.689,19.626],[-71.689,19.627],[-71.69,19.628],[-71.692,19.628],[-71.692,19.631],[-71.693,19.632],[-71.695,19.632],[-71.695,19.633],[-71.696,19.633],[-71.697,19.632],[-71.7,19.632],[-71.701,19.633],[-71.703,19.633],[-71.703,19.635],[-71.704,19.635],[-71.705,19.636],[-71.723,19.636],[-71.724,19.635],[-71.725,19.635],[-71.724,19.634],[-71.724,19.631],[-71.725,19.631],[-71.725,19.629],[-71.726,19.629],[-71.726,19.63],[-71.727,19.63],[-71.727,19.632],[-71.729,19.632],[-71.729,19.633],[-71.73,19.633],[-71.73,19.634],[-71.732,19.634],[-71.732,19.633],[-71.733,19.633],[-71.733,19.632],[-71.736,19.632],[-71.736,19.631],[-71.737,19.631],[-71.737,19.63],[-71.738,19.63],[-71.738,19.628],[-71.739,19.628],[-71.739,19.627],[-71.74,19.627],[-71.742,19.629],[-71.743,19.63],[-71.744,19.631],[-71.744,19.633],[-71.745,19.633],[-71.745,19.632],[-71.746,19.632],[-71.745,19.615],[-71.745,19.605],[-71.744,19.601],[-71.744,19.591],[-71.743,19.589],[-71.743,19.585],[-71.742,19.584],[-71.74,19.582],[-71.737,19.579],[-71.735,19.577],[-71.734,19.576],[-71.731,19.573],[-71.729,19.571],[-71.727,19.569],[-71.726,19.568],[-71.724,19.567],[-71.724,19.566],[-71.725,19.566],[-71.725,19.562],[-71.724,19.561],[-71.722,19.561],[-71.722,19.559],[-71.721,19.558],[-71.72,19.558],[-71.719,19.557],[-71.718,19.555],[-71.717,19.555],[-71.717,19.554],[-71.716,19.554],[-71.715,19.553],[-71.714,19.553],[-71.714,19.552],[-71.713,19.551],[-71.713,19.55],[-71.712,19.55],[-71.712,19.547],[-71.713,19.546],[-71.713,19.533],[-71.712,19.533],[-71.712,19.532],[-71.709,19.532],[-71.708,19.531],[-71.707,19.531],[-71.707,19.532],[-71.706,19.534],[-71.703,19.534],[-71.703,19.529],[-71.704,19.528],[-71.704,19.524],[-71.703,19.522],[-71.703,19.521],[-71.701,19.521],[-71.7,19.52],[-71.7,19.516],[-71.701,19.516],[-71.701,19.514],[-71.7,19.514],[-71.7,19.513],[-71.699,19.512],[-71.695,19.512],[-71.695,19.511],[-71.692,19.511],[-71.692,19.512],[-71.691,19.512],[-71.69,19.513],[-71.69,19.514],[-71.689,19.514],[-71.688,19.513],[-71.688,19.509],[-71.689,19.508],[-71.689,19.505],[-71.688,19.504],[-71.688,19.502],[-71.689,19.501],[-71.689,19.5],[-71.69,19.5],[-71.691,19.499],[-71.691,19.496],[-71.692,19.495],[-71.692,19.493],[-71.691,19.493],[-71.692,19.492],[-71.694,19.49],[-71.694,19.486],[-71.693,19.485],[-71.693,19.483],[-71.692,19.482],[-71.693,19.482],[-71.693,19.48],[-71.694,19.48],[-71.694,19.476],[-71.693,19.475],[-71.691,19.475],[-71.691,19.474],[-71.69,19.474],[-71.69,19.473],[-71.689,19.473],[-71.689,19.471],[-71.69,19.47],[-71.691,19.469],[-71.691,19.468],[-71.69,19.468],[-71.689,19.467],[-71.687,19.467],[-71.687,19.466],[-71.688,19.465],[-71.688,19.463],[-71.687,19.463],[-71.687,19.462],[-71.686,19.462],[-71.685,19.461],[-71.686,19.46],[-71.687,19.46],[-71.687,19.459],[-71.686,19.458],[-71.686,19.456],[-71.685,19.455],[-71.684,19.455],[-71.683,19.454],[-71.682,19.453],[-71.682,19.451],[-71.681,19.451],[-71.68,19.452],[-71.68,19.446],[-71.679,19.446],[-71.679,19.445],[-71.678,19.445],[-71.678,19.444],[-71.68,19.444],[-71.68,19.443],[-71.681,19.443],[-71.681,19.442],[-71.68,19.442],[-71.681,19.441],[-71.681,19.437],[-71.68,19.437],[-71.68,19.434],[-71.681,19.434],[-71.681,19.433],[-71.682,19.433],[-71.683,19.434],[-71.684,19.434],[-71.684,19.433],[-71.683,19.432],[-71.683,19.431],[-71.684,19.431],[-71.684,19.428],[-71.685,19.428],[-71.685,19.427],[-71.686,19.427],[-71.686,19.423],[-71.689,19.423],[-71.689,19.42],[-71.69,19.42],[-71.69,19.418],[-71.691,19.418],[-71.691,19.415],[-71.69,19.415],[-71.689,19.414],[-71.689,19.412],[-71.69,19.412],[-71.69,19.408],[-71.691,19.407],[-71.691,19.406],[-71.692,19.405],[-71.692,19.404],[-71.694,19.404],[-71.694,19.402],[-71.695,19.402],[-71.696,19.401],[-71.696,19.4],[-71.697,19.399],[-71.697,19.397],[-71.698,19.397],[-71.698,19.393],[-71.699,19.393],[-71.699,19.391],[-71.698,19.391],[-71.698,19.392],[-71.697,19.392],[-71.697,19.389],[-71.696,19.389],[-71.696,19.387],[-71.695,19.387],[-71.695,19.381],[-71.694,19.38],[-71.694,19.377],[-71.693,19.376],[-71.693,19.374],[-71.692,19.374],[-71.692,19.373],[-71.691,19.373],[-71.69,19.372],[-71.691,19.372],[-71.691,19.371],[-71.692,19.37],[-71.694,19.368],[-71.694,19.365],[-71.693,19.364],[-71.692,19.363],[-71.692,19.362],[-71.693,19.362],[-71.694,19.361],[-71.694,19.36],[-71.704,19.36],[-71.704,19.362],[-71.705,19.363],[-71.705,19.365],[-71.706,19.366],[-71.708,19.368],[-71.709,19.369],[-71.711,19.37],[-71.712,19.371],[-71.715,19.371],[-71.717,19.369],[-71.717,19.367],[-71.718,19.366],[-71.719,19.365],[-71.72,19.366],[-71.726,19.366],[-71.727,19.365],[-71.728,19.364],[-71.729,19.364],[-71.731,19.361],[-71.732,19.361],[-71.733,19.36],[-71.734,19.36],[-71.735,19.359],[-71.737,19.359],[-71.738,19.358],[-71.739,19.358],[-71.741,19.357],[-71.742,19.356],[-71.744,19.356],[-71.745,19.355],[-71.746,19.355],[-71.747,19.354],[-71.747,19.353],[-71.746,19.352],[-71.746,19.35],[-71.749,19.35],[-71.749,19.349],[-71.751,19.349],[-71.751,19.348],[-71.752,19.347],[-71.754,19.346],[-71.756,19.344],[-71.757,19.344],[-71.769,19.339],[-71.772,19.338],[-71.784,19.333],[-71.786,19.332],[-71.786,19.331]],[[-71.739,19.627],[-71.738,19.627],[-71.738,19.626],[-71.739,19.626],[-71.739,19.627]],[[-71.683,19.238],[-71.683,19.239],[-71.681,19.239],[-71.682,19.238],[-71.683,19.238]],[[-71.548,19.428],[-71.547,19.427],[-71.547,19.42],[-71.548,19.428]]],[[[-71.636,19.231],[-71.635,19.231],[-71.635,19.232],[-71.636,19.232],[-71.636,19.231]]],[[[-71.527,19.266],[-71.526,19.265],[-71.526,19.266],[-71.527,19.266]]],[[[-71.513,19.596],[-71.511,19.596],[-71.511,19.597],[-71.513,19.597],[-71.513,19.596]]]]}},{"type":"Feature","properties":{"shapeName":"Espaillat","provinceKey":"espaillat","shapeType":"ADM1"},"geometry":{"type":"MultiPolygon","coordinates":[[[[-70.611,19.375],[-70.609,19.375],[-70.609,19.374],[-70.608,19.374],[-70.608,19.371],[-70.607,19.37],[-70.607,19.368],[-70.606,19.368],[-70.606,19.367],[-70.605,19.367],[-70.605,19.362],[-70.603,19.362],[-70.603,19.361],[-70.602,19.361],[-70.602,19.36],[-70.599,19.36],[-70.599,19.359],[-70.598,19.359],[-70.598,19.36],[-70.597,19.359],[-70.593,19.359],[-70.593,19.358],[-70.592,19.358],[-70.591,19.357],[-70.591,19.356],[-70.59,19.356],[-70.59,19.355],[-70.589,19.354],[-70.587,19.354],[-70.587,19.353],[-70.585,19.353],[-70.585,19.352],[-70.584,19.352],[-70.583,19.351],[-70.582,19.351],[-70.581,19.352],[-70.575,19.352],[-70.575,19.351],[-70.572,19.351],[-70.572,19.352],[-70.566,19.352],[-70.565,19.351],[-70.564,19.352],[-70.561,19.352],[-70.56,19.351],[-70.558,19.351],[-70.557,19.35],[-70.553,19.35],[-70.552,19.349],[-70.552,19.35],[-70.544,19.35],[-70.543,19.351],[-70.541,19.351],[-70.541,19.352],[-70.536,19.352],[-70.536,19.351],[-70.535,19.35],[-70.534,19.35],[-70.534,19.349],[-70.533,19.349],[-70.533,19.35],[-70.532,19.35],[-70.531,19.351],[-70.53,19.352],[-70.53,19.353],[-70.529,19.353],[-70.529,19.354],[-70.528,19.354],[-70.527,19.355],[-70.524,19.355],[-70.524,19.354],[-70.519,19.354],[-70.518,19.355],[-70.517,19.355],[-70.516,19.356],[-70.516,19.357],[-70.514,19.357],[-70.514,19.356],[-70.513,19.356],[-70.513,19.355],[-70.511,19.355],[-70.511,19.354],[-70.51,19.354],[-70.51,19.353],[-70.509,19.353],[-70.508,19.352],[-70.507,19.352],[-70.507,19.351],[-70.506,19.351],[-70.505,19.35],[-70.504,19.35],[-70.504,19.349],[-70.503,19.349],[-70.503,19.348],[-70.502,19.348],[-70.502,19.347],[-70.501,19.347],[-70.501,19.346],[-70.499,19.346],[-70.499,19.345],[-70.486,19.345],[-70.486,19.344],[-70.487,19.344],[-70.487,19.343],[-70.488,19.343],[-70.488,19.341],[-70.489,19.34],[-70.491,19.34],[-70.491,19.339],[-70.492,19.339],[-70.492,19.338],[-70.493,19.337],[-70.493,19.334],[-70.494,19.332],[-70.495,19.332],[-70.495,19.33],[-70.494,19.33],[-70.494,19.329],[-70.496,19.329],[-70.496,19.326],[-70.497,19.326],[-70.497,19.324],[-70.498,19.323],[-70.498,19.321],[-70.497,19.321],[-70.497,19.32],[-70.498,19.32],[-70.498,19.319],[-70.5,19.319],[-70.5,19.317],[-70.499,19.317],[-70.499,19.314],[-70.5,19.314],[-70.5,19.312],[-70.501,19.312],[-70.5,19.311],[-70.488,19.311],[-70.487,19.312],[-70.486,19.312],[-70.486,19.313],[-70.484,19.313],[-70.483,19.31],[-70.482,19.31],[-70.48,19.309],[-70.479,19.309],[-70.478,19.308],[-70.476,19.308],[-70.476,19.309],[-70.475,19.309],[-70.475,19.311],[-70.474,19.311],[-70.474,19.314],[-70.475,19.314],[-70.475,19.316],[-70.476,19.316],[-70.476,19.317],[-70.475,19.318],[-70.476,19.319],[-70.475,19.319],[-70.475,19.32],[-70.476,19.32],[-70.476,19.322],[-70.477,19.323],[-70.477,19.325],[-70.476,19.325],[-70.476,19.326],[-70.475,19.326],[-70.475,19.328],[-70.474,19.328],[-70.474,19.33],[-70.473,19.33],[-70.473,19.331],[-70.474,19.331],[-70.474,19.334],[-70.473,19.335],[-70.473,19.339],[-70.472,19.339],[-70.473,19.34],[-70.471,19.34],[-70.471,19.339],[-70.468,19.339],[-70.468,19.338],[-70.466,19.338],[-70.465,19.337],[-70.463,19.337],[-70.463,19.338],[-70.462,19.338],[-70.462,19.34],[-70.461,19.341],[-70.46,19.341],[-70.46,19.342],[-70.459,19.342],[-70.459,19.343],[-70.458,19.343],[-70.457,19.344],[-70.457,19.345],[-70.458,19.346],[-70.457,19.346],[-70.457,19.348],[-70.454,19.348],[-70.454,19.349],[-70.455,19.349],[-70.455,19.35],[-70.456,19.351],[-70.456,19.352],[-70.455,19.353],[-70.456,19.353],[-70.456,19.357],[-70.457,19.357],[-70.457,19.361],[-70.456,19.361],[-70.456,19.364],[-70.454,19.364],[-70.453,19.365],[-70.453,19.367],[-70.452,19.367],[-70.453,19.368],[-70.453,19.371],[-70.451,19.371],[-70.451,19.37],[-70.45,19.37],[-70.449,19.371],[-70.45,19.371],[-70.45,19.372],[-70.449,19.372],[-70.449,19.375],[-70.45,19.375],[-70.449,19.376],[-70.449,19.378],[-70.448,19.378],[-70.448,19.38],[-70.447,19.381],[-70.447,19.382],[-70.446,19.382],[-70.446,19.384],[-70.445,19.384],[-70.445,19.386],[-70.444,19.386],[-70.444,19.387],[-70.443,19.388],[-70.444,19.388],[-70.444,19.392],[-70.445,19.392],[-70.446,19.393],[-70.446,19.396],[-70.445,19.396],[-70.445,19.398],[-70.444,19.398],[-70.444,19.399],[-70.443,19.399],[-70.443,19.405],[-70.441,19.405],[-70.44,19.406],[-70.44,19.407],[-70.439,19.407],[-70.439,19.41],[-70.44,19.41],[-70.439,19.411],[-70.439,19.412],[-70.437,19.412],[-70.437,19.413],[-70.436,19.413],[-70.436,19.414],[-70.434,19.414],[-70.434,19.415],[-70.433,19.415],[-70.433,19.421],[-70.432,19.421],[-70.432,19.423],[-70.431,19.423],[-70.431,19.426],[-70.432,19.427],[-70.432,19.428],[-70.433,19.428],[-70.433,19.431],[-70.434,19.431],[-70.434,19.432],[-70.433,19.433],[-70.432,19.433],[-70.432,19.435],[-70.433,19.435],[-70.433,19.438],[-70.431,19.438],[-70.431,19.439],[-70.43,19.439],[-70.43,19.44],[-70.429,19.44],[-70.428,19.441],[-70.428,19.442],[-70.427,19.442],[-70.427,19.443],[-70.426,19.444],[-70.426,19.445],[-70.425,19.446],[-70.424,19.447],[-70.423,19.448],[-70.424,19.449],[-70.424,19.453],[-70.425,19.454],[-70.425,19.455],[-70.424,19.457],[-70.424,19.459],[-70.425,19.461],[-70.425,19.462],[-70.426,19.463],[-70.427,19.464],[-70.427,19.465],[-70.428,19.466],[-70.429,19.467],[-70.429,19.468],[-70.43,19.469],[-70.43,19.475],[-70.429,19.475],[-70.429,19.476],[-70.428,19.476],[-70.428,19.477],[-70.427,19.477],[-70.427,19.48],[-70.426,19.48],[-70.426,19.479],[-70.425,19.479],[-70.425,19.481],[-70.426,19.481],[-70.426,19.483],[-70.429,19.483],[-70.43,19.484],[-70.432,19.484],[-70.433,19.485],[-70.434,19.485],[-70.434,19.486],[-70.435,19.486],[-70.435,19.487],[-70.436,19.487],[-70.436,19.489],[-70.435,19.489],[-70.435,19.491],[-70.436,19.491],[-70.436,19.492],[-70.438,19.492],[-70.438,19.497],[-70.439,19.498],[-70.439,19.5],[-70.441,19.5],[-70.441,19.501],[-70.443,19.501],[-70.443,19.502],[-70.442,19.502],[-70.442,19.503],[-70.443,19.504],[-70.442,19.505],[-70.443,19.506],[-70.443,19.507],[-70.441,19.507],[-70.44,19.508],[-70.44,19.509],[-70.439,19.509],[-70.438,19.51],[-70.437,19.51],[-70.437,19.514],[-70.436,19.514],[-70.435,19.515],[-70.434,19.515],[-70.434,19.518],[-70.433,19.519],[-70.433,19.522],[-70.432,19.522],[-70.432,19.524],[-70.431,19.524],[-70.431,19.527],[-70.432,19.527],[-70.431,19.528],[-70.431,19.533],[-70.43,19.534],[-70.429,19.534],[-70.428,19.535],[-70.428,19.536],[-70.426,19.536],[-70.425,19.537],[-70.421,19.537],[-70.42,19.538],[-70.421,19.539],[-70.421,19.541],[-70.42,19.542],[-70.419,19.542],[-70.418,19.543],[-70.418,19.544],[-70.419,19.544],[-70.419,19.551],[-70.42,19.552],[-70.42,19.554],[-70.419,19.554],[-70.419,19.553],[-70.418,19.553],[-70.417,19.554],[-70.416,19.555],[-70.415,19.556],[-70.414,19.557],[-70.411,19.557],[-70.411,19.556],[-70.41,19.555],[-70.409,19.554],[-70.408,19.554],[-70.408,19.553],[-70.407,19.552],[-70.406,19.551],[-70.405,19.55],[-70.404,19.549],[-70.404,19.545],[-70.401,19.545],[-70.401,19.544],[-70.4,19.544],[-70.4,19.541],[-70.397,19.541],[-70.397,19.542],[-70.396,19.541],[-70.395,19.541],[-70.393,19.542],[-70.393,19.541],[-70.392,19.541],[-70.392,19.539],[-70.39,19.539],[-70.389,19.538],[-70.388,19.537],[-70.388,19.536],[-70.385,19.537],[-70.379,19.537],[-70.378,19.536],[-70.376,19.536],[-70.375,19.537],[-70.375,19.538],[-70.373,19.538],[-70.373,19.534],[-70.372,19.534],[-70.372,19.533],[-70.364,19.533],[-70.364,19.528],[-70.363,19.528],[-70.362,19.529],[-70.361,19.529],[-70.361,19.525],[-70.36,19.525],[-70.36,19.524],[-70.359,19.524],[-70.358,19.523],[-70.356,19.523],[-70.356,19.52],[-70.355,19.52],[-70.354,19.519],[-70.346,19.519],[-70.345,19.52],[-70.342,19.522],[-70.342,19.524],[-70.341,19.527],[-70.341,19.535],[-70.34,19.536],[-70.34,19.539],[-70.339,19.54],[-70.339,19.549],[-70.338,19.55],[-70.338,19.551],[-70.337,19.552],[-70.336,19.553],[-70.331,19.553],[-70.331,19.554],[-70.328,19.554],[-70.327,19.555],[-70.323,19.555],[-70.322,19.556],[-70.32,19.556],[-70.319,19.557],[-70.317,19.557],[-70.318,19.558],[-70.315,19.558],[-70.316,19.559],[-70.317,19.56],[-70.315,19.56],[-70.314,19.561],[-70.313,19.561],[-70.313,19.562],[-70.311,19.562],[-70.309,19.56],[-70.307,19.56],[-70.305,19.559],[-70.304,19.558],[-70.302,19.557],[-70.301,19.557],[-70.301,19.556],[-70.3,19.555],[-70.299,19.555],[-70.298,19.552],[-70.297,19.551],[-70.296,19.549],[-70.295,19.547],[-70.293,19.547],[-70.293,19.546],[-70.292,19.544],[-70.291,19.541],[-70.291,19.537],[-70.29,19.537],[-70.29,19.536],[-70.288,19.534],[-70.288,19.533],[-70.286,19.532],[-70.285,19.531],[-70.273,19.531],[-70.271,19.53],[-70.269,19.529],[-70.267,19.528],[-70.264,19.526],[-70.259,19.525],[-70.256,19.524],[-70.254,19.524],[-70.254,19.523],[-70.252,19.522],[-70.245,19.522],[-70.244,19.521],[-70.243,19.52],[-70.242,19.52],[-70.241,19.519],[-70.238,19.519],[-70.237,19.518],[-70.232,19.518],[-70.231,19.517],[-70.229,19.517],[-70.229,19.516],[-70.222,19.516],[-70.222,19.515],[-70.215,19.515],[-70.215,19.514],[-70.213,19.514],[-70.212,19.515],[-70.207,19.515],[-70.206,19.516],[-70.2,19.516],[-70.2,19.517],[-70.197,19.517],[-70.198,19.52],[-70.198,19.527],[-70.197,19.528],[-70.197,19.536],[-70.198,19.537],[-70.198,19.545],[-70.199,19.547],[-70.199,19.548],[-70.2,19.549],[-70.201,19.55],[-70.202,19.551],[-70.202,19.552],[-70.201,19.553],[-70.201,19.554],[-70.199,19.555],[-70.198,19.555],[-70.198,19.558],[-70.195,19.556],[-70.191,19.556],[-70.191,19.555],[-70.19,19.555],[-70.189,19.556],[-70.189,19.555],[-70.182,19.555],[-70.182,19.554],[-70.179,19.554],[-70.179,19.553],[-70.173,19.553],[-70.172,19.554],[-70.171,19.554],[-70.17,19.555],[-70.171,19.555],[-70.171,19.556],[-70.17,19.556],[-70.169,19.557],[-70.166,19.557],[-70.165,19.556],[-70.164,19.556],[-70.163,19.557],[-70.164,19.557],[-70.164,19.558],[-70.162,19.558],[-70.162,19.557],[-70.161,19.556],[-70.162,19.556],[-70.162,19.554],[-70.158,19.554],[-70.158,19.552],[-70.156,19.552],[-70.156,19.554],[-70.155,19.554],[-70.154,19.555],[-70.154,19.557],[-70.153,19.557],[-70.152,19.556],[-70.151,19.556],[-70.151,19.557],[-70.15,19.558],[-70.142,19.558],[-70.141,19.557],[-70.139,19.557],[-70.138,19.558],[-70.137,19.558],[-70.136,19.559],[-70.136,19.561],[-70.135,19.561],[-70.134,19.562],[-70.133,19.563],[-70.132,19.564],[-70.128,19.564],[-70.128,19.563],[-70.127,19.563],[-70.127,19.564],[-70.126,19.564],[-70.126,19.566],[-70.125,19.566],[-70.125,19.567],[-70.126,19.568],[-70.123,19.568],[-70.122,19.569],[-70.122,19.57],[-70.121,19.57],[-70.121,19.572],[-70.122,19.572],[-70.122,19.574],[-70.121,19.574],[-70.121,19.573],[-70.119,19.573],[-70.118,19.574],[-70.115,19.574],[-70.115,19.575],[-70.114,19.575],[-70.114,19.576],[-70.115,19.577],[-70.114,19.577],[-70.114,19.578],[-70.113,19.577],[-70.111,19.577],[-70.111,19.576],[-70.109,19.576],[-70.109,19.577],[-70.11,19.578],[-70.11,19.579],[-70.109,19.58],[-70.108,19.581],[-70.107,19.581],[-70.107,19.58],[-70.104,19.58],[-70.104,19.579],[-70.103,19.579],[-70.102,19.581],[-70.102,19.582],[-70.101,19.583],[-70.1,19.583],[-70.1,19.582],[-70.099,19.581],[-70.098,19.582],[-70.095,19.582],[-70.095,19.583],[-70.094,19.583],[-70.094,19.586],[-70.093,19.586],[-70.093,19.585],[-70.09,19.585],[-70.088,19.586],[-70.087,19.586],[-70.086,19.587],[-70.087,19.587],[-70.087,19.588],[-70.088,19.589],[-70.089,19.59],[-70.089,19.591],[-70.086,19.591],[-70.086,19.595],[-70.087,19.595],[-70.088,19.594],[-70.089,19.594],[-70.089,19.596],[-70.088,19.597],[-70.088,19.598],[-70.087,19.598],[-70.087,19.601],[-70.084,19.601],[-70.084,19.606],[-70.085,19.607],[-70.085,19.608],[-70.086,19.609],[-70.087,19.609],[-70.087,19.61],[-70.088,19.611],[-70.087,19.612],[-70.086,19.612],[-70.085,19.611],[-70.084,19.611],[-70.084,19.613],[-70.085,19.613],[-70.086,19.614],[-70.087,19.614],[-70.087,19.615],[-70.086,19.615],[-70.086,19.616],[-70.085,19.616],[-70.085,19.617],[-70.086,19.618],[-70.087,19.619],[-70.088,19.619],[-70.088,19.621],[-70.087,19.621],[-70.086,19.622],[-70.085,19.622],[-70.084,19.623],[-70.085,19.623],[-70.085,19.625],[-70.084,19.625],[-70.084,19.624],[-70.083,19.624],[-70.083,19.623],[-70.082,19.623],[-70.082,19.625],[-70.083,19.626],[-70.083,19.628],[-70.082,19.628],[-70.082,19.629],[-70.081,19.629],[-70.081,19.63],[-70.082,19.63],[-70.082,19.632],[-70.083,19.633],[-70.082,19.633],[-70.082,19.637],[-70.083,19.638],[-70.084,19.638],[-70.085,19.637],[-70.086,19.637],[-70.086,19.636],[-70.087,19.636],[-70.088,19.635],[-70.09,19.633],[-70.091,19.632],[-70.093,19.631],[-70.094,19.631],[-70.094,19.63],[-70.096,19.63],[-70.097,19.629],[-70.105,19.629],[-70.106,19.628],[-70.109,19.627],[-70.111,19.626],[-70.119,19.626],[-70.119,19.625],[-70.12,19.625],[-70.122,19.624],[-70.123,19.624],[-70.123,19.625],[-70.124,19.624],[-70.128,19.624],[-70.129,19.623],[-70.132,19.623],[-70.133,19.622],[-70.134,19.623],[-70.141,19.623],[-70.142,19.622],[-70.143,19.622],[-70.144,19.621],[-70.146,19.62],[-70.158,19.62],[-70.159,19.621],[-70.161,19.621],[-70.162,19.622],[-70.169,19.622],[-70.171,19.621],[-70.174,19.622],[-70.176,19.623],[-70.178,19.624],[-70.18,19.626],[-70.182,19.627],[-70.183,19.628],[-70.19,19.628],[-70.191,19.629],[-70.195,19.629],[-70.196,19.63],[-70.199,19.63],[-70.2,19.631],[-70.201,19.632],[-70.202,19.632],[-70.21,19.633],[-70.212,19.635],[-70.217,19.635],[-70.219,19.636],[-70.221,19.636],[-70.222,19.637],[-70.223,19.638],[-70.224,19.639],[-70.225,19.639],[-70.227,19.64],[-70.23,19.64],[-70.233,19.641],[-70.239,19.641],[-70.24,19.642],[-70.245,19.642],[-70.248,19.641],[-70.268,19.641],[-70.271,19.642],[-70.273,19.643],[-70.275,19.644],[-70.277,19.644],[-70.279,19.645],[-70.281,19.645],[-70.283,19.646],[-70.285,19.646],[-70.286,19.647],[-70.288,19.648],[-70.29,19.648],[-70.291,19.649],[-70.293,19.649],[-70.295,19.65],[-70.297,19.651],[-70.298,19.651],[-70.3,19.652],[-70.301,19.652],[-70.302,19.653],[-70.303,19.653],[-70.303,19.654],[-70.305,19.654],[-70.306,19.655],[-70.307,19.656],[-70.309,19.657],[-70.31,19.658],[-70.313,19.659],[-70.315,19.661],[-70.317,19.663],[-70.319,19.664],[-70.321,19.666],[-70.323,19.667],[-70.324,19.669],[-70.326,19.671],[-70.327,19.671],[-70.328,19.673],[-70.33,19.674],[-70.331,19.675],[-70.332,19.675],[-70.332,19.676],[-70.333,19.676],[-70.333,19.677],[-70.335,19.678],[-70.336,19.679],[-70.338,19.681],[-70.34,19.682],[-70.343,19.684],[-70.345,19.686],[-70.348,19.688],[-70.35,19.69],[-70.353,19.692],[-70.356,19.693],[-70.357,19.695],[-70.359,19.696],[-70.361,19.699],[-70.362,19.7],[-70.363,19.701],[-70.364,19.703],[-70.365,19.704],[-70.366,19.705],[-70.367,19.707],[-70.368,19.708],[-70.369,19.71],[-70.369,19.709],[-70.37,19.709],[-70.37,19.71],[-70.371,19.71],[-70.372,19.712],[-70.373,19.712],[-70.373,19.713],[-70.374,19.714],[-70.376,19.714],[-70.377,19.713],[-70.377,19.712],[-70.376,19.712],[-70.376,19.711],[-70.374,19.711],[-70.374,19.71],[-70.373,19.71],[-70.373,19.707],[-70.371,19.705],[-70.371,19.704],[-70.37,19.703],[-70.37,19.7],[-70.371,19.7],[-70.373,19.702],[-70.374,19.703],[-70.377,19.703],[-70.379,19.7],[-70.38,19.7],[-70.381,19.698],[-70.381,19.697],[-70.376,19.697],[-70.376,19.691],[-70.375,19.69],[-70.375,19.688],[-70.374,19.687],[-70.374,19.686],[-70.372,19.684],[-70.371,19.683],[-70.37,19.682],[-70.37,19.68],[-70.369,19.679],[-70.369,19.678],[-70.368,19.678],[-70.368,19.679],[-70.366,19.679],[-70.366,19.677],[-70.369,19.677],[-70.369,19.676],[-70.37,19.676],[-70.37,19.675],[-70.371,19.675],[-70.371,19.674],[-70.372,19.674],[-70.373,19.673],[-70.373,19.672],[-70.374,19.672],[-70.374,19.671],[-70.381,19.671],[-70.382,19.672],[-70.385,19.672],[-70.388,19.671],[-70.389,19.671],[-70.391,19.67],[-70.392,19.67],[-70.394,19.669],[-70.396,19.669],[-70.396,19.668],[-70.397,19.667],[-70.397,19.665],[-70.396,19.665],[-70.396,19.664],[-70.395,19.664],[-70.394,19.663],[-70.393,19.662],[-70.393,19.66],[-70.391,19.66],[-70.39,19.661],[-70.389,19.66],[-70.389,19.659],[-70.388,19.659],[-70.388,19.658],[-70.389,19.658],[-70.389,19.657],[-70.395,19.657],[-70.395,19.654],[-70.396,19.654],[-70.396,19.655],[-70.397,19.655],[-70.397,19.66],[-70.398,19.661],[-70.398,19.662],[-70.399,19.663],[-70.399,19.664],[-70.4,19.664],[-70.4,19.665],[-70.404,19.665],[-70.404,19.664],[-70.403,19.662],[-70.402,19.662],[-70.402,19.66],[-70.401,19.66],[-70.401,19.659],[-70.4,19.659],[-70.4,19.658],[-70.403,19.658],[-70.403,19.659],[-70.404,19.659],[-70.404,19.66],[-70.405,19.66],[-70.406,19.661],[-70.406,19.66],[-70.408,19.66],[-70.408,19.661],[-70.409,19.661],[-70.409,19.663],[-70.412,19.663],[-70.412,19.664],[-70.414,19.664],[-70.415,19.663],[-70.416,19.663],[-70.416,19.661],[-70.415,19.661],[-70.414,19.66],[-70.413,19.66],[-70.412,19.659],[-70.411,19.658],[-70.41,19.658],[-70.41,19.657],[-70.409,19.657],[-70.409,19.656],[-70.41,19.656],[-70.41,19.655],[-70.414,19.655],[-70.414,19.656],[-70.417,19.656],[-70.417,19.655],[-70.421,19.655],[-70.422,19.654],[-70.425,19.654],[-70.425,19.655],[-70.431,19.655],[-70.431,19.657],[-70.43,19.657],[-70.43,19.658],[-70.429,19.659],[-70.429,19.662],[-70.43,19.662],[-70.43,19.663],[-70.431,19.664],[-70.431,19.665],[-70.435,19.665],[-70.435,19.666],[-70.434,19.666],[-70.434,19.669],[-70.435,19.669],[-70.436,19.668],[-70.437,19.667],[-70.438,19.666],[-70.438,19.665],[-70.439,19.665],[-70.439,19.664],[-70.447,19.664],[-70.447,19.661],[-70.448,19.661],[-70.448,19.66],[-70.449,19.66],[-70.449,19.661],[-70.451,19.661],[-70.452,19.662],[-70.453,19.662],[-70.453,19.663],[-70.454,19.663],[-70.454,19.664],[-70.456,19.664],[-70.456,19.665],[-70.457,19.665],[-70.457,19.664],[-70.46,19.664],[-70.46,19.663],[-70.461,19.663],[-70.461,19.662],[-70.46,19.662],[-70.46,19.661],[-70.459,19.661],[-70.459,19.66],[-70.458,19.66],[-70.458,19.655],[-70.459,19.654],[-70.463,19.654],[-70.463,19.653],[-70.464,19.653],[-70.465,19.654],[-70.465,19.655],[-70.464,19.656],[-70.464,19.657],[-70.463,19.658],[-70.464,19.658],[-70.464,19.659],[-70.465,19.659],[-70.465,19.66],[-70.467,19.66],[-70.467,19.659],[-70.468,19.657],[-70.469,19.657],[-70.469,19.656],[-70.474,19.656],[-70.475,19.658],[-70.474,19.659],[-70.473,19.659],[-70.474,19.66],[-70.475,19.661],[-70.477,19.661],[-70.478,19.66],[-70.478,19.659],[-70.479,19.658],[-70.48,19.657],[-70.481,19.656],[-70.481,19.653],[-70.482,19.653],[-70.485,19.654],[-70.486,19.654],[-70.486,19.656],[-70.487,19.656],[-70.487,19.658],[-70.488,19.658],[-70.489,19.659],[-70.489,19.658],[-70.493,19.658],[-70.494,19.659],[-70.495,19.659],[-70.496,19.66],[-70.497,19.66],[-70.498,19.661],[-70.501,19.661],[-70.501,19.654],[-70.502,19.653],[-70.503,19.653],[-70.504,19.654],[-70.506,19.654],[-70.507,19.653],[-70.507,19.652],[-70.505,19.649],[-70.505,19.648],[-70.506,19.648],[-70.508,19.647],[-70.509,19.647],[-70.509,19.646],[-70.508,19.645],[-70.506,19.645],[-70.505,19.644],[-70.504,19.644],[-70.504,19.642],[-70.507,19.642],[-70.512,19.641],[-70.513,19.64],[-70.515,19.64],[-70.515,19.639],[-70.516,19.636],[-70.517,19.636],[-70.518,19.635],[-70.518,19.634],[-70.516,19.634],[-70.513,19.635],[-70.511,19.633],[-70.511,19.631],[-70.51,19.631],[-70.51,19.63],[-70.512,19.627],[-70.512,19.625],[-70.513,19.624],[-70.513,19.623],[-70.514,19.621],[-70.514,19.619],[-70.516,19.617],[-70.516,19.614],[-70.519,19.614],[-70.52,19.613],[-70.521,19.613],[-70.521,19.611],[-70.52,19.609],[-70.52,19.607],[-70.518,19.607],[-70.518,19.605],[-70.519,19.605],[-70.52,19.604],[-70.52,19.603],[-70.518,19.603],[-70.518,19.604],[-70.516,19.604],[-70.516,19.602],[-70.517,19.602],[-70.517,19.601],[-70.516,19.601],[-70.516,19.6],[-70.513,19.6],[-70.513,19.601],[-70.512,19.601],[-70.511,19.6],[-70.511,19.599],[-70.512,19.598],[-70.512,19.597],[-70.509,19.597],[-70.509,19.596],[-70.511,19.596],[-70.511,19.595],[-70.508,19.595],[-70.508,19.594],[-70.507,19.594],[-70.507,19.592],[-70.508,19.591],[-70.508,19.587],[-70.509,19.586],[-70.511,19.586],[-70.511,19.584],[-70.512,19.583],[-70.513,19.582],[-70.516,19.582],[-70.517,19.581],[-70.519,19.58],[-70.52,19.58],[-70.521,19.578],[-70.522,19.577],[-70.523,19.577],[-70.523,19.575],[-70.526,19.575],[-70.528,19.574],[-70.529,19.574],[-70.531,19.572],[-70.532,19.571],[-70.533,19.571],[-70.534,19.57],[-70.535,19.57],[-70.534,19.569],[-70.535,19.568],[-70.535,19.567],[-70.536,19.565],[-70.536,19.561],[-70.535,19.558],[-70.535,19.556],[-70.534,19.555],[-70.534,19.548],[-70.535,19.548],[-70.536,19.547],[-70.537,19.546],[-70.536,19.545],[-70.535,19.544],[-70.534,19.543],[-70.535,19.543],[-70.535,19.542],[-70.536,19.541],[-70.539,19.541],[-70.54,19.54],[-70.54,19.539],[-70.541,19.538],[-70.542,19.537],[-70.544,19.537],[-70.543,19.536],[-70.543,19.534],[-70.544,19.532],[-70.544,19.531],[-70.545,19.53],[-70.546,19.529],[-70.547,19.527],[-70.548,19.526],[-70.549,19.526],[-70.55,19.525],[-70.551,19.524],[-70.548,19.523],[-70.546,19.521],[-70.546,19.52],[-70.544,19.519],[-70.545,19.519],[-70.545,19.517],[-70.546,19.515],[-70.546,19.513],[-70.547,19.513],[-70.547,19.51],[-70.548,19.509],[-70.548,19.508],[-70.547,19.507],[-70.548,19.506],[-70.549,19.506],[-70.549,19.502],[-70.548,19.501],[-70.549,19.501],[-70.549,19.5],[-70.55,19.499],[-70.55,19.497],[-70.551,19.497],[-70.551,19.494],[-70.553,19.494],[-70.553,19.495],[-70.554,19.494],[-70.559,19.494],[-70.559,19.493],[-70.564,19.493],[-70.564,19.49],[-70.565,19.49],[-70.565,19.491],[-70.566,19.491],[-70.566,19.49],[-70.569,19.49],[-70.569,19.488],[-70.57,19.488],[-70.57,19.487],[-70.571,19.487],[-70.571,19.489],[-70.572,19.489],[-70.572,19.488],[-70.573,19.488],[-70.574,19.487],[-70.573,19.486],[-70.573,19.485],[-70.576,19.485],[-70.576,19.484],[-70.578,19.484],[-70.578,19.485],[-70.577,19.485],[-70.577,19.487],[-70.578,19.487],[-70.578,19.486],[-70.579,19.486],[-70.579,19.484],[-70.58,19.484],[-70.58,19.485],[-70.582,19.485],[-70.582,19.482],[-70.583,19.482],[-70.583,19.477],[-70.584,19.477],[-70.584,19.476],[-70.583,19.476],[-70.583,19.475],[-70.582,19.475],[-70.582,19.474],[-70.583,19.474],[-70.583,19.473],[-70.582,19.473],[-70.582,19.472],[-70.581,19.472],[-70.581,19.471],[-70.58,19.471],[-70.58,19.466],[-70.579,19.466],[-70.579,19.465],[-70.58,19.465],[-70.58,19.464],[-70.579,19.464],[-70.579,19.462],[-70.58,19.462],[-70.58,19.461],[-70.579,19.461],[-70.579,19.46],[-70.58,19.46],[-70.58,19.459],[-70.579,19.459],[-70.579,19.458],[-70.58,19.458],[-70.58,19.457],[-70.579,19.457],[-70.579,19.456],[-70.58,19.456],[-70.58,19.455],[-70.582,19.455],[-70.582,19.448],[-70.583,19.448],[-70.583,19.446],[-70.584,19.446],[-70.584,19.444],[-70.585,19.444],[-70.585,19.445],[-70.586,19.444],[-70.586,19.443],[-70.588,19.443],[-70.588,19.442],[-70.589,19.442],[-70.589,19.439],[-70.59,19.439],[-70.59,19.438],[-70.592,19.438],[-70.592,19.437],[-70.593,19.437],[-70.593,19.436],[-70.592,19.436],[-70.592,19.431],[-70.594,19.431],[-70.594,19.429],[-70.593,19.429],[-70.593,19.428],[-70.592,19.428],[-70.592,19.427],[-70.591,19.427],[-70.591,19.428],[-70.59,19.428],[-70.59,19.426],[-70.591,19.426],[-70.591,19.424],[-70.592,19.424],[-70.592,19.423],[-70.591,19.423],[-70.591,19.422],[-70.59,19.422],[-70.59,19.421],[-70.591,19.421],[-70.592,19.42],[-70.591,19.419],[-70.591,19.418],[-70.593,19.418],[-70.591,19.417],[-70.592,19.416],[-70.591,19.416],[-70.591,19.415],[-70.592,19.415],[-70.592,19.414],[-70.59,19.414],[-70.59,19.411],[-70.589,19.411],[-70.589,19.409],[-70.588,19.409],[-70.588,19.408],[-70.587,19.407],[-70.587,19.406],[-70.588,19.406],[-70.587,19.405],[-70.587,19.403],[-70.586,19.403],[-70.586,19.401],[-70.587,19.401],[-70.587,19.4],[-70.588,19.4],[-70.588,19.399],[-70.587,19.399],[-70.588,19.398],[-70.587,19.398],[-70.587,19.397],[-70.586,19.397],[-70.586,19.396],[-70.585,19.396],[-70.585,19.394],[-70.587,19.394],[-70.587,19.393],[-70.586,19.393],[-70.586,19.391],[-70.585,19.391],[-70.585,19.393],[-70.583,19.393],[-70.583,19.391],[-70.584,19.391],[-70.585,19.39],[-70.581,19.39],[-70.581,19.389],[-70.58,19.389],[-70.58,19.386],[-70.582,19.386],[-70.582,19.387],[-70.583,19.387],[-70.583,19.386],[-70.586,19.386],[-70.586,19.385],[-70.588,19.385],[-70.588,19.386],[-70.591,19.386],[-70.591,19.387],[-70.592,19.387],[-70.592,19.389],[-70.594,19.389],[-70.594,19.39],[-70.595,19.39],[-70.595,19.391],[-70.596,19.391],[-70.596,19.39],[-70.597,19.389],[-70.598,19.389],[-70.598,19.388],[-70.599,19.388],[-70.599,19.389],[-70.604,19.389],[-70.604,19.388],[-70.606,19.388],[-70.606,19.385],[-70.607,19.385],[-70.607,19.384],[-70.608,19.384],[-70.608,19.382],[-70.609,19.382],[-70.609,19.38],[-70.61,19.38],[-70.61,19.379],[-70.611,19.379],[-70.611,19.375]],[[-70.488,19.341],[-70.487,19.341],[-70.487,19.34],[-70.488,19.34],[-70.488,19.341]],[[-70.459,19.343],[-70.46,19.343],[-70.46,19.344],[-70.459,19.344],[-70.459,19.343]],[[-70.581,19.39],[-70.581,19.391],[-70.58,19.391],[-70.58,19.39],[-70.581,19.39]],[[-70.603,19.389],[-70.602,19.388],[-70.603,19.388],[-70.603,19.389]],[[-70.432,19.471],[-70.432,19.472],[-70.431,19.472],[-70.431,19.471],[-70.432,19.471]]],[[[-70.594,19.419],[-70.593,19.419],[-70.593,19.42],[-70.594,19.42],[-70.594,19.419]]],[[[-70.589,19.399],[-70.588,19.398],[-70.588,19.399],[-70.589,19.399]]],[[[-70.517,19.599],[-70.516,19.599],[-70.516,19.6],[-70.517,19.6],[-70.517,19.599]]]]}},{"type":"Feature","properties":{"shapeName":"Puerto Plata","provinceKey":"puertoplata","shapeType":"ADM1"},"geometry":{"type":"MultiPolygon","coordinates":[[[[-71.257,19.828],[-71.256,19.828],[-71.256,19.824],[-71.255,19.823],[-71.254,19.823],[-71.254,19.821],[-71.253,19.821],[-71.253,19.82],[-71.251,19.82],[-71.251,19.819],[-71.25,19.819],[-71.25,19.818],[-71.249,19.818],[-71.249,19.817],[-71.248,19.817],[-71.248,19.816],[-71.247,19.816],[-71.247,19.815],[-71.246,19.815],[-71.246,19.814],[-71.237,19.814],[-71.237,19.813],[-71.235,19.813],[-71.236,19.812],[-71.235,19.812],[-71.233,19.811],[-71.234,19.809],[-71.234,19.808],[-71.235,19.808],[-71.235,19.806],[-71.237,19.806],[-71.237,19.805],[-71.238,19.805],[-71.238,19.804],[-71.241,19.804],[-71.241,19.803],[-71.242,19.803],[-71.242,19.801],[-71.243,19.801],[-71.243,19.799],[-71.242,19.798],[-71.241,19.797],[-71.241,19.796],[-71.24,19.796],[-71.24,19.795],[-71.239,19.794],[-71.238,19.793],[-71.237,19.792],[-71.236,19.792],[-71.236,19.791],[-71.234,19.791],[-71.234,19.79],[-71.233,19.79],[-71.233,19.789],[-71.231,19.789],[-71.231,19.788],[-71.23,19.788],[-71.229,19.787],[-71.228,19.786],[-71.225,19.786],[-71.225,19.785],[-71.221,19.785],[-71.221,19.784],[-71.216,19.784],[-71.216,19.783],[-71.215,19.783],[-71.214,19.782],[-71.213,19.782],[-71.213,19.781],[-71.212,19.781],[-71.211,19.78],[-71.21,19.78],[-71.209,19.779],[-71.209,19.778],[-71.208,19.778],[-71.208,19.777],[-71.205,19.777],[-71.205,19.776],[-71.204,19.776],[-71.203,19.777],[-71.201,19.777],[-71.201,19.776],[-71.2,19.775],[-71.199,19.775],[-71.199,19.774],[-71.198,19.773],[-71.196,19.773],[-71.196,19.772],[-71.195,19.772],[-71.195,19.771],[-71.192,19.771],[-71.191,19.77],[-71.186,19.77],[-71.186,19.771],[-71.181,19.771],[-71.181,19.77],[-71.179,19.77],[-71.179,19.768],[-71.174,19.768],[-71.173,19.767],[-71.164,19.767],[-71.164,19.766],[-71.163,19.766],[-71.163,19.765],[-71.161,19.765],[-71.161,19.764],[-71.156,19.764],[-71.156,19.763],[-71.154,19.763],[-71.153,19.762],[-71.152,19.762],[-71.151,19.761],[-71.147,19.761],[-71.147,19.76],[-71.144,19.76],[-71.144,19.759],[-71.14,19.759],[-71.139,19.758],[-71.135,19.758],[-71.135,19.759],[-71.134,19.759],[-71.134,19.758],[-71.133,19.758],[-71.133,19.757],[-71.132,19.757],[-71.132,19.755],[-71.131,19.754],[-71.13,19.754],[-71.13,19.753],[-71.128,19.753],[-71.127,19.752],[-71.126,19.752],[-71.125,19.751],[-71.124,19.75],[-71.124,19.749],[-71.121,19.749],[-71.12,19.75],[-71.112,19.75],[-71.112,19.749],[-71.111,19.749],[-71.111,19.748],[-71.107,19.748],[-71.107,19.747],[-71.106,19.746],[-71.105,19.746],[-71.104,19.745],[-71.103,19.745],[-71.102,19.744],[-71.101,19.744],[-71.1,19.743],[-71.094,19.743],[-71.094,19.742],[-71.086,19.742],[-71.086,19.741],[-71.083,19.741],[-71.083,19.74],[-71.081,19.74],[-71.081,19.739],[-71.079,19.739],[-71.079,19.738],[-71.073,19.738],[-71.073,19.737],[-71.072,19.737],[-71.072,19.733],[-71.071,19.732],[-71.071,19.731],[-71.07,19.731],[-71.07,19.728],[-71.071,19.727],[-71.071,19.726],[-71.07,19.725],[-71.07,19.723],[-71.068,19.722],[-71.066,19.722],[-71.065,19.721],[-71.065,19.72],[-71.064,19.719],[-71.061,19.719],[-71.059,19.717],[-71.058,19.716],[-71.056,19.714],[-71.046,19.714],[-71.046,19.713],[-71.043,19.713],[-71.042,19.712],[-71.04,19.711],[-71.026,19.711],[-71.026,19.71],[-71.025,19.71],[-71.025,19.711],[-71.022,19.711],[-71.021,19.71],[-71.014,19.71],[-71.014,19.709],[-71.013,19.71],[-71.011,19.71],[-71.011,19.711],[-71.01,19.711],[-71.01,19.71],[-71.008,19.71],[-71.007,19.711],[-71.006,19.711],[-71.006,19.713],[-71.005,19.713],[-71.005,19.714],[-71.003,19.714],[-71.003,19.715],[-71.002,19.714],[-71.001,19.713],[-71,19.713],[-71,19.712],[-70.998,19.712],[-70.998,19.711],[-70.997,19.711],[-70.997,19.71],[-70.996,19.71],[-70.996,19.709],[-70.995,19.709],[-70.994,19.708],[-70.993,19.708],[-70.993,19.707],[-70.992,19.707],[-70.992,19.706],[-70.984,19.706],[-70.984,19.701],[-70.983,19.701],[-70.983,19.7],[-70.982,19.7],[-70.982,19.698],[-70.98,19.698],[-70.98,19.696],[-70.979,19.696],[-70.979,19.695],[-70.978,19.695],[-70.978,19.694],[-70.977,19.694],[-70.977,19.693],[-70.976,19.693],[-70.976,19.692],[-70.975,19.692],[-70.975,19.691],[-70.973,19.691],[-70.973,19.69],[-70.971,19.69],[-70.971,19.689],[-70.969,19.689],[-70.969,19.687],[-70.967,19.687],[-70.967,19.686],[-70.966,19.686],[-70.966,19.685],[-70.965,19.685],[-70.965,19.684],[-70.964,19.684],[-70.964,19.683],[-70.963,19.683],[-70.963,19.682],[-70.961,19.682],[-70.961,19.681],[-70.959,19.681],[-70.959,19.68],[-70.957,19.68],[-70.957,19.679],[-70.956,19.679],[-70.956,19.678],[-70.955,19.678],[-70.955,19.677],[-70.953,19.677],[-70.953,19.675],[-70.951,19.675],[-70.951,19.676],[-70.949,19.676],[-70.949,19.675],[-70.948,19.675],[-70.948,19.674],[-70.946,19.674],[-70.946,19.673],[-70.944,19.673],[-70.944,19.672],[-70.943,19.672],[-70.943,19.673],[-70.942,19.673],[-70.942,19.674],[-70.938,19.674],[-70.938,19.672],[-70.937,19.672],[-70.937,19.671],[-70.934,19.671],[-70.934,19.67],[-70.932,19.67],[-70.932,19.668],[-70.931,19.667],[-70.929,19.667],[-70.929,19.668],[-70.928,19.668],[-70.928,19.667],[-70.926,19.667],[-70.926,19.666],[-70.925,19.666],[-70.925,19.665],[-70.926,19.665],[-70.926,19.664],[-70.924,19.664],[-70.924,19.663],[-70.923,19.663],[-70.924,19.662],[-70.923,19.661],[-70.923,19.66],[-70.922,19.66],[-70.922,19.659],[-70.921,19.658],[-70.921,19.657],[-70.92,19.657],[-70.92,19.656],[-70.917,19.656],[-70.917,19.657],[-70.916,19.656],[-70.914,19.656],[-70.914,19.655],[-70.913,19.655],[-70.913,19.654],[-70.912,19.654],[-70.912,19.653],[-70.907,19.653],[-70.907,19.652],[-70.905,19.652],[-70.905,19.653],[-70.902,19.653],[-70.902,19.654],[-70.901,19.654],[-70.901,19.653],[-70.895,19.653],[-70.895,19.654],[-70.889,19.654],[-70.888,19.655],[-70.886,19.655],[-70.885,19.654],[-70.884,19.654],[-70.884,19.653],[-70.883,19.653],[-70.883,19.652],[-70.881,19.652],[-70.881,19.651],[-70.879,19.651],[-70.878,19.649],[-70.873,19.649],[-70.872,19.65],[-70.871,19.65],[-70.869,19.649],[-70.868,19.648],[-70.866,19.647],[-70.864,19.646],[-70.862,19.644],[-70.859,19.642],[-70.857,19.641],[-70.856,19.641],[-70.855,19.64],[-70.854,19.641],[-70.853,19.641],[-70.853,19.642],[-70.85,19.642],[-70.85,19.643],[-70.846,19.643],[-70.846,19.642],[-70.844,19.642],[-70.844,19.641],[-70.842,19.641],[-70.841,19.64],[-70.84,19.64],[-70.839,19.639],[-70.838,19.639],[-70.837,19.638],[-70.834,19.638],[-70.834,19.637],[-70.829,19.637],[-70.829,19.636],[-70.828,19.636],[-70.828,19.634],[-70.827,19.634],[-70.827,19.633],[-70.826,19.633],[-70.826,19.632],[-70.821,19.632],[-70.821,19.635],[-70.822,19.635],[-70.822,19.64],[-70.819,19.64],[-70.817,19.638],[-70.816,19.638],[-70.815,19.637],[-70.815,19.636],[-70.814,19.636],[-70.814,19.635],[-70.812,19.635],[-70.812,19.634],[-70.808,19.634],[-70.807,19.633],[-70.806,19.633],[-70.806,19.632],[-70.804,19.632],[-70.803,19.631],[-70.801,19.631],[-70.801,19.63],[-70.8,19.63],[-70.799,19.629],[-70.798,19.629],[-70.797,19.628],[-70.797,19.627],[-70.795,19.627],[-70.794,19.626],[-70.794,19.625],[-70.793,19.625],[-70.793,19.624],[-70.792,19.624],[-70.791,19.623],[-70.79,19.623],[-70.79,19.622],[-70.789,19.621],[-70.789,19.62],[-70.788,19.62],[-70.787,19.619],[-70.787,19.618],[-70.786,19.618],[-70.785,19.617],[-70.785,19.616],[-70.784,19.616],[-70.784,19.615],[-70.783,19.615],[-70.78,19.613],[-70.779,19.612],[-70.778,19.611],[-70.777,19.61],[-70.777,19.609],[-70.776,19.609],[-70.776,19.608],[-70.775,19.607],[-70.775,19.606],[-70.774,19.603],[-70.774,19.602],[-70.772,19.602],[-70.77,19.601],[-70.768,19.601],[-70.767,19.6],[-70.764,19.6],[-70.764,19.601],[-70.759,19.601],[-70.758,19.6],[-70.757,19.6],[-70.756,19.599],[-70.755,19.599],[-70.754,19.598],[-70.754,19.597],[-70.753,19.595],[-70.753,19.593],[-70.752,19.589],[-70.752,19.588],[-70.751,19.586],[-70.751,19.584],[-70.75,19.584],[-70.75,19.583],[-70.748,19.583],[-70.748,19.582],[-70.746,19.582],[-70.745,19.583],[-70.743,19.583],[-70.743,19.584],[-70.741,19.584],[-70.74,19.585],[-70.738,19.585],[-70.738,19.586],[-70.737,19.587],[-70.735,19.587],[-70.734,19.588],[-70.734,19.589],[-70.732,19.59],[-70.729,19.59],[-70.728,19.591],[-70.727,19.592],[-70.726,19.591],[-70.726,19.592],[-70.723,19.592],[-70.723,19.593],[-70.718,19.593],[-70.718,19.594],[-70.717,19.595],[-70.715,19.595],[-70.715,19.596],[-70.714,19.597],[-70.713,19.598],[-70.712,19.598],[-70.71,19.6],[-70.71,19.602],[-70.709,19.603],[-70.708,19.603],[-70.708,19.61],[-70.705,19.61],[-70.703,19.612],[-70.702,19.612],[-70.703,19.613],[-70.703,19.614],[-70.704,19.615],[-70.705,19.616],[-70.705,19.617],[-70.706,19.618],[-70.706,19.62],[-70.707,19.621],[-70.709,19.621],[-70.71,19.622],[-70.71,19.623],[-70.711,19.624],[-70.713,19.627],[-70.713,19.628],[-70.712,19.63],[-70.712,19.631],[-70.711,19.631],[-70.71,19.632],[-70.71,19.637],[-70.711,19.639],[-70.712,19.64],[-70.712,19.641],[-70.711,19.642],[-70.711,19.643],[-70.71,19.645],[-70.709,19.646],[-70.708,19.647],[-70.707,19.648],[-70.706,19.649],[-70.704,19.651],[-70.7,19.651],[-70.698,19.65],[-70.697,19.649],[-70.696,19.648],[-70.693,19.648],[-70.692,19.647],[-70.688,19.647],[-70.686,19.644],[-70.685,19.642],[-70.685,19.638],[-70.687,19.634],[-70.687,19.631],[-70.688,19.631],[-70.687,19.63],[-70.68,19.63],[-70.68,19.629],[-70.679,19.629],[-70.677,19.628],[-70.676,19.628],[-70.675,19.627],[-70.672,19.627],[-70.672,19.628],[-70.669,19.628],[-70.669,19.627],[-70.666,19.627],[-70.666,19.625],[-70.665,19.625],[-70.665,19.624],[-70.664,19.623],[-70.663,19.622],[-70.656,19.622],[-70.656,19.623],[-70.654,19.623],[-70.654,19.622],[-70.65,19.622],[-70.649,19.621],[-70.646,19.621],[-70.644,19.62],[-70.643,19.619],[-70.642,19.619],[-70.641,19.618],[-70.64,19.617],[-70.639,19.617],[-70.637,19.616],[-70.637,19.615],[-70.636,19.614],[-70.634,19.614],[-70.634,19.613],[-70.633,19.612],[-70.632,19.612],[-70.632,19.611],[-70.63,19.611],[-70.63,19.61],[-70.629,19.61],[-70.63,19.609],[-70.63,19.606],[-70.631,19.605],[-70.631,19.602],[-70.63,19.6],[-70.631,19.599],[-70.631,19.597],[-70.63,19.596],[-70.63,19.595],[-70.629,19.594],[-70.63,19.594],[-70.63,19.593],[-70.631,19.592],[-70.631,19.587],[-70.63,19.586],[-70.63,19.585],[-70.631,19.585],[-70.631,19.58],[-70.63,19.579],[-70.631,19.579],[-70.631,19.576],[-70.632,19.576],[-70.633,19.575],[-70.633,19.573],[-70.635,19.573],[-70.635,19.571],[-70.636,19.571],[-70.636,19.572],[-70.637,19.571],[-70.638,19.57],[-70.639,19.57],[-70.639,19.569],[-70.64,19.568],[-70.64,19.566],[-70.641,19.566],[-70.642,19.565],[-70.642,19.564],[-70.643,19.564],[-70.643,19.562],[-70.642,19.562],[-70.642,19.56],[-70.641,19.56],[-70.641,19.559],[-70.64,19.559],[-70.64,19.557],[-70.639,19.557],[-70.639,19.555],[-70.638,19.555],[-70.638,19.554],[-70.636,19.554],[-70.636,19.553],[-70.635,19.552],[-70.632,19.552],[-70.631,19.551],[-70.63,19.551],[-70.63,19.55],[-70.628,19.55],[-70.627,19.549],[-70.627,19.548],[-70.626,19.547],[-70.621,19.547],[-70.621,19.546],[-70.62,19.546],[-70.62,19.545],[-70.615,19.545],[-70.615,19.546],[-70.614,19.546],[-70.613,19.547],[-70.612,19.547],[-70.612,19.546],[-70.595,19.546],[-70.592,19.545],[-70.59,19.543],[-70.589,19.543],[-70.587,19.542],[-70.583,19.542],[-70.582,19.541],[-70.58,19.541],[-70.579,19.54],[-70.579,19.539],[-70.575,19.537],[-70.574,19.536],[-70.571,19.536],[-70.57,19.535],[-70.568,19.534],[-70.566,19.534],[-70.565,19.533],[-70.561,19.529],[-70.559,19.528],[-70.558,19.528],[-70.555,19.527],[-70.553,19.525],[-70.552,19.524],[-70.551,19.524],[-70.55,19.525],[-70.549,19.526],[-70.548,19.526],[-70.547,19.527],[-70.546,19.529],[-70.545,19.53],[-70.544,19.531],[-70.544,19.532],[-70.543,19.534],[-70.543,19.536],[-70.544,19.537],[-70.542,19.537],[-70.541,19.538],[-70.54,19.539],[-70.54,19.54],[-70.539,19.541],[-70.536,19.541],[-70.535,19.542],[-70.535,19.543],[-70.534,19.543],[-70.535,19.544],[-70.536,19.545],[-70.537,19.546],[-70.536,19.547],[-70.535,19.548],[-70.534,19.548],[-70.534,19.555],[-70.535,19.556],[-70.535,19.558],[-70.536,19.561],[-70.536,19.565],[-70.535,19.567],[-70.535,19.568],[-70.534,19.569],[-70.535,19.57],[-70.534,19.57],[-70.533,19.571],[-70.532,19.571],[-70.531,19.572],[-70.529,19.574],[-70.528,19.574],[-70.526,19.575],[-70.523,19.575],[-70.523,19.577],[-70.522,19.577],[-70.521,19.578],[-70.52,19.58],[-70.519,19.58],[-70.517,19.581],[-70.516,19.582],[-70.513,19.582],[-70.512,19.583],[-70.511,19.584],[-70.511,19.586],[-70.509,19.586],[-70.508,19.587],[-70.508,19.591],[-70.507,19.592],[-70.507,19.594],[-70.508,19.594],[-70.508,19.595],[-70.511,19.595],[-70.511,19.596],[-70.509,19.596],[-70.509,19.597],[-70.512,19.597],[-70.512,19.598],[-70.511,19.599],[-70.511,19.6],[-70.512,19.601],[-70.513,19.601],[-70.513,19.6],[-70.516,19.6],[-70.516,19.601],[-70.517,19.601],[-70.517,19.602],[-70.516,19.602],[-70.516,19.604],[-70.518,19.604],[-70.518,19.603],[-70.52,19.603],[-70.52,19.604],[-70.519,19.605],[-70.518,19.605],[-70.518,19.607],[-70.52,19.607],[-70.52,19.609],[-70.521,19.611],[-70.521,19.613],[-70.52,19.613],[-70.519,19.614],[-70.516,19.614],[-70.516,19.617],[-70.514,19.619],[-70.514,19.621],[-70.513,19.623],[-70.513,19.624],[-70.512,19.625],[-70.512,19.627],[-70.51,19.63],[-70.51,19.631],[-70.511,19.631],[-70.511,19.633],[-70.513,19.635],[-70.516,19.634],[-70.518,19.634],[-70.518,19.635],[-70.517,19.636],[-70.516,19.636],[-70.515,19.639],[-70.515,19.64],[-70.513,19.64],[-70.512,19.641],[-70.507,19.642],[-70.504,19.642],[-70.504,19.644],[-70.505,19.644],[-70.506,19.645],[-70.508,19.645],[-70.509,19.646],[-70.509,19.647],[-70.508,19.647],[-70.506,19.648],[-70.505,19.648],[-70.505,19.649],[-70.507,19.652],[-70.507,19.653],[-70.506,19.654],[-70.504,19.654],[-70.503,19.653],[-70.502,19.653],[-70.501,19.654],[-70.501,19.661],[-70.498,19.661],[-70.497,19.66],[-70.496,19.66],[-70.495,19.659],[-70.494,19.659],[-70.493,19.658],[-70.489,19.658],[-70.489,19.659],[-70.488,19.658],[-70.487,19.658],[-70.487,19.656],[-70.486,19.656],[-70.486,19.654],[-70.485,19.654],[-70.482,19.653],[-70.481,19.653],[-70.481,19.656],[-70.48,19.657],[-70.479,19.658],[-70.478,19.659],[-70.478,19.66],[-70.477,19.661],[-70.475,19.661],[-70.474,19.66],[-70.473,19.659],[-70.474,19.659],[-70.475,19.658],[-70.474,19.656],[-70.469,19.656],[-70.469,19.657],[-70.468,19.657],[-70.467,19.659],[-70.467,19.66],[-70.465,19.66],[-70.465,19.659],[-70.464,19.659],[-70.464,19.658],[-70.463,19.658],[-70.464,19.657],[-70.464,19.656],[-70.465,19.655],[-70.465,19.654],[-70.464,19.653],[-70.463,19.653],[-70.463,19.654],[-70.459,19.654],[-70.458,19.655],[-70.458,19.66],[-70.459,19.66],[-70.459,19.661],[-70.46,19.661],[-70.46,19.662],[-70.461,19.662],[-70.461,19.663],[-70.46,19.663],[-70.46,19.664],[-70.457,19.664],[-70.457,19.665],[-70.456,19.665],[-70.456,19.664],[-70.454,19.664],[-70.454,19.663],[-70.453,19.663],[-70.453,19.662],[-70.452,19.662],[-70.451,19.661],[-70.449,19.661],[-70.449,19.66],[-70.448,19.66],[-70.448,19.661],[-70.447,19.661],[-70.447,19.664],[-70.439,19.664],[-70.439,19.665],[-70.438,19.665],[-70.438,19.666],[-70.437,19.667],[-70.436,19.668],[-70.435,19.669],[-70.434,19.669],[-70.434,19.666],[-70.435,19.666],[-70.435,19.665],[-70.431,19.665],[-70.431,19.664],[-70.43,19.663],[-70.43,19.662],[-70.429,19.662],[-70.429,19.659],[-70.43,19.658],[-70.43,19.657],[-70.431,19.657],[-70.431,19.655],[-70.425,19.655],[-70.425,19.654],[-70.422,19.654],[-70.421,19.655],[-70.417,19.655],[-70.417,19.656],[-70.414,19.656],[-70.414,19.655],[-70.41,19.655],[-70.41,19.656],[-70.409,19.656],[-70.409,19.657],[-70.41,19.657],[-70.41,19.658],[-70.411,19.658],[-70.412,19.659],[-70.413,19.66],[-70.414,19.66],[-70.415,19.661],[-70.416,19.661],[-70.416,19.663],[-70.415,19.663],[-70.414,19.664],[-70.412,19.664],[-70.412,19.663],[-70.409,19.663],[-70.409,19.661],[-70.408,19.661],[-70.408,19.66],[-70.406,19.66],[-70.406,19.661],[-70.405,19.66],[-70.404,19.66],[-70.404,19.659],[-70.403,19.659],[-70.403,19.658],[-70.4,19.658],[-70.4,19.659],[-70.401,19.659],[-70.401,19.66],[-70.402,19.66],[-70.402,19.662],[-70.403,19.662],[-70.404,19.664],[-70.404,19.665],[-70.4,19.665],[-70.4,19.664],[-70.399,19.664],[-70.399,19.663],[-70.398,19.662],[-70.398,19.661],[-70.397,19.66],[-70.397,19.655],[-70.396,19.655],[-70.396,19.654],[-70.395,19.654],[-70.395,19.657],[-70.389,19.657],[-70.389,19.658],[-70.388,19.658],[-70.388,19.659],[-70.389,19.659],[-70.389,19.66],[-70.39,19.661],[-70.391,19.66],[-70.393,19.66],[-70.393,19.662],[-70.394,19.663],[-70.395,19.664],[-70.396,19.664],[-70.396,19.665],[-70.397,19.665],[-70.397,19.667],[-70.396,19.668],[-70.396,19.669],[-70.394,19.669],[-70.392,19.67],[-70.391,19.67],[-70.389,19.671],[-70.388,19.671],[-70.385,19.672],[-70.382,19.672],[-70.381,19.671],[-70.374,19.671],[-70.374,19.672],[-70.373,19.672],[-70.373,19.673],[-70.372,19.674],[-70.371,19.674],[-70.371,19.675],[-70.37,19.675],[-70.37,19.676],[-70.369,19.676],[-70.369,19.677],[-70.366,19.677],[-70.366,19.679],[-70.368,19.679],[-70.368,19.678],[-70.369,19.678],[-70.369,19.679],[-70.37,19.68],[-70.37,19.682],[-70.371,19.683],[-70.372,19.684],[-70.374,19.686],[-70.374,19.687],[-70.375,19.688],[-70.375,19.69],[-70.376,19.691],[-70.376,19.697],[-70.381,19.697],[-70.381,19.698],[-70.38,19.7],[-70.379,19.7],[-70.377,19.703],[-70.374,19.703],[-70.373,19.702],[-70.371,19.7],[-70.37,19.7],[-70.37,19.703],[-70.371,19.704],[-70.371,19.705],[-70.373,19.707],[-70.373,19.71],[-70.374,19.71],[-70.374,19.711],[-70.376,19.711],[-70.376,19.712],[-70.377,19.712],[-70.377,19.713],[-70.376,19.714],[-70.374,19.714],[-70.373,19.713],[-70.373,19.712],[-70.372,19.712],[-70.371,19.71],[-70.37,19.71],[-70.37,19.712],[-70.371,19.712],[-70.371,19.713],[-70.372,19.714],[-70.372,19.715],[-70.373,19.716],[-70.373,19.717],[-70.374,19.718],[-70.375,19.72],[-70.376,19.721],[-70.377,19.722],[-70.377,19.723],[-70.378,19.724],[-70.378,19.725],[-70.379,19.725],[-70.379,19.726],[-70.38,19.726],[-70.38,19.727],[-70.381,19.727],[-70.381,19.728],[-70.382,19.728],[-70.382,19.73],[-70.383,19.73],[-70.383,19.731],[-70.384,19.731],[-70.384,19.732],[-70.385,19.732],[-70.385,19.733],[-70.386,19.733],[-70.386,19.734],[-70.387,19.735],[-70.387,19.736],[-70.388,19.736],[-70.388,19.739],[-70.389,19.739],[-70.389,19.74],[-70.39,19.74],[-70.39,19.741],[-70.391,19.741],[-70.391,19.742],[-70.392,19.743],[-70.392,19.744],[-70.393,19.744],[-70.393,19.745],[-70.394,19.745],[-70.394,19.746],[-70.395,19.746],[-70.395,19.747],[-70.396,19.747],[-70.396,19.748],[-70.397,19.748],[-70.397,19.749],[-70.399,19.749],[-70.399,19.75],[-70.4,19.75],[-70.4,19.752],[-70.401,19.752],[-70.401,19.753],[-70.402,19.753],[-70.402,19.752],[-70.404,19.752],[-70.404,19.751],[-70.412,19.751],[-70.412,19.752],[-70.413,19.752],[-70.413,19.753],[-70.414,19.753],[-70.414,19.754],[-70.415,19.754],[-70.415,19.756],[-70.416,19.756],[-70.416,19.757],[-70.417,19.758],[-70.418,19.758],[-70.418,19.759],[-70.419,19.759],[-70.419,19.761],[-70.42,19.761],[-70.42,19.763],[-70.422,19.763],[-70.422,19.764],[-70.423,19.764],[-70.423,19.765],[-70.426,19.765],[-70.426,19.766],[-70.428,19.766],[-70.428,19.767],[-70.43,19.767],[-70.43,19.768],[-70.431,19.768],[-70.431,19.769],[-70.432,19.769],[-70.432,19.771],[-70.433,19.771],[-70.433,19.772],[-70.434,19.772],[-70.434,19.774],[-70.435,19.774],[-70.435,19.775],[-70.436,19.775],[-70.436,19.776],[-70.437,19.776],[-70.437,19.777],[-70.439,19.777],[-70.439,19.778],[-70.441,19.778],[-70.441,19.779],[-70.442,19.779],[-70.442,19.78],[-70.445,19.78],[-70.445,19.781],[-70.447,19.781],[-70.447,19.782],[-70.45,19.782],[-70.45,19.783],[-70.451,19.783],[-70.451,19.784],[-70.452,19.784],[-70.452,19.783],[-70.453,19.783],[-70.453,19.784],[-70.458,19.784],[-70.458,19.785],[-70.459,19.785],[-70.459,19.784],[-70.463,19.784],[-70.463,19.785],[-70.466,19.785],[-70.466,19.784],[-70.467,19.784],[-70.467,19.785],[-70.468,19.784],[-70.47,19.784],[-70.47,19.783],[-70.471,19.784],[-70.473,19.784],[-70.473,19.785],[-70.474,19.785],[-70.474,19.784],[-70.476,19.784],[-70.476,19.785],[-70.482,19.785],[-70.482,19.784],[-70.483,19.784],[-70.483,19.785],[-70.485,19.785],[-70.485,19.784],[-70.492,19.784],[-70.492,19.783],[-70.498,19.783],[-70.498,19.782],[-70.505,19.782],[-70.505,19.781],[-70.508,19.781],[-70.508,19.78],[-70.511,19.78],[-70.511,19.779],[-70.513,19.779],[-70.513,19.778],[-70.514,19.778],[-70.514,19.777],[-70.513,19.776],[-70.513,19.773],[-70.514,19.773],[-70.514,19.771],[-70.515,19.771],[-70.515,19.77],[-70.517,19.77],[-70.517,19.769],[-70.518,19.769],[-70.518,19.767],[-70.519,19.767],[-70.519,19.764],[-70.52,19.764],[-70.52,19.762],[-70.518,19.762],[-70.518,19.761],[-70.517,19.761],[-70.517,19.756],[-70.518,19.756],[-70.518,19.754],[-70.519,19.754],[-70.519,19.755],[-70.523,19.755],[-70.523,19.754],[-70.524,19.754],[-70.524,19.755],[-70.526,19.754],[-70.526,19.753],[-70.527,19.753],[-70.527,19.752],[-70.528,19.752],[-70.528,19.754],[-70.529,19.754],[-70.529,19.756],[-70.537,19.756],[-70.538,19.754],[-70.538,19.755],[-70.54,19.755],[-70.54,19.756],[-70.541,19.756],[-70.541,19.757],[-70.542,19.757],[-70.542,19.756],[-70.546,19.756],[-70.546,19.755],[-70.547,19.755],[-70.547,19.754],[-70.548,19.754],[-70.548,19.755],[-70.549,19.755],[-70.549,19.756],[-70.55,19.756],[-70.55,19.757],[-70.551,19.757],[-70.551,19.758],[-70.553,19.758],[-70.553,19.761],[-70.554,19.761],[-70.554,19.762],[-70.555,19.762],[-70.555,19.763],[-70.556,19.763],[-70.556,19.764],[-70.56,19.764],[-70.56,19.763],[-70.561,19.763],[-70.561,19.762],[-70.563,19.762],[-70.563,19.764],[-70.569,19.764],[-70.569,19.763],[-70.57,19.763],[-70.57,19.762],[-70.571,19.762],[-70.571,19.761],[-70.573,19.761],[-70.573,19.76],[-70.58,19.76],[-70.58,19.759],[-70.581,19.759],[-70.581,19.758],[-70.582,19.758],[-70.582,19.757],[-70.587,19.757],[-70.587,19.756],[-70.588,19.755],[-70.589,19.756],[-70.592,19.756],[-70.593,19.757],[-70.594,19.758],[-70.594,19.759],[-70.602,19.759],[-70.603,19.76],[-70.605,19.76],[-70.606,19.761],[-70.607,19.761],[-70.608,19.762],[-70.609,19.763],[-70.61,19.763],[-70.611,19.764],[-70.612,19.765],[-70.613,19.765],[-70.614,19.766],[-70.616,19.766],[-70.617,19.767],[-70.618,19.767],[-70.618,19.768],[-70.619,19.768],[-70.619,19.77],[-70.621,19.77],[-70.621,19.769],[-70.622,19.769],[-70.622,19.768],[-70.623,19.768],[-70.623,19.767],[-70.624,19.766],[-70.624,19.765],[-70.626,19.765],[-70.627,19.764],[-70.628,19.764],[-70.63,19.763],[-70.631,19.764],[-70.633,19.764],[-70.634,19.765],[-70.635,19.765],[-70.635,19.766],[-70.638,19.766],[-70.638,19.772],[-70.639,19.772],[-70.639,19.773],[-70.641,19.773],[-70.641,19.774],[-70.643,19.774],[-70.643,19.773],[-70.65,19.773],[-70.651,19.774],[-70.652,19.774],[-70.653,19.775],[-70.653,19.776],[-70.654,19.776],[-70.654,19.777],[-70.655,19.778],[-70.656,19.778],[-70.656,19.779],[-70.657,19.779],[-70.657,19.78],[-70.658,19.78],[-70.658,19.782],[-70.659,19.782],[-70.659,19.783],[-70.66,19.784],[-70.66,19.785],[-70.662,19.785],[-70.662,19.786],[-70.664,19.786],[-70.664,19.787],[-70.668,19.787],[-70.668,19.788],[-70.669,19.788],[-70.669,19.79],[-70.67,19.79],[-70.67,19.791],[-70.673,19.791],[-70.673,19.792],[-70.675,19.792],[-70.675,19.793],[-70.678,19.793],[-70.678,19.794],[-70.679,19.794],[-70.679,19.795],[-70.683,19.795],[-70.683,19.796],[-70.684,19.796],[-70.684,19.797],[-70.685,19.797],[-70.685,19.798],[-70.686,19.798],[-70.686,19.799],[-70.69,19.799],[-70.69,19.8],[-70.692,19.8],[-70.692,19.801],[-70.693,19.801],[-70.693,19.802],[-70.692,19.802],[-70.692,19.803],[-70.693,19.803],[-70.693,19.804],[-70.695,19.804],[-70.695,19.805],[-70.696,19.805],[-70.696,19.803],[-70.695,19.803],[-70.695,19.802],[-70.696,19.802],[-70.696,19.801],[-70.699,19.8],[-70.698,19.8],[-70.698,19.799],[-70.699,19.799],[-70.699,19.798],[-70.702,19.798],[-70.702,19.799],[-70.701,19.799],[-70.701,19.8],[-70.705,19.799],[-70.705,19.8],[-70.706,19.8],[-70.706,19.802],[-70.707,19.802],[-70.707,19.804],[-70.706,19.804],[-70.706,19.805],[-70.705,19.805],[-70.705,19.806],[-70.704,19.806],[-70.704,19.805],[-70.703,19.805],[-70.703,19.806],[-70.702,19.807],[-70.704,19.807],[-70.704,19.808],[-70.705,19.808],[-70.705,19.809],[-70.706,19.809],[-70.706,19.81],[-70.707,19.81],[-70.707,19.811],[-70.709,19.811],[-70.709,19.813],[-70.71,19.813],[-70.71,19.814],[-70.711,19.814],[-70.711,19.815],[-70.716,19.815],[-70.716,19.816],[-70.717,19.816],[-70.717,19.817],[-70.721,19.817],[-70.721,19.818],[-70.722,19.818],[-70.722,19.819],[-70.724,19.819],[-70.724,19.82],[-70.723,19.82],[-70.723,19.821],[-70.725,19.821],[-70.725,19.82],[-70.729,19.82],[-70.729,19.821],[-70.73,19.821],[-70.73,19.825],[-70.729,19.825],[-70.729,19.826],[-70.73,19.826],[-70.73,19.827],[-70.735,19.827],[-70.735,19.829],[-70.734,19.829],[-70.734,19.83],[-70.735,19.83],[-70.735,19.831],[-70.737,19.831],[-70.737,19.83],[-70.738,19.83],[-70.738,19.833],[-70.739,19.833],[-70.739,19.832],[-70.741,19.832],[-70.741,19.833],[-70.742,19.833],[-70.742,19.834],[-70.743,19.834],[-70.743,19.836],[-70.744,19.836],[-70.744,19.837],[-70.745,19.837],[-70.745,19.838],[-70.752,19.838],[-70.752,19.837],[-70.755,19.837],[-70.755,19.838],[-70.758,19.838],[-70.758,19.836],[-70.761,19.836],[-70.761,19.835],[-70.764,19.835],[-70.764,19.834],[-70.766,19.834],[-70.766,19.835],[-70.771,19.835],[-70.771,19.837],[-70.772,19.837],[-70.772,19.834],[-70.773,19.834],[-70.773,19.833],[-70.774,19.834],[-70.77566666666667,19.83233333333333],[-70.775,19.832],[-70.775,19.831],[-70.776,19.831],[-70.776,19.829],[-70.781,19.829],[-70.781,19.83],[-70.782,19.83],[-70.784,19.832],[-70.784,19.836],[-70.782,19.836],[-70.782,19.837],[-70.781,19.837],[-70.781,19.838],[-70.78,19.838],[-70.78,19.839],[-70.779,19.839],[-70.779,19.841],[-70.778,19.841],[-70.778,19.842],[-70.779,19.842],[-70.779,19.844],[-70.781,19.844],[-70.781,19.846],[-70.783,19.846],[-70.783,19.847],[-70.784,19.847],[-70.784,19.848],[-70.785,19.848],[-70.785,19.85],[-70.786,19.85],[-70.786,19.852],[-70.787,19.852],[-70.787,19.854],[-70.788,19.854],[-70.788,19.855],[-70.789,19.855],[-70.79,19.856],[-70.791,19.856],[-70.791,19.858],[-70.793,19.858],[-70.793,19.857],[-70.795,19.857],[-70.795,19.856],[-70.797,19.856],[-70.797,19.857],[-70.798,19.857],[-70.798,19.858],[-70.799,19.858],[-70.799,19.859],[-70.797,19.859],[-70.797,19.86],[-70.795,19.86],[-70.795,19.864],[-70.796,19.864],[-70.796,19.865],[-70.802,19.865],[-70.802,19.866],[-70.8,19.866],[-70.8,19.869],[-70.801,19.869],[-70.801,19.87],[-70.802,19.871],[-70.803,19.871],[-70.803,19.873],[-70.804,19.873],[-70.804,19.875],[-70.806,19.875],[-70.806,19.876],[-70.807,19.876],[-70.807,19.877],[-70.808,19.877],[-70.808,19.878],[-70.809,19.878],[-70.809,19.88],[-70.81,19.88],[-70.81,19.881],[-70.812,19.881],[-70.812,19.883],[-70.818,19.883],[-70.818,19.882],[-70.82,19.882],[-70.82,19.883],[-70.823,19.883],[-70.823,19.882],[-70.824,19.882],[-70.824,19.883],[-70.826,19.883],[-70.826,19.884],[-70.828,19.884],[-70.828,19.885],[-70.829,19.885],[-70.829,19.887],[-70.831,19.887],[-70.831,19.888],[-70.832,19.888],[-70.832,19.889],[-70.835,19.889],[-70.835,19.89],[-70.836,19.89],[-70.836,19.891],[-70.837,19.891],[-70.837,19.893],[-70.838,19.893],[-70.838,19.894],[-70.839,19.894],[-70.839,19.896],[-70.838,19.896],[-70.838,19.899],[-70.837,19.899],[-70.837,19.901],[-70.838,19.901],[-70.838,19.902],[-70.839,19.902],[-70.839,19.903],[-70.84,19.903],[-70.84,19.904],[-70.839,19.904],[-70.84,19.905],[-70.84,19.906],[-70.842,19.906],[-70.842,19.905],[-70.845,19.905],[-70.845,19.904],[-70.846,19.904],[-70.846,19.905],[-70.848,19.905],[-70.848,19.907],[-70.847,19.907],[-70.847,19.908],[-70.849,19.908],[-70.849,19.906],[-70.852,19.906],[-70.852,19.907],[-70.853,19.907],[-70.853,19.906],[-70.854,19.906],[-70.854,19.905],[-70.856,19.905],[-70.856,19.906],[-70.857,19.906],[-70.857,19.905],[-70.86,19.905],[-70.86,19.904],[-70.861,19.904],[-70.861,19.903],[-70.863,19.903],[-70.863,19.902],[-70.867,19.902],[-70.867,19.903],[-70.87,19.903],[-70.87,19.905],[-70.873,19.905],[-70.873,19.906],[-70.874,19.905],[-70.876,19.905],[-70.876,19.904],[-70.878,19.904],[-70.878,19.902],[-70.877,19.902],[-70.877,19.901],[-70.879,19.901],[-70.879,19.9],[-70.882,19.9],[-70.883,19.901],[-70.884,19.901],[-70.884,19.904],[-70.885,19.904],[-70.885,19.905],[-70.887,19.905],[-70.887,19.904],[-70.888,19.904],[-70.888,19.903],[-70.889,19.903],[-70.889,19.904],[-70.892,19.904],[-70.892,19.905],[-70.893,19.905],[-70.893,19.904],[-70.895,19.904],[-70.895,19.905],[-70.9,19.905],[-70.9,19.904],[-70.901,19.904],[-70.901,19.905],[-70.903,19.905],[-70.903,19.904],[-70.906,19.904],[-70.906,19.905],[-70.907,19.905],[-70.907,19.904],[-70.909,19.904],[-70.909,19.905],[-70.908,19.905],[-70.908,19.906],[-70.909,19.906],[-70.909,19.907],[-70.91,19.907],[-70.91,19.906],[-70.911,19.906],[-70.911,19.907],[-70.912,19.907],[-70.912,19.908],[-70.918,19.908],[-70.918,19.909],[-70.92,19.909],[-70.92,19.91],[-70.921,19.91],[-70.921,19.911],[-70.923,19.911],[-70.923,19.913],[-70.925,19.913],[-70.925,19.914],[-70.927,19.914],[-70.927,19.915],[-70.929,19.915],[-70.929,19.916],[-70.934,19.916],[-70.934,19.914],[-70.935,19.914],[-70.935,19.913],[-70.936,19.913],[-70.936,19.912],[-70.937,19.912],[-70.937,19.911],[-70.938,19.911],[-70.938,19.909],[-70.939,19.909],[-70.939,19.908],[-70.94,19.908],[-70.94,19.906],[-70.941,19.906],[-70.941,19.902],[-70.94,19.902],[-70.94,19.9],[-70.937,19.9],[-70.937,19.899],[-70.935,19.899],[-70.935,19.898],[-70.932,19.898],[-70.932,19.897],[-70.931,19.897],[-70.931,19.894],[-70.932,19.894],[-70.932,19.893],[-70.933,19.893],[-70.933,19.895],[-70.935,19.895],[-70.935,19.894],[-70.939,19.894],[-70.939,19.895],[-70.942,19.895],[-70.942,19.896],[-70.941,19.896],[-70.941,19.897],[-70.94,19.897],[-70.94,19.898],[-70.941,19.898],[-70.941,19.899],[-70.942,19.899],[-70.942,19.901],[-70.945,19.901],[-70.945,19.904],[-70.944,19.904],[-70.944,19.906],[-70.945,19.906],[-70.945,19.907],[-70.95,19.907],[-70.95,19.909],[-70.953,19.909],[-70.953,19.91],[-70.954,19.91],[-70.954,19.911],[-70.955,19.911],[-70.955,19.912],[-70.957,19.912],[-70.957,19.913],[-70.959,19.913],[-70.959,19.914],[-70.96,19.914],[-70.96,19.915],[-70.964,19.915],[-70.964,19.916],[-70.967,19.916],[-70.967,19.917],[-70.969,19.917],[-70.969,19.918],[-70.971,19.918],[-70.971,19.919],[-70.972,19.919],[-70.972,19.92],[-70.973,19.92],[-70.973,19.921],[-70.976,19.921],[-70.976,19.922],[-70.978,19.922],[-70.978,19.923],[-70.979,19.923],[-70.979,19.924],[-70.98,19.924],[-70.98,19.925],[-70.982,19.925],[-70.982,19.926],[-70.983,19.926],[-70.983,19.927],[-70.985,19.927],[-70.985,19.928],[-70.987,19.928],[-70.987,19.929],[-70.988,19.929],[-70.988,19.93],[-70.994,19.93],[-70.994,19.931],[-70.996,19.931],[-70.997,19.932],[-70.997,19.931],[-70.998,19.931],[-70.998,19.932],[-71.003,19.932],[-71.003,19.931],[-71.005,19.932],[-71.005,19.931],[-71.006,19.931],[-71.006,19.93],[-71.008,19.93],[-71.008,19.931],[-71.01,19.931],[-71.01,19.932],[-71.014,19.932],[-71.014,19.931],[-71.017,19.932],[-71.017,19.931],[-71.022,19.931],[-71.022,19.93],[-71.024,19.93],[-71.024,19.931],[-71.025,19.931],[-71.025,19.93],[-71.027,19.93],[-71.027,19.929],[-71.029,19.929],[-71.029,19.928],[-71.035,19.928],[-71.035,19.927],[-71.036,19.927],[-71.036,19.926],[-71.04,19.926],[-71.041,19.924],[-71.042,19.924],[-71.042,19.923],[-71.044,19.923],[-71.044,19.922],[-71.05,19.922],[-71.05,19.921],[-71.053,19.921],[-71.053,19.92],[-71.057,19.92],[-71.057,19.919],[-71.06,19.919],[-71.06,19.918],[-71.062,19.918],[-71.062,19.915],[-71.063,19.915],[-71.063,19.914],[-71.062,19.914],[-71.063,19.913],[-71.063,19.912],[-71.064,19.912],[-71.064,19.911],[-71.065,19.911],[-71.065,19.91],[-71.067,19.91],[-71.067,19.909],[-71.068,19.909],[-71.069,19.908],[-71.07,19.908],[-71.07,19.907],[-71.073,19.907],[-71.073,19.906],[-71.075,19.906],[-71.075,19.905],[-71.076,19.905],[-71.076,19.904],[-71.077,19.904],[-71.077,19.902],[-71.078,19.902],[-71.078,19.901],[-71.079,19.901],[-71.079,19.9],[-71.081,19.9],[-71.081,19.899],[-71.082,19.899],[-71.082,19.897],[-71.083,19.897],[-71.083,19.896],[-71.082,19.895],[-71.082,19.894],[-71.081,19.894],[-71.081,19.887],[-71.079,19.887],[-71.079,19.884],[-71.08,19.883],[-71.08,19.882],[-71.081,19.882],[-71.081,19.881],[-71.082,19.881],[-71.083,19.88],[-71.084,19.879],[-71.085,19.879],[-71.085,19.878],[-71.087,19.878],[-71.087,19.877],[-71.088,19.877],[-71.088,19.876],[-71.089,19.876],[-71.089,19.875],[-71.09,19.874],[-71.091,19.874],[-71.091,19.873],[-71.093,19.872],[-71.094,19.871],[-71.095,19.871],[-71.096,19.87],[-71.098,19.87],[-71.098,19.869],[-71.1,19.869],[-71.1,19.868],[-71.103,19.868],[-71.103,19.867],[-71.107,19.867],[-71.107,19.866],[-71.113,19.866],[-71.113,19.865],[-71.12,19.865],[-71.12,19.864],[-71.124,19.864],[-71.124,19.863],[-71.126,19.863],[-71.126,19.862],[-71.128,19.862],[-71.128,19.861],[-71.129,19.861],[-71.129,19.86],[-71.13,19.86],[-71.13,19.859],[-71.131,19.859],[-71.131,19.858],[-71.132,19.858],[-71.132,19.856],[-71.137,19.856],[-71.137,19.857],[-71.142,19.857],[-71.142,19.858],[-71.146,19.858],[-71.146,19.859],[-71.148,19.859],[-71.148,19.858],[-71.149,19.858],[-71.149,19.859],[-71.151,19.859],[-71.151,19.858],[-71.155,19.858],[-71.156,19.859],[-71.157,19.859],[-71.159,19.86],[-71.161,19.861],[-71.161,19.862],[-71.163,19.862],[-71.163,19.863],[-71.17,19.863],[-71.17,19.862],[-71.171,19.862],[-71.171,19.858],[-71.172,19.858],[-71.173,19.857],[-71.175,19.857],[-71.175,19.856],[-71.177,19.856],[-71.177,19.854],[-71.179,19.854],[-71.179,19.853],[-71.181,19.853],[-71.181,19.852],[-71.183,19.852],[-71.184,19.853],[-71.186,19.853],[-71.186,19.854],[-71.187,19.854],[-71.187,19.855],[-71.19,19.855],[-71.191,19.856],[-71.192,19.856],[-71.192,19.857],[-71.193,19.857],[-71.193,19.859],[-71.194,19.859],[-71.194,19.861],[-71.195,19.861],[-71.195,19.862],[-71.198,19.862],[-71.198,19.863],[-71.2,19.863],[-71.2,19.864],[-71.201,19.864],[-71.202,19.865],[-71.203,19.865],[-71.204,19.866],[-71.205,19.866],[-71.205,19.867],[-71.206,19.867],[-71.206,19.868],[-71.208,19.868],[-71.208,19.869],[-71.211,19.869],[-71.211,19.866],[-71.212,19.866],[-71.212,19.863],[-71.213,19.863],[-71.213,19.862],[-71.209,19.861],[-71.209,19.858],[-71.21,19.858],[-71.211,19.857],[-71.211,19.856],[-71.212,19.856],[-71.212,19.855],[-71.213,19.854],[-71.213,19.852],[-71.214,19.852],[-71.214,19.847],[-71.213,19.847],[-71.213,19.841],[-71.214,19.841],[-71.214,19.84],[-71.215,19.839],[-71.216,19.839],[-71.216,19.838],[-71.22,19.838],[-71.221,19.837],[-71.223,19.837],[-71.223,19.836],[-71.224,19.836],[-71.225,19.835],[-71.226,19.835],[-71.227,19.834],[-71.233,19.834],[-71.233,19.833],[-71.234,19.833],[-71.234,19.832],[-71.235,19.832],[-71.235,19.833],[-71.237,19.833],[-71.237,19.834],[-71.238,19.834],[-71.238,19.833],[-71.239,19.833],[-71.239,19.834],[-71.24,19.834],[-71.24,19.833],[-71.241,19.833],[-71.241,19.832],[-71.243,19.832],[-71.243,19.831],[-71.244,19.831],[-71.244,19.83],[-71.248,19.83],[-71.248,19.829],[-71.252,19.829],[-71.252,19.83],[-71.257,19.83],[-71.257,19.828]],[[-70.516,19.6],[-70.516,19.599],[-70.517,19.599],[-70.517,19.6],[-70.516,19.6]],[[-70.797,19.856],[-70.797,19.855],[-70.798,19.855],[-70.798,19.856],[-70.797,19.856]],[[-70.799,19.859],[-70.8,19.859],[-70.799,19.86],[-70.799,19.859]],[[-70.803,19.865],[-70.804,19.865],[-70.804,19.864],[-70.805,19.864],[-70.805,19.866],[-70.803,19.866],[-70.803,19.865]],[[-70.802,19.865],[-70.802,19.864],[-70.803,19.864],[-70.803,19.865],[-70.802,19.865]],[[-70.86,19.904],[-70.859,19.904],[-70.859,19.903],[-70.86,19.903],[-70.86,19.904]],[[-70.863,19.902],[-70.862,19.902],[-70.862,19.901],[-70.863,19.901],[-70.863,19.902]],[[-70.876,19.904],[-70.875,19.904],[-70.875,19.903],[-70.876,19.903],[-70.876,19.904]],[[-70.956,19.902],[-70.958,19.902],[-70.958,19.903],[-70.956,19.903],[-70.956,19.902]],[[-70.955,19.901],[-70.956,19.901],[-70.956,19.902],[-70.955,19.902],[-70.955,19.901]],[[-70.945,19.901],[-70.945,19.899],[-70.95,19.899],[-70.95,19.898],[-70.952,19.898],[-70.952,19.897],[-70.953,19.897],[-70.953,19.895],[-70.954,19.895],[-70.954,19.894],[-70.955,19.894],[-70.955,19.895],[-70.956,19.895],[-70.956,19.896],[-70.957,19.896],[-70.957,19.897],[-70.96,19.897],[-70.96,19.898],[-70.958,19.898],[-70.958,19.899],[-70.957,19.899],[-70.957,19.9],[-70.955,19.9],[-70.955,19.901],[-70.953,19.901],[-70.954,19.902],[-70.953,19.902],[-70.953,19.903],[-70.951,19.903],[-70.951,19.902],[-70.947,19.902],[-70.947,19.901],[-70.945,19.901]],[[-71.147,19.854],[-71.146,19.854],[-71.146,19.853],[-71.147,19.853],[-71.147,19.854]],[[-71.157,19.856],[-71.151,19.856],[-71.151,19.855],[-71.147,19.855],[-71.147,19.854],[-71.155,19.854],[-71.155,19.855],[-71.157,19.855],[-71.157,19.856]],[[-71.184,19.84],[-71.186,19.84],[-71.186,19.841],[-71.184,19.841],[-71.184,19.84]],[[-71.177,19.854],[-71.175,19.854],[-71.175,19.853],[-71.174,19.853],[-71.174,19.852],[-71.173,19.852],[-71.173,19.851],[-71.172,19.851],[-71.172,19.852],[-71.171,19.852],[-71.171,19.854],[-71.168,19.854],[-71.168,19.855],[-71.169,19.855],[-71.169,19.856],[-71.168,19.856],[-71.168,19.857],[-71.17,19.857],[-71.17,19.858],[-71.169,19.858],[-71.169,19.861],[-71.167,19.861],[-71.167,19.86],[-71.161,19.86],[-71.161,19.859],[-71.16,19.859],[-71.16,19.858],[-71.158,19.858],[-71.158,19.857],[-71.157,19.857],[-71.157,19.856],[-71.16,19.856],[-71.16,19.857],[-71.162,19.857],[-71.162,19.856],[-71.164,19.856],[-71.164,19.855],[-71.165,19.855],[-71.165,19.856],[-71.166,19.856],[-71.166,19.848],[-71.168,19.848],[-71.168,19.847],[-71.169,19.847],[-71.169,19.846],[-71.173,19.846],[-71.173,19.843],[-71.174,19.843],[-71.174,19.84],[-71.175,19.839],[-71.177,19.839],[-71.177,19.838],[-71.18,19.838],[-71.18,19.837],[-71.182,19.837],[-71.182,19.839],[-71.184,19.839],[-71.184,19.84],[-71.183,19.84],[-71.183,19.841],[-71.182,19.841],[-71.182,19.84],[-71.175,19.84],[-71.175,19.845],[-71.174,19.845],[-71.174,19.851],[-71.175,19.851],[-71.175,19.852],[-71.176,19.852],[-71.176,19.853],[-71.177,19.854]],[[-71.127,19.852],[-71.127,19.853],[-71.126,19.853],[-71.126,19.852],[-71.127,19.852]],[[-71.127,19.855],[-71.126,19.855],[-71.126,19.854],[-71.127,19.855]],[[-71.126,19.853],[-71.126,19.854],[-71.125,19.854],[-71.125,19.855],[-71.121,19.855],[-71.121,19.856],[-71.119,19.856],[-71.119,19.857],[-71.118,19.857],[-71.118,19.858],[-71.117,19.858],[-71.117,19.856],[-71.116,19.856],[-71.116,19.855],[-71.119,19.855],[-71.119,19.854],[-71.121,19.854],[-71.121,19.853],[-71.123,19.853],[-71.123,19.852],[-71.124,19.852],[-71.124,19.853],[-71.126,19.853]],[[-71.126,19.856],[-71.126,19.858],[-71.123,19.858],[-71.123,19.859],[-71.122,19.859],[-71.122,19.86],[-71.121,19.86],[-71.121,19.861],[-71.12,19.861],[-71.12,19.86],[-71.118,19.86],[-71.118,19.859],[-71.12,19.859],[-71.12,19.858],[-71.122,19.858],[-71.122,19.857],[-71.124,19.857],[-71.124,19.856],[-71.126,19.856]],[[-70.95907,19.91341],[-70.95904,19.9134],[-70.95906,19.9134],[-70.95907,19.91341]]],[[[-71.212,19.869],[-71.211,19.869],[-71.211,19.87],[-71.212,19.87],[-71.212,19.869]]],[[[-70.955,19.899],[-70.954,19.899],[-70.954,19.9],[-70.955,19.9],[-70.955,19.899]]],[[[-70.777,19.833],[-70.776,19.832499999999996],[-70.776,19.834],[-70.777,19.833]]],[[[-70.776,19.832],[-70.77566666666667,19.83233333333333],[-70.776,19.832499999999996],[-70.776,19.832]]],[[[-70.733,19.828],[-70.732,19.828],[-70.732,19.829],[-70.733,19.828]]],[[[-70.731,19.828],[-70.73,19.827],[-70.73,19.828],[-70.731,19.829],[-70.731,19.828]]],[[[-70.37,19.709],[-70.369,19.709],[-70.369,19.71],[-70.37,19.71],[-70.37,19.709]]]]}},{"type":"Feature","properties":{"shapeName":"María Trinidad Sánchez","provinceKey":"mariatrinidadsanchez","shapeType":"ADM1"},"geometry":{"type":"MultiPolygon","coordinates":[[[[-70.202,19.551],[-70.201,19.55],[-70.2,19.549],[-70.199,19.548],[-70.199,19.547],[-70.198,19.545],[-70.198,19.537],[-70.197,19.536],[-70.197,19.528],[-70.198,19.527],[-70.198,19.52],[-70.197,19.517],[-70.19,19.517],[-70.189,19.516],[-70.185,19.516],[-70.182,19.515],[-70.181,19.515],[-70.18,19.516],[-70.177,19.515],[-70.172,19.515],[-70.172,19.514],[-70.167,19.514],[-70.165,19.513],[-70.164,19.513],[-70.162,19.512],[-70.161,19.511],[-70.16,19.51],[-70.154,19.51],[-70.154,19.511],[-70.153,19.511],[-70.153,19.51],[-70.152,19.51],[-70.152,19.511],[-70.149,19.511],[-70.149,19.51],[-70.141,19.51],[-70.14,19.509],[-70.139,19.509],[-70.138,19.508],[-70.138,19.507],[-70.137,19.506],[-70.137,19.503],[-70.136,19.502],[-70.136,19.496],[-70.137,19.495],[-70.137,19.487],[-70.136,19.487],[-70.135,19.486],[-70.134,19.486],[-70.132,19.485],[-70.131,19.484],[-70.13,19.484],[-70.13,19.482],[-70.131,19.481],[-70.132,19.48],[-70.132,19.478],[-70.131,19.477],[-70.131,19.476],[-70.13,19.475],[-70.129,19.474],[-70.128,19.473],[-70.129,19.472],[-70.129,19.468],[-70.128,19.467],[-70.128,19.465],[-70.13,19.463],[-70.132,19.462],[-70.132,19.461],[-70.133,19.46],[-70.132,19.458],[-70.131,19.457],[-70.131,19.455],[-70.13,19.455],[-70.13,19.454],[-70.129,19.453],[-70.128,19.452],[-70.127,19.451],[-70.127,19.45],[-70.126,19.449],[-70.125,19.448],[-70.125,19.447],[-70.124,19.447],[-70.124,19.445],[-70.125,19.444],[-70.125,19.441],[-70.124,19.44],[-70.126,19.438],[-70.126,19.434],[-70.125,19.433],[-70.126,19.432],[-70.126,19.429],[-70.125,19.429],[-70.124,19.43],[-70.123,19.429],[-70.12,19.429],[-70.119,19.428],[-70.118,19.428],[-70.118,19.432],[-70.117,19.433],[-70.113,19.433],[-70.113,19.434],[-70.114,19.434],[-70.114,19.437],[-70.106,19.437],[-70.105,19.436],[-70.104,19.435],[-70.103,19.435],[-70.102,19.434],[-70.096,19.434],[-70.094,19.433],[-70.093,19.432],[-70.092,19.432],[-70.09,19.431],[-70.085,19.431],[-70.083,19.432],[-70.082,19.433],[-70.081,19.433],[-70.08,19.432],[-70.08,19.43],[-70.079,19.43],[-70.079,19.429],[-70.08,19.428],[-70.08,19.426],[-70.079,19.426],[-70.079,19.423],[-70.08,19.423],[-70.079,19.422],[-70.079,19.417],[-70.08,19.416],[-70.079,19.416],[-70.079,19.415],[-70.078,19.415],[-70.079,19.414],[-70.078,19.413],[-70.078,19.41],[-70.077,19.41],[-70.077,19.408],[-70.078,19.408],[-70.078,19.407],[-70.079,19.406],[-70.079,19.405],[-70.08,19.405],[-70.081,19.404],[-70.08,19.404],[-70.08,19.403],[-70.081,19.403],[-70.081,19.402],[-70.079,19.402],[-70.079,19.401],[-70.08,19.401],[-70.081,19.4],[-70.08,19.4],[-70.08,19.397],[-70.081,19.396],[-70.082,19.396],[-70.082,19.395],[-70.083,19.394],[-70.084,19.393],[-70.084,19.392],[-70.085,19.392],[-70.085,19.39],[-70.086,19.39],[-70.086,19.387],[-70.087,19.386],[-70.088,19.386],[-70.089,19.385],[-70.09,19.384],[-70.09,19.383],[-70.091,19.382],[-70.09,19.382],[-70.09,19.381],[-70.091,19.379],[-70.091,19.376],[-70.09,19.376],[-70.089,19.375],[-70.089,19.374],[-70.09,19.374],[-70.09,19.373],[-70.091,19.372],[-70.092,19.372],[-70.093,19.371],[-70.094,19.371],[-70.094,19.369],[-70.095,19.369],[-70.095,19.368],[-70.096,19.367],[-70.096,19.365],[-70.097,19.365],[-70.097,19.363],[-70.098,19.362],[-70.099,19.361],[-70.099,19.36],[-70.1,19.359],[-70.102,19.357],[-70.102,19.356],[-70.103,19.355],[-70.103,19.354],[-70.104,19.353],[-70.104,19.352],[-70.102,19.351],[-70.101,19.35],[-70.1,19.349],[-70.1,19.348],[-70.099,19.347],[-70.098,19.347],[-70.097,19.346],[-70.096,19.346],[-70.096,19.345],[-70.094,19.345],[-70.092,19.344],[-70.088,19.344],[-70.087,19.343],[-70.084,19.343],[-70.083,19.342],[-70.08,19.342],[-70.08,19.341],[-70.077,19.341],[-70.077,19.34],[-70.076,19.34],[-70.075,19.339],[-70.073,19.339],[-70.072,19.338],[-70.071,19.337],[-70.069,19.336],[-70.067,19.336],[-70.066,19.335],[-70.063,19.335],[-70.062,19.334],[-70.062,19.335],[-70.061,19.335],[-70.056,19.333],[-70.054,19.332],[-70.051,19.332],[-70.05,19.33],[-70.048,19.33],[-70.046,19.329],[-70.045,19.328],[-70.044,19.327],[-70.043,19.326],[-70.042,19.326],[-70.041,19.325],[-70.037,19.325],[-70.035,19.324],[-70.033,19.323],[-70.032,19.322],[-70.028,19.322],[-70.027,19.323],[-70.02,19.323],[-70.019,19.322],[-70.016,19.322],[-70.016,19.321],[-70.015,19.32],[-70.015,19.319],[-70.016,19.318],[-70.017,19.317],[-70.018,19.316],[-70.018,19.315],[-70.017,19.314],[-70.018,19.313],[-70.018,19.307],[-70.017,19.306],[-70.016,19.304],[-70.016,19.303],[-70.015,19.302],[-70.015,19.301],[-70.014,19.3],[-70.015,19.299],[-70.015,19.294],[-70.016,19.293],[-70.016,19.292],[-70.017,19.291],[-70.018,19.291],[-70.019,19.289],[-70.02,19.288],[-70.02,19.287],[-70.021,19.286],[-70.021,19.284],[-70.022,19.283],[-70.022,19.28],[-70.021,19.28],[-70.021,19.279],[-70.019,19.279],[-70.019,19.278],[-70.018,19.277],[-70.017,19.276],[-70.017,19.274],[-70.015,19.274],[-70.015,19.275],[-70.01,19.275],[-70.01,19.276],[-70.006,19.276],[-70.005,19.275],[-70.005,19.274],[-70.004,19.274],[-70.003,19.275],[-70.001,19.275],[-70.001,19.274],[-70.002,19.273],[-70.002,19.272],[-70.003,19.271],[-70.003,19.27],[-70.002,19.27],[-70.002,19.269],[-70.001,19.27],[-70,19.27],[-69.999,19.272],[-69.998,19.273],[-69.995,19.273],[-69.994,19.272],[-69.992,19.272],[-69.991,19.273],[-69.987,19.273],[-69.987,19.272],[-69.986,19.272],[-69.986,19.271],[-69.985,19.271],[-69.984,19.27],[-69.982,19.27],[-69.981,19.271],[-69.98,19.271],[-69.98,19.27],[-69.979,19.27],[-69.979,19.269],[-69.976,19.269],[-69.975,19.27],[-69.973,19.27],[-69.973,19.272],[-69.972,19.272],[-69.971,19.271],[-69.969,19.271],[-69.967,19.272],[-69.965,19.272],[-69.965,19.271],[-69.964,19.271],[-69.964,19.267],[-69.963,19.267],[-69.962,19.266],[-69.961,19.264],[-69.96,19.264],[-69.96,19.263],[-69.959,19.262],[-69.958,19.261],[-69.957,19.261],[-69.957,19.26],[-69.956,19.26],[-69.955,19.259],[-69.955,19.258],[-69.953,19.257],[-69.952,19.256],[-69.951,19.256],[-69.95,19.255],[-69.947,19.255],[-69.946,19.254],[-69.945,19.254],[-69.944,19.253],[-69.941,19.253],[-69.941,19.251],[-69.94,19.252],[-69.936,19.252],[-69.936,19.251],[-69.935,19.251],[-69.935,19.253],[-69.934,19.252],[-69.933,19.252],[-69.931,19.254],[-69.931,19.255],[-69.93,19.255],[-69.93,19.256],[-69.927,19.256],[-69.927,19.258],[-69.925,19.258],[-69.924,19.259],[-69.924,19.258],[-69.923,19.258],[-69.923,19.259],[-69.922,19.26],[-69.921,19.26],[-69.921,19.258],[-69.919,19.258],[-69.919,19.259],[-69.918,19.259],[-69.918,19.257],[-69.917,19.257],[-69.917,19.256],[-69.916,19.256],[-69.916,19.253],[-69.914,19.253],[-69.914,19.252],[-69.913,19.251],[-69.914,19.251],[-69.916,19.25],[-69.917,19.249],[-69.916,19.248],[-69.916,19.247],[-69.915,19.247],[-69.915,19.246],[-69.914,19.246],[-69.913,19.245],[-69.911,19.245],[-69.91,19.244],[-69.909,19.244],[-69.908,19.243],[-69.906,19.243],[-69.905,19.244],[-69.903,19.244],[-69.903,19.243],[-69.902,19.243],[-69.902,19.244],[-69.901,19.244],[-69.901,19.245],[-69.898,19.245],[-69.898,19.244],[-69.897,19.244],[-69.897,19.242],[-69.896,19.242],[-69.896,19.241],[-69.895,19.24],[-69.894,19.238],[-69.893,19.237],[-69.892,19.236],[-69.891,19.235],[-69.891,19.234],[-69.89,19.234],[-69.889,19.233],[-69.884,19.233],[-69.884,19.234],[-69.882,19.235],[-69.881,19.235],[-69.879,19.236],[-69.872,19.236],[-69.869,19.237],[-69.865,19.239],[-69.859,19.239],[-69.858,19.238],[-69.856,19.236],[-69.853,19.234],[-69.851,19.232],[-69.848,19.231],[-69.845,19.23],[-69.843,19.23],[-69.841,19.229],[-69.834,19.23],[-69.824,19.23],[-69.82,19.226],[-69.815,19.223],[-69.811,19.22],[-69.806,19.217],[-69.797,19.208],[-69.794,19.206],[-69.793,19.207],[-69.791,19.207],[-69.79,19.208],[-69.788,19.208],[-69.787,19.207],[-69.787,19.205],[-69.786,19.204],[-69.784,19.204],[-69.783,19.203],[-69.782,19.203],[-69.781,19.202],[-69.779,19.202],[-69.778,19.203],[-69.778,19.204],[-69.779,19.206],[-69.779,19.208],[-69.777,19.209],[-69.776,19.21],[-69.775,19.21],[-69.775,19.211],[-69.774,19.212],[-69.774,19.215],[-69.773,19.215],[-69.773,19.216],[-69.771,19.217],[-69.77,19.218],[-69.769,19.219],[-69.769,19.22],[-69.767,19.22],[-69.766,19.221],[-69.764,19.222],[-69.761,19.224],[-69.755,19.224],[-69.753,19.225],[-69.75,19.225],[-69.75,19.227],[-69.749,19.231],[-69.749,19.249],[-69.748,19.249],[-69.748,19.251],[-69.747,19.252],[-69.747,19.256],[-69.746,19.256],[-69.746,19.257],[-69.759,19.257],[-69.759,19.258],[-69.76,19.258],[-69.761,19.257],[-69.762,19.257],[-69.763,19.258],[-69.763,19.262],[-69.762,19.262],[-69.762,19.265],[-69.761,19.265],[-69.761,19.267],[-69.76,19.268],[-69.76,19.271],[-69.761,19.272],[-69.763,19.274],[-69.765,19.274],[-69.768,19.275],[-69.77,19.275],[-69.771,19.276],[-69.771,19.277],[-69.772,19.277],[-69.772,19.28],[-69.771,19.281],[-69.77,19.282],[-69.769,19.283],[-69.764,19.283],[-69.764,19.282],[-69.762,19.281],[-69.761,19.28],[-69.758,19.28],[-69.757,19.279],[-69.756,19.28],[-69.755,19.279],[-69.752,19.279],[-69.751,19.278],[-69.75,19.278],[-69.75,19.277],[-69.749,19.277],[-69.749,19.276],[-69.747,19.276],[-69.746,19.277],[-69.745,19.278],[-69.744,19.278],[-69.744,19.281],[-69.745,19.281],[-69.745,19.282],[-69.748,19.282],[-69.748,19.285],[-69.749,19.285],[-69.75,19.286],[-69.752,19.286],[-69.752,19.287],[-69.754,19.287],[-69.754,19.288],[-69.755,19.288],[-69.756,19.289],[-69.757,19.289],[-69.758,19.29],[-69.759,19.29],[-69.76,19.291],[-69.762,19.291],[-69.763,19.292],[-69.765,19.293],[-69.766,19.293],[-69.766,19.294],[-69.767,19.294],[-69.768,19.295],[-69.769,19.295],[-69.769,19.296],[-69.77,19.296],[-69.771,19.297],[-69.773,19.297],[-69.773,19.298],[-69.774,19.298],[-69.775,19.299],[-69.776,19.3],[-69.777,19.3],[-69.777,19.301],[-69.778,19.301],[-69.779,19.302],[-69.78,19.302],[-69.78,19.303],[-69.781,19.303],[-69.781,19.304],[-69.783,19.304],[-69.783,19.305],[-69.784,19.306],[-69.787,19.309],[-69.788,19.309],[-69.788,19.31],[-69.789,19.31],[-69.789,19.311],[-69.79,19.311],[-69.791,19.313],[-69.792,19.313],[-69.792,19.314],[-69.793,19.314],[-69.793,19.315],[-69.794,19.315],[-69.794,19.316],[-69.795,19.316],[-69.795,19.317],[-69.796,19.318],[-69.799,19.322],[-69.801,19.325],[-69.806,19.33],[-69.806,19.336],[-69.807,19.336],[-69.808,19.337],[-69.809,19.338],[-69.81,19.338],[-69.812,19.339],[-69.814,19.341],[-69.814,19.342],[-69.815,19.343],[-69.815,19.349],[-69.816,19.351],[-69.818,19.352],[-69.819,19.353],[-69.82,19.353],[-69.821,19.354],[-69.823,19.354],[-69.825,19.355],[-69.825,19.356],[-69.826,19.357],[-69.826,19.358],[-69.827,19.359],[-69.831,19.362],[-69.832,19.363],[-69.833,19.364],[-69.834,19.365],[-69.836,19.366],[-69.837,19.367],[-69.838,19.368],[-69.84,19.368],[-69.841,19.369],[-69.841,19.371],[-69.842,19.371],[-69.843,19.373],[-69.843,19.375],[-69.844,19.375],[-69.844,19.376],[-69.845,19.377],[-69.845,19.378],[-69.846,19.379],[-69.846,19.381],[-69.847,19.381],[-69.847,19.387],[-69.846,19.387],[-69.846,19.388],[-69.847,19.388],[-69.846,19.389],[-69.847,19.389],[-69.847,19.394],[-69.848,19.395],[-69.848,19.396],[-69.849,19.396],[-69.849,19.398],[-69.85,19.399],[-69.851,19.4],[-69.852,19.401],[-69.853,19.403],[-69.853,19.404],[-69.854,19.406],[-69.855,19.406],[-69.856,19.407],[-69.857,19.408],[-69.857,19.409],[-69.858,19.41],[-69.859,19.412],[-69.86,19.414],[-69.861,19.416],[-69.864,19.421],[-69.866,19.426],[-69.87,19.434],[-69.871,19.436],[-69.873,19.442],[-69.875,19.449],[-69.875,19.45],[-69.876,19.453],[-69.876,19.456],[-69.875,19.458],[-69.875,19.459],[-69.874,19.46],[-69.873,19.461],[-69.873,19.462],[-69.874,19.463],[-69.873,19.463],[-69.873,19.468],[-69.874,19.47],[-69.874,19.472],[-69.873,19.472],[-69.873,19.473],[-69.871,19.475],[-69.871,19.477],[-69.872,19.477],[-69.872,19.478],[-69.873,19.479],[-69.873,19.49],[-69.872,19.492],[-69.873,19.493],[-69.872,19.493],[-69.872,19.498],[-69.873,19.498],[-69.873,19.503],[-69.872,19.503],[-69.872,19.504],[-69.871,19.505],[-69.871,19.507],[-69.87,19.506],[-69.87,19.508],[-69.869,19.508],[-69.869,19.509],[-69.87,19.509],[-69.87,19.51],[-69.871,19.51],[-69.873,19.511],[-69.874,19.511],[-69.874,19.512],[-69.875,19.513],[-69.873,19.513],[-69.874,19.514],[-69.876,19.514],[-69.876,19.516],[-69.877,19.516],[-69.877,19.517],[-69.878,19.517],[-69.878,19.516],[-69.879,19.517],[-69.884,19.517],[-69.885,19.518],[-69.887,19.518],[-69.887,19.519],[-69.888,19.52],[-69.889,19.52],[-69.889,19.522],[-69.888,19.522],[-69.889,19.523],[-69.89,19.523],[-69.891,19.524],[-69.891,19.525],[-69.89,19.525],[-69.89,19.526],[-69.892,19.526],[-69.892,19.527],[-69.893,19.528],[-69.893,19.53],[-69.894,19.53],[-69.894,19.529],[-69.895,19.529],[-69.895,19.528],[-69.896,19.529],[-69.897,19.531],[-69.898,19.532],[-69.898,19.534],[-69.9,19.535],[-69.9,19.538],[-69.901,19.539],[-69.901,19.54],[-69.902,19.54],[-69.902,19.541],[-69.903,19.543],[-69.904,19.544],[-69.904,19.546],[-69.905,19.547],[-69.905,19.549],[-69.904,19.55],[-69.904,19.551],[-69.903,19.551],[-69.902,19.554],[-69.9,19.554],[-69.9,19.555],[-69.901,19.556],[-69.9,19.556],[-69.9,19.557],[-69.899,19.557],[-69.899,19.56],[-69.898,19.56],[-69.898,19.561],[-69.897,19.561],[-69.896,19.564],[-69.895,19.564],[-69.895,19.567],[-69.896,19.567],[-69.897,19.568],[-69.896,19.568],[-69.896,19.57],[-69.895,19.571],[-69.895,19.574],[-69.896,19.574],[-69.896,19.576],[-69.897,19.577],[-69.897,19.578],[-69.896,19.578],[-69.895,19.577],[-69.895,19.583],[-69.894,19.583],[-69.894,19.585],[-69.893,19.586],[-69.893,19.588],[-69.892,19.589],[-69.892,19.59],[-69.891,19.59],[-69.891,19.591],[-69.89,19.592],[-69.889,19.592],[-69.889,19.593],[-69.888,19.593],[-69.888,19.594],[-69.887,19.595],[-69.887,19.596],[-69.886,19.596],[-69.886,19.598],[-69.885,19.599],[-69.886,19.599],[-69.885,19.6],[-69.885,19.602],[-69.884,19.603],[-69.885,19.603],[-69.884,19.604],[-69.884,19.606],[-69.885,19.607],[-69.884,19.607],[-69.884,19.608],[-69.885,19.608],[-69.885,19.614],[-69.886,19.614],[-69.886,19.615],[-69.887,19.616],[-69.886,19.616],[-69.886,19.618],[-69.887,19.619],[-69.888,19.621],[-69.889,19.621],[-69.889,19.623],[-69.89,19.624],[-69.891,19.625],[-69.892,19.626],[-69.892,19.628],[-69.893,19.63],[-69.894,19.631],[-69.895,19.632],[-69.895,19.635],[-69.896,19.635],[-69.896,19.636],[-69.897,19.637],[-69.898,19.637],[-69.898,19.64],[-69.899,19.64],[-69.899,19.641],[-69.9,19.641],[-69.899,19.642],[-69.9,19.642],[-69.9,19.644],[-69.901,19.645],[-69.901,19.646],[-69.902,19.646],[-69.902,19.647],[-69.904,19.647],[-69.905,19.648],[-69.906,19.647],[-69.906,19.648],[-69.908,19.648],[-69.908,19.647],[-69.91,19.647],[-69.91,19.648],[-69.911,19.647],[-69.911,19.649],[-69.912,19.649],[-69.913,19.648],[-69.915,19.648],[-69.915,19.649],[-69.916,19.649],[-69.916,19.65],[-69.917,19.651],[-69.917,19.652],[-69.919,19.652],[-69.918,19.653],[-69.92,19.653],[-69.92,19.654],[-69.921,19.654],[-69.921,19.656],[-69.922,19.656],[-69.922,19.655],[-69.923,19.655],[-69.923,19.654],[-69.924,19.653],[-69.925,19.652],[-69.928,19.652],[-69.928,19.653],[-69.93,19.653],[-69.931,19.654],[-69.932,19.655],[-69.933,19.655],[-69.934,19.656],[-69.934,19.657],[-69.935,19.658],[-69.936,19.658],[-69.936,19.66],[-69.937,19.66],[-69.938,19.661],[-69.938,19.662],[-69.939,19.663],[-69.939,19.664],[-69.938,19.664],[-69.938,19.665],[-69.936,19.665],[-69.936,19.666],[-69.937,19.667],[-69.942,19.667],[-69.943,19.668],[-69.943,19.669],[-69.944,19.669],[-69.944,19.672],[-69.945,19.672],[-69.945,19.674],[-69.946,19.674],[-69.946,19.675],[-69.954,19.675],[-69.954,19.677],[-69.955,19.677],[-69.955,19.678],[-69.958,19.678],[-69.959,19.679],[-69.96,19.679],[-69.96,19.68],[-69.961,19.681],[-69.961,19.68],[-69.962,19.68],[-69.962,19.681],[-69.963,19.681],[-69.963,19.68],[-69.964,19.681],[-69.965,19.681],[-69.965,19.68],[-69.966,19.68],[-69.967,19.682],[-69.97,19.682],[-69.971,19.681],[-69.972,19.681],[-69.973,19.68],[-69.974,19.68],[-69.975,19.681],[-69.977,19.681],[-69.977,19.682],[-69.978,19.682],[-69.978,19.683],[-69.982,19.683],[-69.982,19.682],[-69.983,19.682],[-69.984,19.683],[-69.984,19.681],[-69.985,19.681],[-69.985,19.682],[-69.987,19.682],[-69.987,19.681],[-69.988,19.681],[-69.988,19.68],[-69.989,19.68],[-69.989,19.684],[-69.991,19.684],[-69.991,19.681],[-69.992,19.68],[-69.993,19.68],[-69.993,19.679],[-69.994,19.679],[-69.995,19.678],[-69.997,19.678],[-69.998,19.679],[-69.999,19.678],[-70.002,19.678],[-70.003,19.679],[-70.004,19.679],[-70.003,19.68],[-70.005,19.68],[-70.005,19.678],[-70.014,19.678],[-70.017,19.679],[-70.018,19.679],[-70.018,19.681],[-70.019,19.68],[-70.019,19.681],[-70.02,19.681],[-70.02,19.68],[-70.022,19.681],[-70.022,19.679],[-70.023,19.678],[-70.024,19.678],[-70.024,19.681],[-70.025,19.681],[-70.025,19.68],[-70.027,19.679],[-70.027,19.678],[-70.028,19.678],[-70.028,19.676],[-70.029,19.676],[-70.029,19.677],[-70.032,19.677],[-70.032,19.678],[-70.033,19.678],[-70.033,19.679],[-70.034,19.679],[-70.034,19.678],[-70.035,19.678],[-70.036,19.677],[-70.039,19.677],[-70.039,19.676],[-70.043,19.676],[-70.044,19.677],[-70.044,19.678],[-70.047,19.678],[-70.047,19.677],[-70.048,19.677],[-70.048,19.674],[-70.051,19.674],[-70.052,19.673],[-70.056,19.673],[-70.057,19.674],[-70.057,19.673],[-70.058,19.673],[-70.058,19.672],[-70.059,19.672],[-70.059,19.671],[-70.06,19.671],[-70.06,19.67],[-70.062,19.67],[-70.063,19.669],[-70.064,19.668],[-70.065,19.668],[-70.065,19.667],[-70.066,19.666],[-70.067,19.666],[-70.067,19.665],[-70.068,19.665],[-70.068,19.663],[-70.067,19.663],[-70.067,19.662],[-70.07,19.663],[-70.07,19.659],[-70.071,19.659],[-70.071,19.657],[-70.073,19.657],[-70.073,19.656],[-70.074,19.656],[-70.074,19.657],[-70.075,19.657],[-70.075,19.656],[-70.076,19.656],[-70.076,19.655],[-70.077,19.655],[-70.077,19.654],[-70.076,19.653],[-70.076,19.651],[-70.078,19.651],[-70.078,19.65],[-70.08,19.649],[-70.079,19.649],[-70.079,19.648],[-70.08,19.648],[-70.079,19.647],[-70.081,19.647],[-70.081,19.645],[-70.082,19.645],[-70.082,19.644],[-70.081,19.644],[-70.081,19.641],[-70.082,19.64],[-70.082,19.639],[-70.083,19.639],[-70.083,19.638],[-70.082,19.637],[-70.082,19.633],[-70.083,19.633],[-70.082,19.632],[-70.082,19.63],[-70.081,19.63],[-70.081,19.629],[-70.082,19.629],[-70.082,19.628],[-70.083,19.628],[-70.083,19.626],[-70.082,19.625],[-70.082,19.623],[-70.083,19.623],[-70.083,19.624],[-70.084,19.624],[-70.084,19.625],[-70.085,19.625],[-70.085,19.623],[-70.084,19.623],[-70.085,19.622],[-70.086,19.622],[-70.087,19.621],[-70.088,19.621],[-70.088,19.619],[-70.087,19.619],[-70.086,19.618],[-70.085,19.617],[-70.085,19.616],[-70.086,19.616],[-70.086,19.615],[-70.087,19.615],[-70.087,19.614],[-70.086,19.614],[-70.085,19.613],[-70.084,19.613],[-70.084,19.611],[-70.085,19.611],[-70.086,19.612],[-70.087,19.612],[-70.088,19.611],[-70.087,19.61],[-70.087,19.609],[-70.086,19.609],[-70.085,19.608],[-70.085,19.607],[-70.084,19.606],[-70.084,19.601],[-70.087,19.601],[-70.087,19.598],[-70.088,19.598],[-70.088,19.597],[-70.089,19.596],[-70.089,19.594],[-70.088,19.594],[-70.087,19.595],[-70.086,19.595],[-70.086,19.591],[-70.089,19.591],[-70.089,19.59],[-70.088,19.589],[-70.087,19.588],[-70.087,19.587],[-70.086,19.587],[-70.087,19.586],[-70.088,19.586],[-70.09,19.585],[-70.093,19.585],[-70.093,19.586],[-70.094,19.586],[-70.094,19.583],[-70.095,19.583],[-70.095,19.582],[-70.098,19.582],[-70.099,19.581],[-70.1,19.582],[-70.1,19.583],[-70.101,19.583],[-70.102,19.582],[-70.102,19.581],[-70.103,19.579],[-70.104,19.579],[-70.104,19.58],[-70.107,19.58],[-70.107,19.581],[-70.108,19.581],[-70.109,19.58],[-70.11,19.579],[-70.11,19.578],[-70.109,19.577],[-70.109,19.576],[-70.111,19.576],[-70.111,19.577],[-70.113,19.577],[-70.114,19.578],[-70.114,19.577],[-70.115,19.577],[-70.114,19.576],[-70.114,19.575],[-70.115,19.575],[-70.115,19.574],[-70.118,19.574],[-70.119,19.573],[-70.121,19.573],[-70.121,19.574],[-70.122,19.574],[-70.122,19.572],[-70.121,19.572],[-70.121,19.57],[-70.122,19.57],[-70.122,19.569],[-70.123,19.568],[-70.126,19.568],[-70.125,19.567],[-70.125,19.566],[-70.126,19.566],[-70.126,19.564],[-70.127,19.564],[-70.127,19.563],[-70.128,19.563],[-70.128,19.564],[-70.132,19.564],[-70.133,19.563],[-70.134,19.562],[-70.135,19.561],[-70.136,19.561],[-70.136,19.559],[-70.137,19.558],[-70.138,19.558],[-70.139,19.557],[-70.141,19.557],[-70.142,19.558],[-70.15,19.558],[-70.151,19.557],[-70.151,19.556],[-70.152,19.556],[-70.153,19.557],[-70.154,19.557],[-70.154,19.555],[-70.155,19.554],[-70.156,19.554],[-70.156,19.552],[-70.158,19.552],[-70.158,19.554],[-70.162,19.554],[-70.162,19.556],[-70.161,19.556],[-70.162,19.557],[-70.162,19.558],[-70.164,19.558],[-70.164,19.557],[-70.163,19.557],[-70.164,19.556],[-70.165,19.556],[-70.166,19.557],[-70.169,19.557],[-70.17,19.556],[-70.171,19.556],[-70.171,19.555],[-70.17,19.555],[-70.171,19.554],[-70.172,19.554],[-70.173,19.553],[-70.179,19.553],[-70.179,19.554],[-70.182,19.554],[-70.182,19.555],[-70.189,19.555],[-70.189,19.556],[-70.19,19.555],[-70.191,19.555],[-70.191,19.556],[-70.195,19.556],[-70.198,19.558],[-70.198,19.555],[-70.199,19.555],[-70.201,19.554],[-70.201,19.553],[-70.202,19.552],[-70.202,19.551]],[[-69.897,19.578],[-69.898,19.578],[-69.898,19.579],[-69.899,19.579],[-69.899,19.58],[-69.9,19.58],[-69.899,19.581],[-69.898,19.581],[-69.898,19.58],[-69.897,19.579],[-69.897,19.578]]],[[[-70.07715,19.65164],[-70.07704,19.6516],[-70.07695,19.65166],[-70.07685,19.65168],[-70.07672,19.65177],[-70.07652,19.65196],[-70.07649,19.65192],[-70.07641,19.65184],[-70.07633,19.65186],[-70.07635,19.65196],[-70.07649,19.65198],[-70.07647,19.6521],[-70.07649,19.65228],[-70.07675,19.65237],[-70.07699,19.65208],[-70.07713,19.6517],[-70.07715,19.65164]]],[[[-69.9,19.555],[-69.899,19.555],[-69.899,19.556],[-69.9,19.556],[-69.9,19.555]]],[[[-69.89918,19.53817],[-69.89914,19.53807],[-69.89907,19.53808],[-69.89902,19.53807],[-69.89896,19.53803],[-69.89877,19.53799],[-69.89872,19.53806],[-69.89869,19.53807],[-69.89862,19.53813],[-69.89863,19.53833],[-69.89853,19.53844],[-69.89857,19.53852],[-69.89876,19.53849],[-69.89908,19.53836],[-69.89917,19.53827],[-69.89918,19.53817]]],[[[-69.899,19.556],[-69.898,19.556],[-69.898,19.557],[-69.899,19.557],[-69.899,19.556]]],[[[-69.873,19.512],[-69.872,19.512],[-69.872,19.513],[-69.873,19.513],[-69.873,19.512]]]]}},{"type":"Feature","properties":{"shapeName":"Santiago Rodríguez","provinceKey":"santiagorodriguez","shapeType":"ADM1"},"geometry":{"type":"MultiPolygon","coordinates":[[[[-71.52,19.319],[-71.519,19.318],[-71.519,19.317],[-71.517,19.313],[-71.515,19.312],[-71.513,19.311],[-71.509,19.31],[-71.506,19.309],[-71.503,19.306],[-71.504,19.304],[-71.509,19.301],[-71.509,19.3],[-71.51,19.3],[-71.51,19.296],[-71.511,19.295],[-71.511,19.293],[-71.51,19.293],[-71.51,19.289],[-71.509,19.288],[-71.508,19.288],[-71.508,19.286],[-71.507,19.286],[-71.507,19.285],[-71.509,19.285],[-71.509,19.284],[-71.51,19.284],[-71.51,19.283],[-71.509,19.283],[-71.509,19.279],[-71.51,19.279],[-71.511,19.28],[-71.511,19.279],[-71.512,19.279],[-71.512,19.278],[-71.514,19.276],[-71.515,19.276],[-71.515,19.275],[-71.514,19.274],[-71.512,19.274],[-71.512,19.273],[-71.511,19.273],[-71.51,19.272],[-71.509,19.272],[-71.509,19.271],[-71.508,19.271],[-71.507,19.272],[-71.508,19.272],[-71.507,19.273],[-71.506,19.273],[-71.506,19.272],[-71.505,19.272],[-71.505,19.271],[-71.504,19.271],[-71.504,19.272],[-71.503,19.272],[-71.503,19.269],[-71.502,19.269],[-71.502,19.268],[-71.501,19.268],[-71.501,19.267],[-71.5,19.267],[-71.5,19.266],[-71.501,19.266],[-71.501,19.265],[-71.5,19.265],[-71.5,19.264],[-71.497,19.264],[-71.497,19.262],[-71.499,19.262],[-71.499,19.258],[-71.5,19.258],[-71.5,19.257],[-71.499,19.257],[-71.499,19.251],[-71.497,19.251],[-71.497,19.252],[-71.493,19.252],[-71.493,19.253],[-71.492,19.253],[-71.492,19.254],[-71.493,19.254],[-71.493,19.256],[-71.492,19.256],[-71.492,19.257],[-71.491,19.257],[-71.491,19.255],[-71.49,19.255],[-71.49,19.254],[-71.488,19.254],[-71.488,19.253],[-71.484,19.253],[-71.484,19.254],[-71.483,19.254],[-71.483,19.252],[-71.48,19.252],[-71.48,19.253],[-71.478,19.253],[-71.478,19.254],[-71.475,19.254],[-71.475,19.255],[-71.474,19.255],[-71.473,19.254],[-71.472,19.254],[-71.472,19.253],[-71.471,19.253],[-71.471,19.254],[-71.47,19.253],[-71.469,19.253],[-71.469,19.252],[-71.468,19.252],[-71.468,19.251],[-71.467,19.251],[-71.467,19.25],[-71.466,19.25],[-71.466,19.248],[-71.465,19.248],[-71.465,19.249],[-71.464,19.25],[-71.459,19.25],[-71.459,19.248],[-71.457,19.248],[-71.456,19.247],[-71.456,19.246],[-71.455,19.245],[-71.454,19.245],[-71.453,19.244],[-71.452,19.243],[-71.452,19.242],[-71.451,19.242],[-71.451,19.241],[-71.45,19.24],[-71.449,19.24],[-71.449,19.241],[-71.447,19.241],[-71.446,19.242],[-71.441,19.242],[-71.441,19.243],[-71.44,19.243],[-71.44,19.242],[-71.439,19.242],[-71.438,19.241],[-71.436,19.241],[-71.436,19.242],[-71.435,19.242],[-71.435,19.243],[-71.434,19.243],[-71.433,19.244],[-71.433,19.245],[-71.432,19.245],[-71.431,19.242],[-71.429,19.241],[-71.429,19.24],[-71.428,19.24],[-71.426,19.239],[-71.421,19.239],[-71.419,19.237],[-71.417,19.236],[-71.416,19.236],[-71.416,19.234],[-71.415,19.233],[-71.414,19.233],[-71.413,19.232],[-71.412,19.231],[-71.411,19.229],[-71.41,19.228],[-71.409,19.227],[-71.409,19.226],[-71.408,19.226],[-71.408,19.225],[-71.407,19.224],[-71.407,19.223],[-71.406,19.222],[-71.404,19.222],[-71.403,19.221],[-71.403,19.22],[-71.402,19.22],[-71.402,19.219],[-71.398,19.219],[-71.397,19.22],[-71.393,19.22],[-71.393,19.219],[-71.392,19.219],[-71.392,19.217],[-71.39,19.217],[-71.389,19.218],[-71.385,19.218],[-71.384,19.217],[-71.383,19.217],[-71.382,19.216],[-71.38,19.214],[-71.38,19.212],[-71.379,19.212],[-71.378,19.211],[-71.378,19.21],[-71.377,19.21],[-71.376,19.209],[-71.374,19.208],[-71.371,19.208],[-71.369,19.207],[-71.368,19.206],[-71.367,19.206],[-71.367,19.205],[-71.366,19.204],[-71.365,19.203],[-71.364,19.203],[-71.364,19.199],[-71.363,19.198],[-71.363,19.195],[-71.362,19.193],[-71.362,19.192],[-71.355,19.192],[-71.354,19.191],[-71.353,19.19],[-71.353,19.188],[-71.352,19.188],[-71.351,19.189],[-71.35,19.189],[-71.35,19.19],[-71.348,19.19],[-71.348,19.191],[-71.347,19.191],[-71.347,19.19],[-71.346,19.19],[-71.346,19.191],[-71.345,19.191],[-71.344,19.19],[-71.344,19.191],[-71.341,19.191],[-71.34,19.19],[-71.339,19.19],[-71.339,19.191],[-71.338,19.191],[-71.337,19.19],[-71.337,19.189],[-71.335,19.189],[-71.335,19.19],[-71.334,19.19],[-71.333,19.189],[-71.333,19.186],[-71.332,19.186],[-71.331,19.185],[-71.332,19.185],[-71.332,19.184],[-71.333,19.184],[-71.333,19.183],[-71.328,19.183],[-71.327,19.182],[-71.326,19.183],[-71.325,19.183],[-71.325,19.182],[-71.324,19.182],[-71.324,19.177],[-71.323,19.176],[-71.323,19.171],[-71.319,19.171],[-71.318,19.172],[-71.314,19.172],[-71.313,19.173],[-71.306,19.173],[-71.306,19.172],[-71.301,19.172],[-71.301,19.173],[-71.3,19.174],[-71.298,19.174],[-71.297,19.175],[-71.296,19.175],[-71.295,19.176],[-71.294,19.176],[-71.293,19.177],[-71.292,19.177],[-71.291,19.178],[-71.286,19.178],[-71.285,19.177],[-71.283,19.177],[-71.283,19.176],[-71.282,19.176],[-71.281,19.175],[-71.281,19.174],[-71.28,19.174],[-71.279,19.173],[-71.277,19.173],[-71.277,19.172],[-71.276,19.172],[-71.275,19.171],[-71.27,19.171],[-71.27,19.17],[-71.268,19.17],[-71.268,19.169],[-71.267,19.17],[-71.264,19.17],[-71.263,19.172],[-71.26,19.172],[-71.259,19.171],[-71.255,19.171],[-71.253,19.172],[-71.253,19.173],[-71.252,19.173],[-71.252,19.174],[-71.25,19.174],[-71.25,19.175],[-71.248,19.175],[-71.248,19.174],[-71.243,19.174],[-71.242,19.173],[-71.24,19.173],[-71.236,19.175],[-71.234,19.175],[-71.234,19.174],[-71.233,19.174],[-71.232,19.173],[-71.232,19.169],[-71.233,19.168],[-71.232,19.167],[-71.232,19.164],[-71.231,19.164],[-71.231,19.165],[-71.229,19.165],[-71.229,19.166],[-71.228,19.165],[-71.228,19.168],[-71.227,19.168],[-71.227,19.169],[-71.225,19.169],[-71.225,19.173],[-71.226,19.174],[-71.225,19.174],[-71.225,19.175],[-71.224,19.175],[-71.224,19.177],[-71.223,19.177],[-71.223,19.178],[-71.221,19.178],[-71.221,19.182],[-71.22,19.182],[-71.22,19.184],[-71.219,19.185],[-71.22,19.186],[-71.22,19.189],[-71.219,19.191],[-71.218,19.192],[-71.218,19.193],[-71.219,19.194],[-71.219,19.195],[-71.22,19.196],[-71.22,19.199],[-71.221,19.199],[-71.221,19.201],[-71.222,19.202],[-71.222,19.204],[-71.223,19.204],[-71.224,19.205],[-71.224,19.207],[-71.225,19.208],[-71.225,19.209],[-71.226,19.209],[-71.227,19.21],[-71.228,19.21],[-71.229,19.211],[-71.23,19.212],[-71.23,19.214],[-71.229,19.215],[-71.229,19.214],[-71.228,19.214],[-71.228,19.213],[-71.227,19.213],[-71.226,19.214],[-71.226,19.215],[-71.227,19.216],[-71.227,19.217],[-71.228,19.217],[-71.228,19.22],[-71.229,19.22],[-71.229,19.221],[-71.23,19.222],[-71.23,19.225],[-71.229,19.225],[-71.23,19.226],[-71.23,19.227],[-71.229,19.227],[-71.229,19.228],[-71.23,19.228],[-71.23,19.229],[-71.229,19.23],[-71.227,19.23],[-71.227,19.231],[-71.232,19.231],[-71.232,19.232],[-71.233,19.232],[-71.233,19.233],[-71.235,19.233],[-71.234,19.234],[-71.236,19.234],[-71.236,19.235],[-71.237,19.235],[-71.237,19.236],[-71.236,19.236],[-71.236,19.239],[-71.235,19.239],[-71.235,19.24],[-71.236,19.241],[-71.237,19.241],[-71.237,19.244],[-71.238,19.244],[-71.239,19.245],[-71.24,19.245],[-71.24,19.243],[-71.246,19.243],[-71.246,19.244],[-71.247,19.244],[-71.248,19.245],[-71.25,19.245],[-71.25,19.247],[-71.251,19.247],[-71.25,19.248],[-71.25,19.25],[-71.251,19.25],[-71.252,19.251],[-71.252,19.252],[-71.253,19.252],[-71.253,19.254],[-71.254,19.254],[-71.254,19.256],[-71.255,19.256],[-71.256,19.257],[-71.256,19.259],[-71.257,19.259],[-71.257,19.26],[-71.258,19.261],[-71.258,19.263],[-71.256,19.263],[-71.256,19.265],[-71.255,19.265],[-71.255,19.266],[-71.253,19.265],[-71.252,19.266],[-71.251,19.266],[-71.25,19.265],[-71.251,19.264],[-71.251,19.263],[-71.25,19.263],[-71.25,19.262],[-71.249,19.263],[-71.249,19.264],[-71.248,19.264],[-71.248,19.265],[-71.245,19.265],[-71.245,19.266],[-71.244,19.266],[-71.244,19.267],[-71.243,19.267],[-71.243,19.269],[-71.244,19.269],[-71.244,19.274],[-71.243,19.274],[-71.243,19.275],[-71.246,19.275],[-71.246,19.276],[-71.245,19.276],[-71.245,19.277],[-71.246,19.277],[-71.246,19.279],[-71.247,19.279],[-71.247,19.28],[-71.246,19.28],[-71.246,19.281],[-71.247,19.282],[-71.247,19.283],[-71.246,19.283],[-71.246,19.282],[-71.245,19.282],[-71.245,19.284],[-71.247,19.284],[-71.247,19.286],[-71.248,19.286],[-71.248,19.287],[-71.246,19.287],[-71.246,19.288],[-71.245,19.289],[-71.244,19.289],[-71.244,19.29],[-71.245,19.29],[-71.245,19.291],[-71.246,19.291],[-71.246,19.292],[-71.245,19.292],[-71.245,19.293],[-71.246,19.293],[-71.246,19.294],[-71.244,19.294],[-71.244,19.296],[-71.245,19.296],[-71.245,19.297],[-71.246,19.297],[-71.246,19.299],[-71.244,19.299],[-71.244,19.298],[-71.242,19.298],[-71.242,19.299],[-71.241,19.299],[-71.241,19.303],[-71.245,19.303],[-71.245,19.306],[-71.244,19.306],[-71.244,19.305],[-71.243,19.305],[-71.243,19.306],[-71.242,19.308],[-71.241,19.308],[-71.241,19.309],[-71.242,19.309],[-71.241,19.31],[-71.241,19.311],[-71.242,19.311],[-71.242,19.31],[-71.243,19.31],[-71.243,19.312],[-71.242,19.312],[-71.242,19.314],[-71.244,19.314],[-71.245,19.313],[-71.246,19.313],[-71.246,19.316],[-71.247,19.317],[-71.246,19.318],[-71.246,19.319],[-71.247,19.32],[-71.249,19.32],[-71.249,19.323],[-71.25,19.323],[-71.25,19.324],[-71.252,19.324],[-71.252,19.325],[-71.253,19.325],[-71.253,19.328],[-71.252,19.328],[-71.252,19.329],[-71.249,19.329],[-71.249,19.328],[-71.248,19.328],[-71.248,19.327],[-71.247,19.327],[-71.246,19.328],[-71.245,19.329],[-71.245,19.33],[-71.244,19.33],[-71.244,19.331],[-71.243,19.331],[-71.243,19.332],[-71.242,19.332],[-71.242,19.333],[-71.243,19.333],[-71.243,19.334],[-71.244,19.334],[-71.244,19.335],[-71.245,19.335],[-71.245,19.336],[-71.241,19.336],[-71.241,19.335],[-71.239,19.335],[-71.239,19.343],[-71.238,19.344],[-71.237,19.344],[-71.237,19.343],[-71.236,19.342],[-71.236,19.337],[-71.235,19.337],[-71.234,19.338],[-71.231,19.338],[-71.231,19.339],[-71.232,19.34],[-71.232,19.341],[-71.23,19.341],[-71.23,19.34],[-71.229,19.34],[-71.228,19.339],[-71.224,19.339],[-71.224,19.34],[-71.223,19.34],[-71.222,19.341],[-71.222,19.345],[-71.224,19.345],[-71.224,19.346],[-71.225,19.346],[-71.224,19.347],[-71.224,19.348],[-71.226,19.348],[-71.226,19.349],[-71.224,19.349],[-71.224,19.35],[-71.225,19.351],[-71.226,19.352],[-71.226,19.354],[-71.225,19.354],[-71.225,19.355],[-71.224,19.355],[-71.223,19.356],[-71.223,19.357],[-71.226,19.357],[-71.227,19.358],[-71.228,19.359],[-71.228,19.36],[-71.229,19.36],[-71.229,19.361],[-71.228,19.361],[-71.227,19.362],[-71.223,19.362],[-71.223,19.361],[-71.221,19.361],[-71.221,19.364],[-71.222,19.364],[-71.222,19.365],[-71.223,19.365],[-71.223,19.366],[-71.224,19.366],[-71.224,19.367],[-71.22,19.367],[-71.22,19.371],[-71.217,19.371],[-71.217,19.372],[-71.218,19.372],[-71.218,19.374],[-71.216,19.374],[-71.216,19.373],[-71.215,19.373],[-71.215,19.372],[-71.213,19.372],[-71.213,19.374],[-71.212,19.374],[-71.212,19.375],[-71.207,19.375],[-71.206,19.376],[-71.206,19.377],[-71.207,19.378],[-71.208,19.378],[-71.208,19.379],[-71.205,19.379],[-71.204,19.38],[-71.204,19.381],[-71.203,19.381],[-71.203,19.382],[-71.202,19.382],[-71.201,19.381],[-71.201,19.38],[-71.2,19.38],[-71.2,19.381],[-71.199,19.381],[-71.199,19.382],[-71.197,19.382],[-71.197,19.381],[-71.196,19.381],[-71.196,19.382],[-71.195,19.382],[-71.195,19.383],[-71.193,19.383],[-71.193,19.382],[-71.192,19.381],[-71.191,19.381],[-71.191,19.38],[-71.189,19.38],[-71.189,19.382],[-71.186,19.382],[-71.186,19.385],[-71.184,19.385],[-71.184,19.384],[-71.181,19.384],[-71.181,19.386],[-71.18,19.386],[-71.18,19.388],[-71.175,19.388],[-71.174,19.387],[-71.174,19.386],[-71.175,19.386],[-71.175,19.383],[-71.174,19.383],[-71.174,19.379],[-71.173,19.379],[-71.173,19.376],[-71.172,19.376],[-71.172,19.375],[-71.17,19.375],[-71.17,19.374],[-71.168,19.374],[-71.168,19.373],[-71.164,19.373],[-71.164,19.374],[-71.163,19.374],[-71.163,19.373],[-71.162,19.372],[-71.162,19.371],[-71.161,19.371],[-71.161,19.372],[-71.16,19.372],[-71.16,19.373],[-71.159,19.374],[-71.158,19.374],[-71.158,19.375],[-71.157,19.375],[-71.157,19.374],[-71.152,19.374],[-71.152,19.375],[-71.153,19.375],[-71.153,19.376],[-71.154,19.376],[-71.153,19.377],[-71.153,19.378],[-71.152,19.378],[-71.152,19.379],[-71.151,19.379],[-71.15,19.38],[-71.149,19.38],[-71.149,19.381],[-71.15,19.382],[-71.153,19.382],[-71.153,19.384],[-71.152,19.384],[-71.151,19.386],[-71.15,19.387],[-71.149,19.386],[-71.146,19.386],[-71.145,19.385],[-71.144,19.384],[-71.143,19.384],[-71.143,19.385],[-71.142,19.385],[-71.141,19.386],[-71.14,19.387],[-71.136,19.387],[-71.136,19.388],[-71.137,19.389],[-71.138,19.389],[-71.139,19.39],[-71.139,19.391],[-71.138,19.392],[-71.137,19.393],[-71.135,19.393],[-71.134,19.392],[-71.134,19.391],[-71.129,19.391],[-71.128,19.392],[-71.127,19.392],[-71.125,19.391],[-71.124,19.391],[-71.124,19.392],[-71.123,19.392],[-71.123,19.393],[-71.121,19.393],[-71.12,19.394],[-71.119,19.394],[-71.12,19.395],[-71.119,19.396],[-71.118,19.396],[-71.119,19.397],[-71.12,19.398],[-71.121,19.398],[-71.121,19.399],[-71.118,19.399],[-71.118,19.401],[-71.119,19.402],[-71.12,19.403],[-71.121,19.403],[-71.121,19.404],[-71.12,19.404],[-71.12,19.405],[-71.119,19.405],[-71.119,19.406],[-71.118,19.407],[-71.117,19.408],[-71.116,19.408],[-71.115,19.409],[-71.114,19.41],[-71.113,19.411],[-71.112,19.412],[-71.108,19.414],[-71.104,19.414],[-71.103,19.415],[-71.093,19.415],[-71.093,19.414],[-71.092,19.414],[-71.092,19.415],[-71.085,19.415],[-71.084,19.416],[-71.083,19.417],[-71.083,19.418],[-71.082,19.418],[-71.081,19.419],[-71.081,19.42],[-71.08,19.42],[-71.079,19.421],[-71.078,19.422],[-71.073,19.422],[-71.072,19.423],[-71.072,19.425],[-71.073,19.425],[-71.073,19.426],[-71.075,19.426],[-71.076,19.425],[-71.079,19.425],[-71.08,19.424],[-71.081,19.424],[-71.082,19.425],[-71.083,19.425],[-71.084,19.426],[-71.087,19.426],[-71.088,19.427],[-71.089,19.427],[-71.09,19.428],[-71.09,19.429],[-71.089,19.43],[-71.089,19.431],[-71.088,19.432],[-71.088,19.433],[-71.085,19.433],[-71.085,19.434],[-71.084,19.434],[-71.084,19.436],[-71.085,19.436],[-71.085,19.437],[-71.086,19.437],[-71.086,19.44],[-71.087,19.441],[-71.087,19.443],[-71.088,19.444],[-71.089,19.446],[-71.09,19.448],[-71.09,19.451],[-71.093,19.451],[-71.093,19.45],[-71.094,19.45],[-71.094,19.449],[-71.095,19.448],[-71.097,19.448],[-71.097,19.453],[-71.096,19.453],[-71.096,19.454],[-71.095,19.455],[-71.094,19.456],[-71.088,19.456],[-71.088,19.457],[-71.087,19.458],[-71.087,19.459],[-71.086,19.459],[-71.086,19.46],[-71.085,19.46],[-71.085,19.461],[-71.083,19.462],[-71.082,19.463],[-71.081,19.465],[-71.08,19.466],[-71.08,19.471],[-71.081,19.471],[-71.081,19.472],[-71.082,19.472],[-71.082,19.473],[-71.083,19.473],[-71.084,19.472],[-71.086,19.472],[-71.087,19.471],[-71.09,19.471],[-71.09,19.47],[-71.092,19.47],[-71.092,19.469],[-71.093,19.468],[-71.094,19.468],[-71.094,19.467],[-71.098,19.467],[-71.098,19.466],[-71.101,19.466],[-71.103,19.465],[-71.104,19.463],[-71.106,19.464],[-71.107,19.466],[-71.109,19.466],[-71.112,19.465],[-71.113,19.465],[-71.115,19.464],[-71.12,19.464],[-71.122,19.465],[-71.123,19.466],[-71.124,19.468],[-71.124,19.471],[-71.123,19.473],[-71.124,19.474],[-71.125,19.476],[-71.126,19.476],[-71.127,19.477],[-71.128,19.477],[-71.129,19.478],[-71.136,19.478],[-71.14,19.476],[-71.142,19.476],[-71.143,19.475],[-71.147,19.475],[-71.148,19.476],[-71.149,19.476],[-71.15,19.477],[-71.152,19.477],[-71.153,19.476],[-71.159,19.476],[-71.159,19.477],[-71.16,19.476],[-71.162,19.477],[-71.164,19.477],[-71.165,19.476],[-71.168,19.475],[-71.172,19.475],[-71.174,19.474],[-71.177,19.475],[-71.182,19.475],[-71.182,19.476],[-71.184,19.476],[-71.184,19.477],[-71.183,19.477],[-71.182,19.478],[-71.182,19.479],[-71.183,19.48],[-71.183,19.481],[-71.182,19.482],[-71.182,19.483],[-71.181,19.483],[-71.181,19.485],[-71.18,19.485],[-71.18,19.488],[-71.179,19.488],[-71.18,19.489],[-71.18,19.491],[-71.179,19.491],[-71.179,19.492],[-71.178,19.493],[-71.178,19.494],[-71.177,19.494],[-71.177,19.495],[-71.179,19.495],[-71.179,19.497],[-71.18,19.497],[-71.18,19.498],[-71.179,19.498],[-71.179,19.499],[-71.182,19.499],[-71.182,19.502],[-71.183,19.502],[-71.183,19.513],[-71.185,19.513],[-71.185,19.512],[-71.184,19.512],[-71.184,19.511],[-71.188,19.511],[-71.188,19.513],[-71.189,19.513],[-71.188,19.514],[-71.188,19.515],[-71.19,19.515],[-71.19,19.517],[-71.191,19.517],[-71.191,19.516],[-71.192,19.516],[-71.192,19.517],[-71.191,19.518],[-71.19,19.518],[-71.19,19.519],[-71.191,19.519],[-71.191,19.521],[-71.19,19.521],[-71.19,19.522],[-71.189,19.523],[-71.189,19.528],[-71.188,19.529],[-71.188,19.53],[-71.189,19.53],[-71.189,19.533],[-71.19,19.533],[-71.19,19.534],[-71.195,19.536],[-71.196,19.537],[-71.197,19.537],[-71.197,19.538],[-71.201,19.538],[-71.201,19.539],[-71.202,19.539],[-71.203,19.54],[-71.204,19.54],[-71.205,19.541],[-71.206,19.541],[-71.207,19.542],[-71.207,19.543],[-71.206,19.544],[-71.206,19.545],[-71.207,19.545],[-71.208,19.546],[-71.208,19.547],[-71.212,19.547],[-71.212,19.549],[-71.215,19.549],[-71.217,19.548],[-71.221,19.548],[-71.222,19.547],[-71.223,19.545],[-71.225,19.542],[-71.227,19.539],[-71.229,19.537],[-71.229,19.535],[-71.228,19.533],[-71.228,19.531],[-71.229,19.531],[-71.229,19.53],[-71.23,19.53],[-71.231,19.529],[-71.232,19.529],[-71.233,19.528],[-71.234,19.527],[-71.241,19.527],[-71.242,19.528],[-71.243,19.529],[-71.244,19.529],[-71.245,19.531],[-71.245,19.532],[-71.246,19.533],[-71.246,19.534],[-71.248,19.536],[-71.253,19.536],[-71.255,19.535],[-71.256,19.534],[-71.258,19.534],[-71.258,19.535],[-71.261,19.535],[-71.261,19.536],[-71.262,19.536],[-71.262,19.535],[-71.263,19.535],[-71.263,19.536],[-71.265,19.536],[-71.265,19.535],[-71.266,19.536],[-71.266,19.537],[-71.267,19.537],[-71.268,19.538],[-71.269,19.538],[-71.269,19.539],[-71.27,19.54],[-71.272,19.54],[-71.272,19.541],[-71.273,19.541],[-71.274,19.542],[-71.275,19.542],[-71.276,19.543],[-71.278,19.543],[-71.278,19.545],[-71.282,19.546],[-71.284,19.546],[-71.284,19.548],[-71.285,19.548],[-71.286,19.549],[-71.287,19.549],[-71.288,19.55],[-71.289,19.55],[-71.289,19.551],[-71.294,19.551],[-71.294,19.552],[-71.297,19.552],[-71.297,19.554],[-71.296,19.554],[-71.296,19.555],[-71.295,19.554],[-71.293,19.554],[-71.293,19.556],[-71.294,19.556],[-71.294,19.558],[-71.293,19.558],[-71.293,19.559],[-71.292,19.559],[-71.292,19.561],[-71.293,19.561],[-71.294,19.562],[-71.296,19.562],[-71.296,19.561],[-71.297,19.56],[-71.298,19.56],[-71.299,19.559],[-71.301,19.559],[-71.302,19.561],[-71.304,19.561],[-71.306,19.56],[-71.307,19.56],[-71.307,19.559],[-71.309,19.559],[-71.309,19.558],[-71.31,19.558],[-71.311,19.557],[-71.313,19.556],[-71.316,19.556],[-71.316,19.555],[-71.317,19.555],[-71.317,19.553],[-71.319,19.551],[-71.32,19.551],[-71.32,19.55],[-71.321,19.549],[-71.327,19.549],[-71.329,19.55],[-71.333,19.55],[-71.334,19.549],[-71.334,19.548],[-71.341,19.548],[-71.342,19.549],[-71.345,19.549],[-71.345,19.55],[-71.347,19.55],[-71.348,19.551],[-71.348,19.552],[-71.349,19.552],[-71.349,19.553],[-71.35,19.553],[-71.351,19.554],[-71.352,19.554],[-71.354,19.555],[-71.356,19.555],[-71.366,19.556],[-71.368,19.556],[-71.369,19.557],[-71.373,19.557],[-71.373,19.556],[-71.374,19.556],[-71.374,19.555],[-71.377,19.555],[-71.377,19.554],[-71.379,19.554],[-71.379,19.553],[-71.387,19.553],[-71.387,19.554],[-71.389,19.554],[-71.39,19.555],[-71.394,19.555],[-71.395,19.554],[-71.401,19.554],[-71.401,19.553],[-71.403,19.554],[-71.405,19.554],[-71.405,19.555],[-71.406,19.555],[-71.406,19.556],[-71.407,19.556],[-71.407,19.559],[-71.408,19.56],[-71.408,19.561],[-71.41,19.561],[-71.411,19.562],[-71.412,19.561],[-71.414,19.561],[-71.415,19.562],[-71.416,19.562],[-71.416,19.561],[-71.417,19.56],[-71.417,19.554],[-71.416,19.554],[-71.416,19.552],[-71.415,19.552],[-71.415,19.551],[-71.412,19.551],[-71.412,19.55],[-71.413,19.55],[-71.413,19.549],[-71.415,19.549],[-71.415,19.547],[-71.414,19.547],[-71.414,19.544],[-71.415,19.544],[-71.415,19.541],[-71.42,19.541],[-71.42,19.542],[-71.421,19.542],[-71.421,19.544],[-71.422,19.544],[-71.422,19.54],[-71.421,19.54],[-71.421,19.538],[-71.42,19.538],[-71.42,19.537],[-71.421,19.537],[-71.421,19.534],[-71.425,19.534],[-71.425,19.535],[-71.426,19.535],[-71.426,19.531],[-71.429,19.531],[-71.428,19.53],[-71.428,19.528],[-71.427,19.528],[-71.427,19.526],[-71.428,19.526],[-71.428,19.525],[-71.427,19.525],[-71.427,19.524],[-71.428,19.524],[-71.428,19.523],[-71.431,19.523],[-71.432,19.522],[-71.432,19.516],[-71.433,19.515],[-71.433,19.514],[-71.434,19.514],[-71.434,19.515],[-71.435,19.514],[-71.435,19.512],[-71.436,19.512],[-71.436,19.511],[-71.44,19.511],[-71.44,19.51],[-71.442,19.51],[-71.442,19.511],[-71.443,19.511],[-71.443,19.51],[-71.444,19.51],[-71.445,19.509],[-71.449,19.509],[-71.45,19.508],[-71.451,19.508],[-71.451,19.507],[-71.452,19.506],[-71.456,19.506],[-71.456,19.504],[-71.457,19.504],[-71.458,19.503],[-71.459,19.503],[-71.46,19.502],[-71.46,19.501],[-71.461,19.501],[-71.461,19.498],[-71.462,19.498],[-71.462,19.497],[-71.464,19.497],[-71.465,19.495],[-71.465,19.494],[-71.466,19.494],[-71.466,19.488],[-71.464,19.488],[-71.464,19.487],[-71.462,19.487],[-71.462,19.486],[-71.461,19.486],[-71.461,19.484],[-71.462,19.484],[-71.462,19.48],[-71.463,19.48],[-71.463,19.479],[-71.464,19.479],[-71.464,19.478],[-71.465,19.478],[-71.465,19.472],[-71.464,19.472],[-71.464,19.47],[-71.463,19.47],[-71.463,19.464],[-71.464,19.463],[-71.465,19.463],[-71.465,19.462],[-71.466,19.462],[-71.466,19.461],[-71.467,19.461],[-71.467,19.458],[-71.466,19.458],[-71.466,19.457],[-71.467,19.456],[-71.467,19.451],[-71.468,19.451],[-71.468,19.448],[-71.466,19.448],[-71.466,19.447],[-71.465,19.447],[-71.465,19.446],[-71.466,19.446],[-71.466,19.444],[-71.467,19.444],[-71.467,19.443],[-71.468,19.443],[-71.468,19.441],[-71.467,19.441],[-71.467,19.44],[-71.466,19.44],[-71.466,19.438],[-71.465,19.438],[-71.465,19.439],[-71.464,19.439],[-71.464,19.438],[-71.462,19.438],[-71.46,19.436],[-71.461,19.435],[-71.461,19.434],[-71.46,19.433],[-71.459,19.432],[-71.459,19.43],[-71.462,19.43],[-71.462,19.427],[-71.463,19.427],[-71.463,19.426],[-71.464,19.426],[-71.464,19.425],[-71.468,19.425],[-71.468,19.424],[-71.467,19.424],[-71.467,19.423],[-71.468,19.423],[-71.468,19.421],[-71.467,19.421],[-71.467,19.42],[-71.464,19.42],[-71.463,19.419],[-71.462,19.419],[-71.462,19.418],[-71.461,19.418],[-71.461,19.416],[-71.462,19.416],[-71.462,19.415],[-71.465,19.415],[-71.465,19.414],[-71.466,19.414],[-71.466,19.413],[-71.467,19.412],[-71.467,19.411],[-71.469,19.411],[-71.469,19.412],[-71.47,19.412],[-71.47,19.411],[-71.471,19.41],[-71.47,19.41],[-71.47,19.409],[-71.469,19.409],[-71.469,19.408],[-71.471,19.408],[-71.471,19.409],[-71.473,19.409],[-71.473,19.408],[-71.474,19.408],[-71.474,19.407],[-71.473,19.407],[-71.473,19.406],[-71.472,19.406],[-71.472,19.405],[-71.474,19.405],[-71.474,19.404],[-71.473,19.404],[-71.473,19.4],[-71.472,19.399],[-71.47,19.399],[-71.47,19.393],[-71.469,19.393],[-71.469,19.392],[-71.471,19.392],[-71.471,19.391],[-71.469,19.391],[-71.469,19.39],[-71.47,19.39],[-71.47,19.387],[-71.471,19.387],[-71.471,19.385],[-71.47,19.385],[-71.47,19.384],[-71.469,19.384],[-71.469,19.386],[-71.468,19.386],[-71.467,19.385],[-71.467,19.382],[-71.468,19.382],[-71.469,19.381],[-71.47,19.38],[-71.471,19.38],[-71.472,19.379],[-71.471,19.378],[-71.471,19.373],[-71.473,19.373],[-71.473,19.374],[-71.474,19.374],[-71.474,19.372],[-71.476,19.372],[-71.476,19.373],[-71.477,19.373],[-71.477,19.374],[-71.478,19.374],[-71.479,19.373],[-71.482,19.373],[-71.482,19.372],[-71.483,19.372],[-71.483,19.371],[-71.482,19.371],[-71.482,19.37],[-71.484,19.37],[-71.484,19.369],[-71.486,19.369],[-71.486,19.368],[-71.485,19.368],[-71.485,19.367],[-71.484,19.367],[-71.484,19.366],[-71.483,19.366],[-71.484,19.365],[-71.484,19.364],[-71.485,19.364],[-71.485,19.361],[-71.484,19.361],[-71.484,19.358],[-71.483,19.357],[-71.48,19.357],[-71.48,19.355],[-71.479,19.355],[-71.479,19.354],[-71.478,19.354],[-71.478,19.353],[-71.479,19.352],[-71.479,19.35],[-71.48,19.35],[-71.481,19.349],[-71.482,19.349],[-71.482,19.348],[-71.481,19.348],[-71.481,19.347],[-71.482,19.346],[-71.483,19.346],[-71.483,19.342],[-71.484,19.343],[-71.486,19.343],[-71.486,19.34],[-71.487,19.339],[-71.486,19.339],[-71.486,19.337],[-71.489,19.337],[-71.488,19.336],[-71.488,19.335],[-71.491,19.335],[-71.491,19.334],[-71.493,19.334],[-71.493,19.335],[-71.494,19.335],[-71.494,19.334],[-71.495,19.334],[-71.495,19.333],[-71.498,19.333],[-71.498,19.332],[-71.5,19.332],[-71.5,19.331],[-71.502,19.331],[-71.502,19.332],[-71.505,19.332],[-71.505,19.331],[-71.509,19.331],[-71.509,19.33],[-71.51,19.33],[-71.51,19.329],[-71.513,19.328],[-71.516,19.327],[-71.518,19.324],[-71.518,19.323],[-71.519,19.322],[-71.52,19.321],[-71.52,19.319]],[[-71.48,19.254],[-71.48,19.255],[-71.479,19.255],[-71.479,19.254],[-71.48,19.254]]],[[[-71.244,19.293],[-71.243,19.294],[-71.244,19.294],[-71.244,19.293]]],[[[-71.241,19.309],[-71.24,19.309],[-71.24,19.31],[-71.241,19.31],[-71.241,19.309]]]]}},{"type":"Feature","properties":{"shapeName":"Monte Cristi","provinceKey":"montecristi","shapeType":"ADM1"},"geometry":{"type":"MultiPolygon","coordinates":[[[[-71.865,19.869],[-71.863,19.869],[-71.863,19.871],[-71.864,19.871],[-71.864,19.87],[-71.865,19.87],[-71.865,19.869]]],[[[-71.822,19.877],[-71.82,19.875],[-71.818,19.873],[-71.816,19.872],[-71.816,19.873],[-71.815,19.873],[-71.815,19.876],[-71.816,19.877],[-71.817,19.879],[-71.819,19.88],[-71.82,19.88],[-71.822,19.879],[-71.822,19.877]]],[[[-71.819,19.852],[-71.818,19.852],[-71.818,19.855],[-71.819,19.854],[-71.819,19.852]]],[[[-71.816,19.895],[-71.815,19.893],[-71.813,19.892],[-71.812,19.89],[-71.81,19.89],[-71.808,19.892],[-71.808,19.896],[-71.809,19.897],[-71.81,19.898],[-71.812,19.899],[-71.814,19.898],[-71.816,19.898],[-71.816,19.895]]],[[[-71.815,19.861],[-71.814,19.861],[-71.814,19.86],[-71.812,19.86],[-71.812,19.861],[-71.81,19.861],[-71.81,19.863],[-71.811,19.863],[-71.811,19.864],[-71.813,19.864],[-71.813,19.863],[-71.815,19.863],[-71.815,19.861]]],[[[-71.8,19.827],[-71.799,19.827],[-71.799,19.826],[-71.797,19.826],[-71.796,19.825],[-71.792,19.825],[-71.791,19.826],[-71.792,19.826],[-71.792,19.827],[-71.793,19.827],[-71.794,19.828],[-71.793,19.828],[-71.793,19.83],[-71.796,19.83],[-71.796,19.831],[-71.797,19.831],[-71.797,19.83],[-71.798,19.83],[-71.798,19.829],[-71.8,19.829],[-71.8,19.827]]],[[[-71.788,19.882],[-71.787,19.881],[-71.786,19.881],[-71.784,19.882],[-71.783,19.884],[-71.784,19.886],[-71.785,19.887],[-71.786,19.887],[-71.788,19.886],[-71.788,19.882]]],[[[-71.78,19.761],[-71.777,19.76],[-71.776,19.759],[-71.775,19.759],[-71.775,19.758],[-71.774,19.758],[-71.773,19.759],[-71.773,19.76],[-71.772,19.76],[-71.772,19.763],[-71.774,19.763],[-71.774,19.764],[-71.775,19.764],[-71.775,19.769],[-71.773,19.769],[-71.773,19.77],[-71.769,19.77],[-71.768,19.771],[-71.768,19.772],[-71.766,19.772],[-71.766,19.773],[-71.764,19.773],[-71.765,19.774],[-71.764,19.775],[-71.764,19.777],[-71.765,19.777],[-71.766,19.778],[-71.766,19.779],[-71.767,19.779],[-71.767,19.781],[-71.764,19.781],[-71.764,19.78],[-71.762,19.78],[-71.761,19.779],[-71.759,19.779],[-71.759,19.78],[-71.76,19.781],[-71.76,19.782],[-71.759,19.782],[-71.759,19.783],[-71.758,19.783],[-71.758,19.784],[-71.757,19.785],[-71.757,19.787],[-71.755,19.787],[-71.755,19.788],[-71.754,19.788],[-71.754,19.792],[-71.753,19.792],[-71.753,19.795],[-71.75,19.795],[-71.75,19.794],[-71.749,19.794],[-71.748,19.795],[-71.748,19.796],[-71.746,19.796],[-71.746,19.794],[-71.747,19.794],[-71.747,19.793],[-71.748,19.793],[-71.748,19.792],[-71.749,19.792],[-71.75,19.791],[-71.75,19.79],[-71.749,19.79],[-71.748,19.789],[-71.748,19.787],[-71.747,19.786],[-71.749,19.786],[-71.749,19.785],[-71.75,19.785],[-71.75,19.783],[-71.749,19.783],[-71.749,19.777],[-71.748,19.777],[-71.748,19.772],[-71.747,19.772],[-71.747,19.771],[-71.748,19.771],[-71.748,19.77],[-71.749,19.77],[-71.749,19.769],[-71.75,19.769],[-71.75,19.768],[-71.751,19.768],[-71.751,19.766],[-71.75,19.766],[-71.75,19.765],[-71.749,19.765],[-71.749,19.762],[-71.748,19.761],[-71.748,19.766],[-71.747,19.766],[-71.746,19.767],[-71.744,19.767],[-71.744,19.766],[-71.743,19.766],[-71.743,19.764],[-71.744,19.764],[-71.744,19.763],[-71.743,19.763],[-71.743,19.762],[-71.742,19.762],[-71.742,19.76],[-71.743,19.759],[-71.743,19.757],[-71.742,19.757],[-71.741,19.758],[-71.739,19.758],[-71.739,19.757],[-71.738,19.757],[-71.738,19.755],[-71.74,19.755],[-71.74,19.756],[-71.744,19.756],[-71.745,19.757],[-71.745,19.758],[-71.746,19.758],[-71.746,19.756],[-71.745,19.755],[-71.745,19.754],[-71.743,19.752],[-71.743,19.75],[-71.742,19.75],[-71.742,19.749],[-71.741,19.748],[-71.741,19.747],[-71.74,19.746],[-71.739,19.745],[-71.739,19.744],[-71.738,19.744],[-71.738,19.742],[-71.737,19.742],[-71.737,19.738],[-71.735,19.738],[-71.735,19.739],[-71.736,19.739],[-71.736,19.74],[-71.735,19.74],[-71.735,19.741],[-71.733,19.741],[-71.733,19.743],[-71.731,19.743],[-71.731,19.742],[-71.732,19.742],[-71.732,19.741],[-71.731,19.741],[-71.731,19.739],[-71.73,19.738],[-71.73,19.736],[-71.731,19.736],[-71.731,19.737],[-71.733,19.737],[-71.733,19.736],[-71.732,19.735],[-71.732,19.734],[-71.731,19.734],[-71.731,19.732],[-71.73,19.732],[-71.73,19.731],[-71.728,19.731],[-71.727,19.73],[-71.726,19.729],[-71.726,19.728],[-71.727,19.727],[-71.726,19.726],[-71.726,19.724],[-71.725,19.724],[-71.725,19.723],[-71.726,19.723],[-71.726,19.721],[-71.727,19.72],[-71.727,19.718],[-71.728,19.717],[-71.728,19.715],[-71.729,19.714],[-71.729,19.713],[-71.73,19.713],[-71.73,19.709],[-71.731,19.709],[-71.731,19.707],[-71.732,19.707],[-71.732,19.705],[-71.733,19.705],[-71.733,19.704],[-71.729,19.704],[-71.729,19.703],[-71.728,19.703],[-71.728,19.704],[-71.727,19.704],[-71.727,19.705],[-71.726,19.705],[-71.726,19.706],[-71.725,19.706],[-71.725,19.707],[-71.723,19.707],[-71.722,19.706],[-71.721,19.706],[-71.721,19.705],[-71.719,19.705],[-71.719,19.703],[-71.718,19.703],[-71.718,19.702],[-71.72,19.702],[-71.72,19.7],[-71.718,19.7],[-71.718,19.699],[-71.723,19.699],[-71.723,19.697],[-71.724,19.697],[-71.724,19.696],[-71.723,19.696],[-71.723,19.695],[-71.72,19.695],[-71.72,19.696],[-71.718,19.696],[-71.717,19.695],[-71.713,19.695],[-71.713,19.696],[-71.71039999999999,19.696],[-71.711,19.693],[-71.713,19.693],[-71.713,19.692],[-71.718,19.692],[-71.718,19.693],[-71.719,19.693],[-71.719,19.694],[-71.72,19.694],[-71.72,19.693],[-71.722,19.693],[-71.722,19.694],[-71.724,19.694],[-71.724,19.695],[-71.726,19.695],[-71.726,19.696],[-71.727,19.696],[-71.727,19.697],[-71.728,19.697],[-71.728,19.698],[-71.73,19.698],[-71.73,19.699],[-71.732,19.699],[-71.732,19.7],[-71.735,19.7],[-71.735,19.703],[-71.734,19.703],[-71.734,19.706],[-71.733,19.706],[-71.733,19.708],[-71.734,19.707],[-71.74,19.707],[-71.74,19.706],[-71.741,19.707],[-71.744,19.707],[-71.745,19.706],[-71.748,19.706],[-71.749,19.705],[-71.752,19.705],[-71.752,19.704],[-71.754,19.704],[-71.755,19.703],[-71.756,19.703],[-71.756,19.702],[-71.758,19.702],[-71.758,19.7],[-71.759,19.699],[-71.76,19.699],[-71.76,19.696],[-71.761,19.696],[-71.762,19.695],[-71.762,19.693],[-71.761,19.693],[-71.761,19.694],[-71.76,19.695],[-71.759,19.695],[-71.759,19.693],[-71.758,19.693],[-71.758,19.692],[-71.756,19.692],[-71.756,19.69],[-71.758,19.69],[-71.758,19.689],[-71.759,19.689],[-71.76,19.688],[-71.756,19.688],[-71.756,19.687],[-71.758,19.687],[-71.758,19.686],[-71.754,19.686],[-71.754,19.685],[-71.756,19.685],[-71.756,19.684],[-71.755,19.684],[-71.755,19.683],[-71.756,19.683],[-71.756,19.682],[-71.755,19.682],[-71.754,19.681],[-71.754,19.68],[-71.755,19.68],[-71.755,19.679],[-71.757,19.679],[-71.757,19.677],[-71.756,19.677],[-71.756,19.676],[-71.753,19.676],[-71.753,19.675],[-71.752,19.674],[-71.751,19.673],[-71.751,19.672],[-71.75,19.672],[-71.749,19.671],[-71.748,19.671],[-71.748,19.67],[-71.747,19.67],[-71.746,19.669],[-71.746,19.667],[-71.745,19.667],[-71.745,19.666],[-71.744,19.666],[-71.744,19.665],[-71.74,19.665],[-71.74,19.666],[-71.739,19.666],[-71.739,19.665],[-71.738,19.665],[-71.738,19.662],[-71.735,19.662],[-71.735,19.659],[-71.734,19.658],[-71.733,19.651],[-71.733,19.65],[-71.732,19.647],[-71.732,19.646],[-71.733,19.646],[-71.733,19.645],[-71.735,19.643],[-71.737,19.642],[-71.738,19.641],[-71.739,19.64],[-71.74,19.639],[-71.743,19.637],[-71.745,19.635],[-71.745,19.634],[-71.746,19.634],[-71.746,19.632],[-71.745,19.632],[-71.745,19.633],[-71.744,19.633],[-71.744,19.631],[-71.743,19.63],[-71.742,19.629],[-71.74,19.627],[-71.739,19.627],[-71.739,19.628],[-71.738,19.628],[-71.738,19.63],[-71.737,19.63],[-71.737,19.631],[-71.736,19.631],[-71.736,19.632],[-71.733,19.632],[-71.733,19.633],[-71.732,19.633],[-71.732,19.634],[-71.73,19.634],[-71.73,19.633],[-71.729,19.633],[-71.729,19.632],[-71.727,19.632],[-71.727,19.63],[-71.726,19.63],[-71.726,19.629],[-71.725,19.629],[-71.725,19.631],[-71.724,19.631],[-71.724,19.634],[-71.725,19.635],[-71.724,19.635],[-71.723,19.636],[-71.705,19.636],[-71.704,19.635],[-71.703,19.635],[-71.703,19.633],[-71.701,19.633],[-71.7,19.632],[-71.697,19.632],[-71.696,19.633],[-71.695,19.633],[-71.695,19.632],[-71.693,19.632],[-71.692,19.631],[-71.692,19.628],[-71.69,19.628],[-71.689,19.627],[-71.689,19.626],[-71.688,19.625],[-71.687,19.624],[-71.687,19.623],[-71.686,19.623],[-71.685,19.622],[-71.684,19.622],[-71.683,19.62],[-71.682,19.617],[-71.682,19.616],[-71.681,19.616],[-71.68,19.615],[-71.678,19.612],[-71.677,19.612],[-71.674,19.611],[-71.674,19.609],[-71.671,19.609],[-71.668,19.608],[-71.662,19.61],[-71.66,19.61],[-71.643,19.607],[-71.641,19.608],[-71.64,19.61],[-71.64,19.613],[-71.637,19.614],[-71.635,19.615],[-71.633,19.616],[-71.631,19.616],[-71.631,19.618],[-71.63,19.618],[-71.63,19.617],[-71.629,19.617],[-71.628,19.618],[-71.619,19.618],[-71.618,19.619],[-71.617,19.619],[-71.617,19.62],[-71.616,19.62],[-71.615,19.619],[-71.611,19.619],[-71.607,19.62],[-71.604,19.621],[-71.602,19.622],[-71.602,19.621],[-71.6,19.621],[-71.599,19.622],[-71.599,19.617],[-71.597,19.617],[-71.597,19.616],[-71.596,19.616],[-71.596,19.615],[-71.594,19.615],[-71.594,19.616],[-71.593,19.616],[-71.593,19.617],[-71.592,19.618],[-71.592,19.62],[-71.591,19.621],[-71.59,19.622],[-71.589,19.622],[-71.589,19.623],[-71.588,19.623],[-71.587,19.622],[-71.583,19.622],[-71.582,19.621],[-71.582,19.619],[-71.581,19.617],[-71.579,19.613],[-71.578,19.613],[-71.578,19.612],[-71.575,19.612],[-71.571,19.613],[-71.568,19.613],[-71.568,19.612],[-71.567,19.612],[-71.567,19.611],[-71.566,19.611],[-71.565,19.61],[-71.564,19.61],[-71.564,19.609],[-71.563,19.609],[-71.563,19.608],[-71.561,19.608],[-71.561,19.609],[-71.558,19.609],[-71.557,19.61],[-71.555,19.61],[-71.555,19.611],[-71.554,19.611],[-71.553,19.612],[-71.553,19.613],[-71.552,19.613],[-71.552,19.615],[-71.553,19.615],[-71.553,19.616],[-71.552,19.616],[-71.552,19.617],[-71.55,19.617],[-71.549,19.618],[-71.547,19.618],[-71.546,19.619],[-71.546,19.621],[-71.545,19.621],[-71.544,19.622],[-71.543,19.621],[-71.54,19.621],[-71.536,19.62],[-71.535,19.621],[-71.534,19.622],[-71.534,19.623],[-71.533,19.623],[-71.533,19.624],[-71.532,19.624],[-71.531,19.625],[-71.53,19.626],[-71.53,19.627],[-71.529,19.628],[-71.528,19.628],[-71.527,19.627],[-71.526,19.627],[-71.526,19.628],[-71.525,19.629],[-71.524,19.628],[-71.524,19.627],[-71.525,19.627],[-71.525,19.625],[-71.521,19.625],[-71.521,19.619],[-71.517,19.619],[-71.517,19.618],[-71.516,19.618],[-71.516,19.617],[-71.515,19.616],[-71.515,19.617],[-71.514,19.617],[-71.514,19.618],[-71.513,19.617],[-71.512,19.618],[-71.512,19.617],[-71.51,19.617],[-71.51,19.614],[-71.511,19.614],[-71.511,19.613],[-71.51,19.613],[-71.51,19.612],[-71.508,19.612],[-71.508,19.613],[-71.507,19.613],[-71.507,19.612],[-71.505,19.612],[-71.506,19.611],[-71.506,19.609],[-71.507,19.609],[-71.508,19.608],[-71.508,19.606],[-71.51,19.606],[-71.51,19.603],[-71.511,19.603],[-71.511,19.601],[-71.509,19.601],[-71.509,19.6],[-71.51,19.6],[-71.51,19.599],[-71.509,19.599],[-71.509,19.598],[-71.513,19.598],[-71.513,19.597],[-71.511,19.597],[-71.511,19.596],[-71.513,19.596],[-71.513,19.592],[-71.511,19.592],[-71.511,19.591],[-71.514,19.591],[-71.514,19.589],[-71.513,19.588],[-71.511,19.585],[-71.51,19.584],[-71.507,19.58],[-71.505,19.577],[-71.505,19.575],[-71.504,19.574],[-71.504,19.573],[-71.499,19.571],[-71.497,19.57],[-71.49,19.568],[-71.486,19.566],[-71.485,19.565],[-71.483,19.563],[-71.481,19.564],[-71.474,19.567],[-71.472,19.566],[-71.469,19.564],[-71.466,19.564],[-71.464,19.563],[-71.462,19.562],[-71.46,19.561],[-71.459,19.561],[-71.458,19.56],[-71.457,19.56],[-71.457,19.558],[-71.456,19.557],[-71.456,19.556],[-71.455,19.554],[-71.455,19.553],[-71.454,19.552],[-71.454,19.551],[-71.453,19.55],[-71.452,19.549],[-71.451,19.549],[-71.449,19.548],[-71.445,19.548],[-71.444,19.549],[-71.441,19.549],[-71.44,19.548],[-71.438,19.548],[-71.438,19.547],[-71.437,19.546],[-71.436,19.545],[-71.434,19.543],[-71.433,19.541],[-71.433,19.54],[-71.432,19.539],[-71.431,19.538],[-71.43,19.537],[-71.429,19.537],[-71.429,19.536],[-71.427,19.536],[-71.427,19.535],[-71.425,19.535],[-71.425,19.534],[-71.421,19.534],[-71.421,19.537],[-71.42,19.537],[-71.42,19.538],[-71.421,19.538],[-71.421,19.54],[-71.422,19.54],[-71.422,19.544],[-71.421,19.544],[-71.421,19.542],[-71.42,19.542],[-71.42,19.541],[-71.415,19.541],[-71.415,19.544],[-71.414,19.544],[-71.414,19.547],[-71.415,19.547],[-71.415,19.549],[-71.413,19.549],[-71.413,19.55],[-71.412,19.55],[-71.412,19.551],[-71.415,19.551],[-71.415,19.552],[-71.416,19.552],[-71.416,19.554],[-71.417,19.554],[-71.417,19.56],[-71.416,19.561],[-71.416,19.562],[-71.415,19.562],[-71.414,19.561],[-71.412,19.561],[-71.411,19.562],[-71.41,19.561],[-71.408,19.561],[-71.408,19.56],[-71.407,19.559],[-71.407,19.556],[-71.406,19.556],[-71.406,19.555],[-71.405,19.555],[-71.405,19.554],[-71.403,19.554],[-71.401,19.553],[-71.401,19.554],[-71.395,19.554],[-71.394,19.555],[-71.39,19.555],[-71.389,19.554],[-71.387,19.554],[-71.387,19.553],[-71.379,19.553],[-71.379,19.554],[-71.377,19.554],[-71.377,19.555],[-71.374,19.555],[-71.374,19.556],[-71.373,19.556],[-71.373,19.557],[-71.369,19.557],[-71.368,19.556],[-71.366,19.556],[-71.356,19.555],[-71.354,19.555],[-71.352,19.554],[-71.351,19.554],[-71.35,19.553],[-71.349,19.553],[-71.349,19.552],[-71.348,19.552],[-71.348,19.551],[-71.347,19.55],[-71.345,19.55],[-71.345,19.549],[-71.342,19.549],[-71.341,19.548],[-71.334,19.548],[-71.334,19.549],[-71.333,19.55],[-71.329,19.55],[-71.327,19.549],[-71.321,19.549],[-71.32,19.55],[-71.32,19.551],[-71.319,19.551],[-71.317,19.553],[-71.317,19.555],[-71.316,19.555],[-71.316,19.556],[-71.313,19.556],[-71.311,19.557],[-71.31,19.558],[-71.309,19.558],[-71.309,19.559],[-71.307,19.559],[-71.307,19.56],[-71.306,19.56],[-71.304,19.561],[-71.302,19.561],[-71.301,19.559],[-71.299,19.559],[-71.298,19.56],[-71.297,19.56],[-71.296,19.561],[-71.296,19.562],[-71.294,19.562],[-71.293,19.561],[-71.292,19.561],[-71.292,19.559],[-71.293,19.559],[-71.293,19.558],[-71.294,19.558],[-71.294,19.556],[-71.293,19.556],[-71.293,19.554],[-71.295,19.554],[-71.296,19.555],[-71.296,19.554],[-71.297,19.554],[-71.297,19.552],[-71.294,19.552],[-71.294,19.551],[-71.289,19.551],[-71.289,19.55],[-71.288,19.55],[-71.287,19.549],[-71.286,19.549],[-71.285,19.548],[-71.284,19.548],[-71.284,19.546],[-71.282,19.546],[-71.278,19.545],[-71.278,19.543],[-71.276,19.543],[-71.275,19.542],[-71.274,19.542],[-71.273,19.541],[-71.272,19.541],[-71.272,19.54],[-71.27,19.54],[-71.269,19.539],[-71.269,19.538],[-71.268,19.538],[-71.267,19.537],[-71.266,19.537],[-71.266,19.536],[-71.265,19.535],[-71.265,19.536],[-71.263,19.536],[-71.263,19.535],[-71.262,19.535],[-71.262,19.536],[-71.261,19.536],[-71.261,19.535],[-71.258,19.535],[-71.258,19.534],[-71.256,19.534],[-71.255,19.535],[-71.253,19.536],[-71.248,19.536],[-71.246,19.534],[-71.246,19.533],[-71.245,19.532],[-71.245,19.531],[-71.244,19.529],[-71.243,19.529],[-71.242,19.528],[-71.241,19.527],[-71.234,19.527],[-71.233,19.528],[-71.232,19.529],[-71.231,19.529],[-71.23,19.53],[-71.229,19.53],[-71.229,19.531],[-71.228,19.531],[-71.228,19.533],[-71.229,19.535],[-71.229,19.537],[-71.227,19.539],[-71.225,19.542],[-71.223,19.545],[-71.222,19.547],[-71.221,19.548],[-71.217,19.548],[-71.215,19.549],[-71.212,19.549],[-71.212,19.547],[-71.208,19.547],[-71.208,19.546],[-71.207,19.545],[-71.206,19.545],[-71.206,19.544],[-71.207,19.543],[-71.207,19.542],[-71.206,19.541],[-71.205,19.541],[-71.204,19.54],[-71.203,19.54],[-71.202,19.539],[-71.201,19.539],[-71.201,19.538],[-71.197,19.538],[-71.197,19.537],[-71.196,19.537],[-71.195,19.536],[-71.19,19.534],[-71.189,19.535],[-71.186,19.535],[-71.186,19.536],[-71.187,19.536],[-71.187,19.537],[-71.189,19.537],[-71.189,19.538],[-71.19,19.538],[-71.19,19.539],[-71.189,19.539],[-71.189,19.54],[-71.188,19.54],[-71.188,19.541],[-71.186,19.541],[-71.186,19.542],[-71.187,19.543],[-71.187,19.542],[-71.19,19.542],[-71.19,19.543],[-71.189,19.543],[-71.189,19.544],[-71.185,19.544],[-71.185,19.545],[-71.184,19.545],[-71.184,19.546],[-71.185,19.546],[-71.185,19.547],[-71.184,19.547],[-71.184,19.548],[-71.183,19.549],[-71.183,19.553],[-71.181,19.553],[-71.181,19.554],[-71.18,19.554],[-71.18,19.556],[-71.178,19.556],[-71.178,19.554],[-71.177,19.554],[-71.177,19.555],[-71.175,19.555],[-71.175,19.556],[-71.176,19.556],[-71.176,19.557],[-71.177,19.557],[-71.178,19.558],[-71.178,19.559],[-71.177,19.559],[-71.177,19.563],[-71.176,19.563],[-71.176,19.561],[-71.175,19.561],[-71.175,19.564],[-71.176,19.565],[-71.176,19.567],[-71.177,19.567],[-71.177,19.57],[-71.176,19.57],[-71.176,19.569],[-71.175,19.569],[-71.175,19.57],[-71.173,19.57],[-71.173,19.571],[-71.172,19.571],[-71.172,19.574],[-71.174,19.574],[-71.174,19.575],[-71.172,19.575],[-71.172,19.576],[-71.173,19.577],[-71.171,19.577],[-71.171,19.578],[-71.172,19.578],[-71.172,19.585],[-71.173,19.585],[-71.173,19.586],[-71.172,19.586],[-71.172,19.587],[-71.173,19.587],[-71.173,19.588],[-71.172,19.588],[-71.172,19.589],[-71.173,19.589],[-71.173,19.591],[-71.175,19.591],[-71.175,19.592],[-71.176,19.592],[-71.176,19.593],[-71.177,19.593],[-71.177,19.594],[-71.18,19.594],[-71.18,19.595],[-71.179,19.596],[-71.18,19.596],[-71.18,19.597],[-71.181,19.598],[-71.181,19.6],[-71.182,19.6],[-71.181,19.601],[-71.181,19.602],[-71.182,19.603],[-71.181,19.603],[-71.182,19.604],[-71.182,19.61],[-71.184,19.61],[-71.184,19.614],[-71.185,19.614],[-71.185,19.615],[-71.186,19.615],[-71.187,19.616],[-71.188,19.616],[-71.188,19.617],[-71.189,19.617],[-71.189,19.619],[-71.188,19.619],[-71.188,19.621],[-71.186,19.621],[-71.185,19.622],[-71.185,19.625],[-71.184,19.626],[-71.184,19.628],[-71.185,19.629],[-71.185,19.631],[-71.183,19.631],[-71.183,19.632],[-71.181,19.632],[-71.18,19.631],[-71.179,19.631],[-71.178,19.63],[-71.178,19.628],[-71.177,19.628],[-71.177,19.627],[-71.176,19.628],[-71.176,19.629],[-71.174,19.629],[-71.174,19.63],[-71.173,19.629],[-71.172,19.629],[-71.172,19.627],[-71.17,19.627],[-71.169,19.628],[-71.166,19.628],[-71.165,19.629],[-71.165,19.633],[-71.164,19.633],[-71.163,19.634],[-71.161,19.64],[-71.16,19.645],[-71.16,19.646],[-71.159,19.647],[-71.159,19.648],[-71.16,19.649],[-71.16,19.65],[-71.161,19.651],[-71.161,19.652],[-71.162,19.653],[-71.162,19.655],[-71.161,19.658],[-71.163,19.658],[-71.163,19.662],[-71.164,19.662],[-71.164,19.667],[-71.165,19.667],[-71.165,19.668],[-71.164,19.668],[-71.164,19.669],[-71.165,19.67],[-71.165,19.672],[-71.164,19.672],[-71.164,19.673],[-71.165,19.673],[-71.165,19.674],[-71.167,19.674],[-71.167,19.676],[-71.166,19.677],[-71.167,19.677],[-71.166,19.678],[-71.166,19.679],[-71.167,19.679],[-71.167,19.682],[-71.166,19.682],[-71.166,19.683],[-71.167,19.683],[-71.167,19.687],[-71.166,19.687],[-71.166,19.688],[-71.165,19.688],[-71.165,19.689],[-71.163,19.689],[-71.163,19.69],[-71.162,19.69],[-71.162,19.693],[-71.161,19.693],[-71.161,19.694],[-71.16,19.694],[-71.16,19.696],[-71.161,19.696],[-71.161,19.698],[-71.16,19.699],[-71.16,19.703],[-71.161,19.703],[-71.161,19.705],[-71.162,19.705],[-71.163,19.706],[-71.164,19.706],[-71.164,19.707],[-71.166,19.707],[-71.165,19.708],[-71.165,19.709],[-71.164,19.71],[-71.164,19.711],[-71.163,19.711],[-71.164,19.712],[-71.164,19.713],[-71.163,19.713],[-71.163,19.714],[-71.162,19.714],[-71.162,19.718],[-71.161,19.718],[-71.161,19.719],[-71.162,19.719],[-71.162,19.72],[-71.161,19.721],[-71.161,19.722],[-71.16,19.722],[-71.16,19.723],[-71.159,19.724],[-71.159,19.726],[-71.158,19.727],[-71.158,19.728],[-71.157,19.728],[-71.157,19.732],[-71.156,19.732],[-71.156,19.734],[-71.155,19.734],[-71.155,19.736],[-71.154,19.736],[-71.154,19.739],[-71.153,19.74],[-71.153,19.745],[-71.152,19.745],[-71.152,19.746],[-71.151,19.746],[-71.151,19.748],[-71.15,19.749],[-71.15,19.75],[-71.149,19.75],[-71.149,19.751],[-71.148,19.752],[-71.148,19.753],[-71.147,19.753],[-71.147,19.756],[-71.146,19.756],[-71.145,19.758],[-71.144,19.759],[-71.144,19.76],[-71.147,19.76],[-71.147,19.761],[-71.151,19.761],[-71.152,19.762],[-71.153,19.762],[-71.154,19.763],[-71.156,19.763],[-71.156,19.764],[-71.161,19.764],[-71.161,19.765],[-71.163,19.765],[-71.163,19.766],[-71.164,19.766],[-71.164,19.767],[-71.173,19.767],[-71.174,19.768],[-71.179,19.768],[-71.179,19.77],[-71.181,19.77],[-71.181,19.771],[-71.186,19.771],[-71.186,19.77],[-71.191,19.77],[-71.192,19.771],[-71.195,19.771],[-71.195,19.772],[-71.196,19.772],[-71.196,19.773],[-71.198,19.773],[-71.199,19.774],[-71.199,19.775],[-71.2,19.775],[-71.201,19.776],[-71.201,19.777],[-71.203,19.777],[-71.204,19.776],[-71.205,19.776],[-71.205,19.777],[-71.208,19.777],[-71.208,19.778],[-71.209,19.778],[-71.209,19.779],[-71.21,19.78],[-71.211,19.78],[-71.212,19.781],[-71.213,19.781],[-71.213,19.782],[-71.214,19.782],[-71.215,19.783],[-71.216,19.783],[-71.216,19.784],[-71.221,19.784],[-71.221,19.785],[-71.225,19.785],[-71.225,19.786],[-71.228,19.786],[-71.229,19.787],[-71.23,19.788],[-71.231,19.788],[-71.231,19.789],[-71.233,19.789],[-71.233,19.79],[-71.234,19.79],[-71.234,19.791],[-71.236,19.791],[-71.236,19.792],[-71.237,19.792],[-71.238,19.793],[-71.239,19.794],[-71.24,19.795],[-71.24,19.796],[-71.241,19.796],[-71.241,19.797],[-71.242,19.798],[-71.243,19.799],[-71.243,19.801],[-71.242,19.801],[-71.242,19.803],[-71.241,19.803],[-71.241,19.804],[-71.238,19.804],[-71.238,19.805],[-71.237,19.805],[-71.237,19.806],[-71.235,19.806],[-71.235,19.808],[-71.234,19.808],[-71.234,19.809],[-71.233,19.811],[-71.235,19.812],[-71.236,19.812],[-71.235,19.813],[-71.237,19.813],[-71.237,19.814],[-71.246,19.814],[-71.246,19.815],[-71.247,19.815],[-71.247,19.816],[-71.248,19.816],[-71.248,19.817],[-71.249,19.817],[-71.249,19.818],[-71.25,19.818],[-71.25,19.819],[-71.251,19.819],[-71.251,19.82],[-71.253,19.82],[-71.253,19.821],[-71.254,19.821],[-71.254,19.823],[-71.255,19.823],[-71.256,19.824],[-71.256,19.828],[-71.257,19.828],[-71.257,19.831],[-71.259,19.831],[-71.259,19.83],[-71.26,19.83],[-71.26,19.833],[-71.261,19.833],[-71.261,19.832],[-71.263,19.832],[-71.263,19.831],[-71.265,19.831],[-71.265,19.832],[-71.266,19.832],[-71.266,19.831],[-71.268,19.831],[-71.268,19.832],[-71.269,19.832],[-71.269,19.833],[-71.274,19.833],[-71.274,19.835],[-71.276,19.835],[-71.276,19.836],[-71.277,19.836],[-71.277,19.835],[-71.278,19.835],[-71.278,19.834],[-71.281,19.834],[-71.281,19.835],[-71.283,19.835],[-71.282,19.836],[-71.282,19.838],[-71.285,19.838],[-71.285,19.839],[-71.287,19.839],[-71.287,19.84],[-71.29,19.84],[-71.29,19.842],[-71.292,19.842],[-71.292,19.843],[-71.289,19.843],[-71.29,19.844],[-71.29,19.845],[-71.291,19.845],[-71.291,19.846],[-71.294,19.846],[-71.294,19.845],[-71.298,19.845],[-71.298,19.847],[-71.299,19.847],[-71.299,19.848],[-71.3,19.848],[-71.3,19.849],[-71.309,19.849],[-71.309,19.848],[-71.31,19.848],[-71.31,19.849],[-71.313,19.849],[-71.312,19.848],[-71.312,19.847],[-71.315,19.847],[-71.315,19.848],[-71.317,19.848],[-71.317,19.847],[-71.32,19.847],[-71.32,19.848],[-71.323,19.848],[-71.323,19.849],[-71.324,19.849],[-71.324,19.848],[-71.325,19.847],[-71.329,19.847],[-71.329,19.848],[-71.33,19.848],[-71.33,19.849],[-71.331,19.849],[-71.331,19.848],[-71.336,19.848],[-71.336,19.849],[-71.34,19.849],[-71.34,19.85],[-71.341,19.849],[-71.341,19.85],[-71.344,19.85],[-71.344,19.849],[-71.346,19.849],[-71.347,19.85],[-71.348,19.85],[-71.349,19.851],[-71.35,19.851],[-71.35,19.852],[-71.351,19.851],[-71.351,19.852],[-71.353,19.852],[-71.354,19.853],[-71.355,19.852],[-71.355,19.853],[-71.358,19.853],[-71.358,19.854],[-71.361,19.854],[-71.362,19.855],[-71.364,19.855],[-71.364,19.856],[-71.365,19.856],[-71.365,19.855],[-71.367,19.855],[-71.367,19.856],[-71.374,19.856],[-71.374,19.857],[-71.379,19.857],[-71.379,19.858],[-71.38,19.858],[-71.38,19.859],[-71.381,19.859],[-71.381,19.86],[-71.382,19.86],[-71.382,19.861],[-71.383,19.861],[-71.383,19.862],[-71.385,19.862],[-71.385,19.863],[-71.386,19.862],[-71.386,19.863],[-71.389,19.863],[-71.389,19.864],[-71.397,19.864],[-71.397,19.866],[-71.399,19.866],[-71.399,19.867],[-71.401,19.867],[-71.401,19.866],[-71.403,19.866],[-71.403,19.867],[-71.404,19.867],[-71.404,19.87],[-71.406,19.87],[-71.406,19.871],[-71.409,19.871],[-71.41,19.872],[-71.411,19.872],[-71.412,19.873],[-71.414,19.873],[-71.415,19.874],[-71.415,19.875],[-71.416,19.875],[-71.416,19.876],[-71.419,19.876],[-71.419,19.875],[-71.42,19.875],[-71.421,19.876],[-71.422,19.876],[-71.422,19.877],[-71.424,19.877],[-71.425,19.878],[-71.426,19.879],[-71.428,19.88],[-71.429,19.88],[-71.429,19.881],[-71.432,19.881],[-71.433,19.882],[-71.438,19.882],[-71.438,19.883],[-71.439,19.883],[-71.44,19.884],[-71.44,19.885],[-71.441,19.885],[-71.441,19.886],[-71.442,19.887],[-71.444,19.887],[-71.444,19.888],[-71.445,19.888],[-71.445,19.889],[-71.447,19.889],[-71.447,19.89],[-71.449,19.89],[-71.449,19.891],[-71.45,19.891],[-71.45,19.893],[-71.451,19.893],[-71.451,19.894],[-71.455,19.894],[-71.455,19.895],[-71.458,19.895],[-71.458,19.896],[-71.46,19.896],[-71.46,19.897],[-71.463,19.897],[-71.463,19.898],[-71.465,19.898],[-71.465,19.899],[-71.466,19.899],[-71.466,19.9],[-71.468,19.9],[-71.468,19.901],[-71.471,19.901],[-71.471,19.902],[-71.476,19.902],[-71.476,19.903],[-71.479,19.903],[-71.479,19.904],[-71.48,19.904],[-71.48,19.905],[-71.482,19.905],[-71.482,19.906],[-71.484,19.906],[-71.484,19.907],[-71.486,19.907],[-71.486,19.908],[-71.489,19.908],[-71.489,19.909],[-71.49,19.909],[-71.49,19.908],[-71.493,19.908],[-71.493,19.907],[-71.495,19.907],[-71.495,19.906],[-71.497,19.906],[-71.497,19.905],[-71.504,19.905],[-71.505,19.906],[-71.51,19.906],[-71.51,19.907],[-71.512,19.907],[-71.512,19.906],[-71.515,19.906],[-71.516,19.907],[-71.518,19.907],[-71.519,19.908],[-71.526,19.908],[-71.526,19.909],[-71.531,19.909],[-71.532,19.91],[-71.535,19.91],[-71.535,19.911],[-71.536,19.911],[-71.537,19.912],[-71.542,19.912],[-71.542,19.911],[-71.545,19.911],[-71.545,19.91],[-71.548,19.91],[-71.549,19.909],[-71.553,19.909],[-71.554,19.908],[-71.555,19.908],[-71.555,19.907],[-71.557,19.907],[-71.557,19.908],[-71.559,19.908],[-71.559,19.907],[-71.566,19.907],[-71.567,19.908],[-71.568,19.908],[-71.569,19.909],[-71.58,19.909],[-71.58,19.91],[-71.583,19.91],[-71.583,19.909],[-71.587,19.909],[-71.587,19.908],[-71.589,19.908],[-71.589,19.907],[-71.59,19.907],[-71.59,19.906],[-71.591,19.907],[-71.592,19.907],[-71.592,19.906],[-71.594,19.906],[-71.594,19.905],[-71.595,19.905],[-71.595,19.904],[-71.598,19.904],[-71.599,19.903],[-71.6,19.903],[-71.6,19.902],[-71.601,19.902],[-71.601,19.901],[-71.602,19.902],[-71.603,19.902],[-71.606,19.903],[-71.606,19.902],[-71.609,19.902],[-71.609,19.903],[-71.61,19.903],[-71.611,19.902],[-71.613,19.902],[-71.613,19.901],[-71.616,19.901],[-71.616,19.9],[-71.617,19.9],[-71.617,19.899],[-71.618,19.899],[-71.618,19.898],[-71.619,19.898],[-71.619,19.896],[-71.618,19.896],[-71.618,19.888],[-71.619,19.887],[-71.62,19.887],[-71.62,19.886],[-71.621,19.886],[-71.621,19.885],[-71.622,19.885],[-71.622,19.884],[-71.623,19.884],[-71.623,19.883],[-71.624,19.883],[-71.624,19.882],[-71.63,19.882],[-71.63,19.881],[-71.632,19.881],[-71.632,19.882],[-71.634,19.882],[-71.635,19.883],[-71.637,19.883],[-71.637,19.884],[-71.638,19.884],[-71.638,19.885],[-71.639,19.885],[-71.639,19.889],[-71.64,19.889],[-71.64,19.893],[-71.641,19.894],[-71.642,19.894],[-71.642,19.895],[-71.643,19.895],[-71.643,19.896],[-71.644,19.896],[-71.644,19.897],[-71.648,19.897],[-71.648,19.898],[-71.652,19.898],[-71.652,19.899],[-71.653,19.898],[-71.653,19.899],[-71.654,19.899],[-71.654,19.896],[-71.655,19.896],[-71.655,19.895],[-71.657,19.895],[-71.657,19.894],[-71.66,19.894],[-71.66,19.895],[-71.661,19.895],[-71.661,19.891],[-71.66,19.891],[-71.66,19.89],[-71.659,19.89],[-71.659,19.889],[-71.658,19.889],[-71.658,19.888],[-71.657,19.887],[-71.657,19.886],[-71.656,19.885],[-71.656,19.884],[-71.655,19.884],[-71.655,19.874],[-71.654,19.874],[-71.654,19.867],[-71.655,19.867],[-71.655,19.865],[-71.656,19.864],[-71.656,19.863],[-71.657,19.862],[-71.658,19.86],[-71.659,19.86],[-71.659,19.858],[-71.66,19.857],[-71.661,19.856],[-71.662,19.855],[-71.663,19.855],[-71.664,19.854],[-71.665,19.853],[-71.665,19.852],[-71.666,19.851],[-71.667,19.85],[-71.668,19.849],[-71.669,19.848],[-71.67,19.847],[-71.671,19.846],[-71.673,19.845],[-71.674,19.844],[-71.676,19.843],[-71.677,19.842],[-71.679,19.842],[-71.681,19.841],[-71.684,19.841],[-71.685,19.84],[-71.688,19.84],[-71.689,19.839],[-71.69,19.839],[-71.69,19.834],[-71.691,19.834],[-71.691,19.83],[-71.692,19.829],[-71.693,19.828],[-71.694,19.828],[-71.695,19.827],[-71.697,19.826],[-71.699,19.826],[-71.705,19.823],[-71.706,19.822],[-71.708,19.822],[-71.709,19.821],[-71.71,19.821],[-71.711,19.82],[-71.713,19.82],[-71.715,19.819],[-71.717,19.819],[-71.719,19.818],[-71.721,19.818],[-71.727,19.816],[-71.731,19.816],[-71.734,19.815],[-71.745,19.815],[-71.745,19.814],[-71.746,19.814],[-71.746,19.812],[-71.747,19.811],[-71.747,19.806],[-71.748,19.805],[-71.749,19.805],[-71.749,19.804],[-71.75,19.804],[-71.751,19.803],[-71.752,19.803],[-71.752,19.802],[-71.754,19.802],[-71.754,19.801],[-71.755,19.8],[-71.756,19.8],[-71.756,19.799],[-71.757,19.799],[-71.758,19.798],[-71.758,19.797],[-71.76,19.796],[-71.764,19.792],[-71.765,19.792],[-71.766,19.791],[-71.77,19.788],[-71.771,19.787],[-71.775,19.783],[-71.776,19.782],[-71.777,19.78],[-71.778,19.779],[-71.778,19.778],[-71.779,19.778],[-71.779,19.777],[-71.778,19.776],[-71.777,19.775],[-71.777,19.774],[-71.776,19.774],[-71.776,19.771],[-71.777,19.77],[-71.778,19.768],[-71.778,19.767],[-71.779,19.765],[-71.779,19.764],[-71.78,19.763],[-71.78,19.761]],[[-71.725,19.724],[-71.725,19.725],[-71.724,19.725],[-71.725,19.724]],[[-71.756,19.692],[-71.756,19.693],[-71.755,19.693],[-71.755,19.692],[-71.756,19.692]],[[-71.294,19.845],[-71.293,19.845],[-71.293,19.844],[-71.294,19.844],[-71.294,19.845]],[[-71.599,19.901],[-71.598,19.901],[-71.598,19.9],[-71.599,19.9],[-71.599,19.901]],[[-71.6,19.902],[-71.599,19.902],[-71.599,19.901],[-71.6,19.901],[-71.6,19.902]],[[-71.484,19.904],[-71.484,19.905],[-71.48349999999999,19.905],[-71.484,19.904]],[[-71.308,19.847],[-71.308,19.848],[-71.307,19.848],[-71.307,19.847],[-71.308,19.847]],[[-71.303,19.847],[-71.303,19.848],[-71.302,19.848],[-71.302,19.847],[-71.303,19.847]]],[[[-71.769,19.864],[-71.768,19.862],[-71.767,19.861],[-71.765,19.861],[-71.765,19.864],[-71.767,19.865],[-71.768,19.866],[-71.769,19.866],[-71.769,19.864]]],[[[-71.755,19.787],[-71.754,19.786],[-71.751,19.786],[-71.751,19.787],[-71.753,19.787],[-71.753,19.788],[-71.754,19.788],[-71.754,19.787],[-71.755,19.787]]],[[[-71.753,19.768],[-71.751,19.768],[-71.752,19.769],[-71.753,19.769],[-71.753,19.768]]],[[[-71.751,19.786],[-71.75,19.786],[-71.75,19.787],[-71.751,19.786]]],[[[-71.748,19.76],[-71.747,19.76],[-71.747,19.761],[-71.748,19.761],[-71.748,19.76]]],[[[-71.739,19.626],[-71.738,19.626],[-71.738,19.627],[-71.739,19.627],[-71.739,19.626]]],[[[-71.67,19.886],[-71.667,19.886],[-71.667,19.888],[-71.666,19.888],[-71.666,19.89],[-71.669,19.89],[-71.669,19.889],[-71.67,19.888],[-71.67,19.886]]],[[[-71.514,19.597],[-71.513,19.596],[-71.513,19.597],[-71.514,19.597]]],[[[-71.318,19.849],[-71.315,19.849],[-71.315,19.85],[-71.318,19.85],[-71.318,19.849]]],[[[-71.30599,19.87029],[-71.30588,19.87021],[-71.30579,19.87013],[-71.30577,19.87006],[-71.30569,19.86996],[-71.3056,19.86987],[-71.3055,19.86986],[-71.30544,19.86995],[-71.30537,19.87005],[-71.3054,19.8702],[-71.3055,19.87029],[-71.30558,19.87041],[-71.30575,19.8704],[-71.30592,19.87043],[-71.30598,19.87039],[-71.30599,19.87029]]],[[[-71.173,19.569],[-71.172,19.569],[-71.172,19.57],[-71.173,19.57],[-71.173,19.569]]]]}},{"type":"Feature","properties":{"shapeName":"Santiago","provinceKey":"santiago","shapeType":"ADM1"},"geometry":{"type":"MultiPolygon","coordinates":[[[[-71.258,19.261],[-71.257,19.26],[-71.257,19.259],[-71.256,19.259],[-71.256,19.257],[-71.255,19.256],[-71.254,19.256],[-71.254,19.254],[-71.253,19.254],[-71.253,19.252],[-71.252,19.252],[-71.252,19.251],[-71.251,19.25],[-71.25,19.25],[-71.25,19.248],[-71.251,19.247],[-71.25,19.247],[-71.25,19.245],[-71.248,19.245],[-71.247,19.244],[-71.246,19.244],[-71.246,19.243],[-71.24,19.243],[-71.24,19.245],[-71.239,19.245],[-71.238,19.244],[-71.237,19.244],[-71.237,19.241],[-71.236,19.241],[-71.235,19.24],[-71.235,19.239],[-71.236,19.239],[-71.236,19.236],[-71.237,19.236],[-71.237,19.235],[-71.236,19.235],[-71.236,19.234],[-71.234,19.234],[-71.235,19.233],[-71.233,19.233],[-71.233,19.232],[-71.232,19.232],[-71.232,19.231],[-71.227,19.231],[-71.227,19.23],[-71.229,19.23],[-71.23,19.229],[-71.23,19.228],[-71.229,19.228],[-71.229,19.227],[-71.23,19.227],[-71.23,19.226],[-71.229,19.225],[-71.23,19.225],[-71.23,19.222],[-71.229,19.221],[-71.229,19.22],[-71.228,19.22],[-71.228,19.217],[-71.227,19.217],[-71.227,19.216],[-71.226,19.215],[-71.226,19.214],[-71.227,19.213],[-71.228,19.213],[-71.228,19.214],[-71.229,19.214],[-71.229,19.215],[-71.23,19.214],[-71.23,19.212],[-71.229,19.211],[-71.228,19.21],[-71.227,19.21],[-71.226,19.209],[-71.225,19.209],[-71.225,19.208],[-71.224,19.207],[-71.224,19.205],[-71.223,19.204],[-71.222,19.204],[-71.222,19.202],[-71.221,19.201],[-71.221,19.199],[-71.22,19.199],[-71.22,19.196],[-71.219,19.195],[-71.219,19.194],[-71.218,19.193],[-71.218,19.192],[-71.219,19.191],[-71.22,19.189],[-71.22,19.186],[-71.219,19.185],[-71.22,19.184],[-71.22,19.182],[-71.221,19.182],[-71.221,19.178],[-71.223,19.178],[-71.223,19.177],[-71.224,19.177],[-71.224,19.175],[-71.225,19.175],[-71.225,19.174],[-71.226,19.174],[-71.225,19.173],[-71.225,19.169],[-71.227,19.169],[-71.227,19.168],[-71.228,19.168],[-71.228,19.165],[-71.229,19.166],[-71.229,19.165],[-71.231,19.165],[-71.231,19.164],[-71.229,19.163],[-71.225,19.163],[-71.224,19.162],[-71.223,19.163],[-71.221,19.163],[-71.22,19.162],[-71.217,19.162],[-71.216,19.161],[-71.213,19.161],[-71.213,19.16],[-71.211,19.16],[-71.211,19.159],[-71.21,19.159],[-71.21,19.158],[-71.209,19.157],[-71.204,19.157],[-71.203,19.156],[-71.201,19.155],[-71.199,19.155],[-71.196,19.157],[-71.193,19.157],[-71.192,19.156],[-71.191,19.155],[-71.19,19.155],[-71.189,19.154],[-71.188,19.153],[-71.185,19.153],[-71.184,19.152],[-71.179,19.152],[-71.178,19.151],[-71.177,19.15],[-71.177,19.149],[-71.176,19.149],[-71.176,19.148],[-71.175,19.147],[-71.167,19.147],[-71.166,19.146],[-71.165,19.146],[-71.164,19.145],[-71.163,19.145],[-71.162,19.144],[-71.159,19.144],[-71.159,19.143],[-71.157,19.143],[-71.156,19.142],[-71.155,19.141],[-71.154,19.14],[-71.154,19.139],[-71.153,19.138],[-71.153,19.134],[-71.152,19.133],[-71.151,19.133],[-71.151,19.132],[-71.15,19.132],[-71.149,19.131],[-71.149,19.127],[-71.148,19.126],[-71.146,19.126],[-71.145,19.125],[-71.143,19.125],[-71.142,19.124],[-71.14,19.124],[-71.139,19.123],[-71.138,19.123],[-71.136,19.121],[-71.136,19.12],[-71.133,19.12],[-71.132,19.119],[-71.131,19.119],[-71.131,19.118],[-71.13,19.117],[-71.13,19.114],[-71.131,19.113],[-71.131,19.108],[-71.13,19.107],[-71.13,19.106],[-71.129,19.105],[-71.129,19.104],[-71.128,19.103],[-71.127,19.102],[-71.127,19.101],[-71.128,19.1],[-71.128,19.095],[-71.129,19.094],[-71.129,19.09],[-71.13,19.09],[-71.13,19.089],[-71.131,19.088],[-71.132,19.086],[-71.132,19.083],[-71.131,19.083],[-71.131,19.08],[-71.13,19.08],[-71.13,19.079],[-71.128,19.079],[-71.127,19.078],[-71.126,19.078],[-71.126,19.077],[-71.125,19.076],[-71.122,19.076],[-71.122,19.075],[-71.121,19.075],[-71.121,19.074],[-71.12,19.073],[-71.12,19.071],[-71.118,19.071],[-71.117,19.07],[-71.116,19.07],[-71.115,19.069],[-71.115,19.068],[-71.114,19.068],[-71.113,19.067],[-71.112,19.067],[-71.112,19.066],[-71.11,19.066],[-71.109,19.065],[-71.108,19.064],[-71.107,19.064],[-71.107,19.063],[-71.103,19.063],[-71.103,19.062],[-71.102,19.062],[-71.102,19.061],[-71.101,19.061],[-71.101,19.06],[-71.099,19.059],[-71.098,19.058],[-71.097,19.058],[-71.096,19.059],[-71.095,19.06],[-71.093,19.061],[-71.092,19.062],[-71.086,19.062],[-71.086,19.06],[-71.084,19.06],[-71.084,19.059],[-71.082,19.059],[-71.081,19.058],[-71.079,19.058],[-71.079,19.057],[-71.077,19.057],[-71.076,19.056],[-71.076,19.055],[-71.074,19.055],[-71.073,19.056],[-71.072,19.056],[-71.071,19.057],[-71.069,19.057],[-71.069,19.056],[-71.068,19.056],[-71.067,19.055],[-71.066,19.055],[-71.066,19.054],[-71.065,19.054],[-71.064,19.053],[-71.064,19.052],[-71.063,19.052],[-71.062,19.051],[-71.061,19.051],[-71.061,19.05],[-71.058,19.05],[-71.057,19.049],[-71.056,19.049],[-71.055,19.048],[-71.055,19.047],[-71.054,19.047],[-71.054,19.046],[-71.053,19.046],[-71.053,19.045],[-71.052,19.045],[-71.052,19.044],[-71.051,19.043],[-71.051,19.042],[-71.05,19.041],[-71.05,19.04],[-71.049,19.039],[-71.049,19.036],[-71.048,19.036],[-71.048,19.033],[-71.049,19.032],[-71.049,19.029],[-71.047,19.027],[-71.046,19.024],[-71.042,19.024],[-71.04,19.025],[-71.038,19.025],[-71.037,19.026],[-71.036,19.026],[-71.036,19.025],[-71.035,19.025],[-71.034,19.024],[-71.033,19.023],[-71.033,19.022],[-71.03,19.022],[-71.029,19.023],[-71.028,19.024],[-71.027,19.025],[-71.027,19.026],[-71.026,19.027],[-71.025,19.028],[-71.021,19.028],[-71.02,19.029],[-71.017,19.03],[-71.015,19.029],[-71.014,19.03],[-71.013,19.03],[-71.012,19.031],[-71.011,19.031],[-71.01,19.032],[-71,19.032],[-71,19.031],[-70.999,19.031],[-70.999,19.025],[-70.998,19.024],[-70.998,19.023],[-70.997,19.023],[-70.997,19.025],[-70.996,19.026],[-70.996,19.027],[-70.995,19.028],[-70.995,19.029],[-70.994,19.029],[-70.993,19.03],[-70.992,19.03],[-70.992,19.031],[-70.99,19.033],[-70.989,19.033],[-70.989,19.034],[-70.988,19.034],[-70.988,19.035],[-70.987,19.035],[-70.986,19.036],[-70.985,19.036],[-70.984,19.037],[-70.983,19.037],[-70.981,19.039],[-70.979,19.039],[-70.978,19.04],[-70.973,19.04],[-70.972,19.041],[-70.971,19.041],[-70.97,19.042],[-70.968,19.043],[-70.966,19.045],[-70.964,19.046],[-70.963,19.046],[-70.962,19.047],[-70.96,19.047],[-70.959,19.046],[-70.958,19.046],[-70.958,19.051],[-70.956,19.056],[-70.955,19.057],[-70.955,19.059],[-70.954,19.061],[-70.954,19.064],[-70.953,19.065],[-70.952,19.066],[-70.951,19.067],[-70.951,19.071],[-70.95,19.074],[-70.952,19.075],[-70.954,19.077],[-70.955,19.079],[-70.955,19.081],[-70.956,19.082],[-70.956,19.088],[-70.955,19.09],[-70.954,19.09],[-70.953,19.092],[-70.951,19.094],[-70.949,19.095],[-70.947,19.095],[-70.947,19.096],[-70.939,19.096],[-70.936,19.097],[-70.931,19.097],[-70.93,19.096],[-70.923,19.096],[-70.922,19.095],[-70.921,19.094],[-70.917,19.094],[-70.915,19.095],[-70.906,19.095],[-70.904,19.094],[-70.903,19.093],[-70.899,19.093],[-70.897,19.094],[-70.894,19.094],[-70.892,19.092],[-70.891,19.092],[-70.891,19.091],[-70.888,19.091],[-70.888,19.092],[-70.886,19.092],[-70.885,19.093],[-70.884,19.094],[-70.883,19.094],[-70.883,19.093],[-70.882,19.093],[-70.882,19.094],[-70.881,19.094],[-70.881,19.096],[-70.88,19.096],[-70.88,19.099],[-70.879,19.099],[-70.878,19.1],[-70.875,19.1],[-70.874,19.099],[-70.872,19.099],[-70.871,19.098],[-70.861,19.098],[-70.86,19.099],[-70.851,19.099],[-70.85,19.098],[-70.848,19.098],[-70.848,19.097],[-70.847,19.097],[-70.847,19.099],[-70.846,19.1],[-70.846,19.102],[-70.844,19.104],[-70.843,19.105],[-70.841,19.106],[-70.84,19.107],[-70.839,19.107],[-70.839,19.108],[-70.838,19.109],[-70.837,19.11],[-70.837,19.111],[-70.836,19.111],[-70.836,19.112],[-70.835,19.113],[-70.834,19.113],[-70.833,19.114],[-70.834,19.114],[-70.834,19.115],[-70.831,19.115],[-70.829,19.116],[-70.828,19.116],[-70.827,19.118],[-70.826,19.119],[-70.824,19.119],[-70.823,19.12],[-70.823,19.121],[-70.822,19.122],[-70.821,19.123],[-70.819,19.123],[-70.819,19.124],[-70.817,19.124],[-70.817,19.125],[-70.816,19.125],[-70.816,19.126],[-70.815,19.126],[-70.815,19.127],[-70.814,19.127],[-70.814,19.128],[-70.813,19.128],[-70.813,19.129],[-70.812,19.129],[-70.812,19.132],[-70.813,19.132],[-70.813,19.133],[-70.812,19.133],[-70.812,19.134],[-70.813,19.134],[-70.813,19.135],[-70.812,19.135],[-70.812,19.136],[-70.811,19.137],[-70.81,19.137],[-70.81,19.138],[-70.809,19.138],[-70.809,19.14],[-70.802,19.14],[-70.802,19.139],[-70.8,19.139],[-70.8,19.138],[-70.798,19.138],[-70.798,19.137],[-70.794,19.137],[-70.794,19.136],[-70.793,19.136],[-70.793,19.137],[-70.791,19.137],[-70.791,19.138],[-70.788,19.138],[-70.788,19.139],[-70.786,19.139],[-70.786,19.14],[-70.784,19.14],[-70.784,19.139],[-70.783,19.139],[-70.783,19.138],[-70.781,19.138],[-70.78,19.139],[-70.78,19.14],[-70.777,19.14],[-70.777,19.141],[-70.776,19.142],[-70.777,19.142],[-70.776,19.143],[-70.776,19.144],[-70.775,19.144],[-70.775,19.145],[-70.774,19.145],[-70.773,19.146],[-70.774,19.147],[-70.77,19.147],[-70.77,19.145],[-70.769,19.146],[-70.769,19.147],[-70.768,19.147],[-70.768,19.149],[-70.767,19.149],[-70.767,19.15],[-70.766,19.15],[-70.766,19.152],[-70.767,19.152],[-70.767,19.153],[-70.766,19.153],[-70.766,19.155],[-70.764,19.155],[-70.764,19.156],[-70.763,19.156],[-70.763,19.155],[-70.762,19.155],[-70.762,19.156],[-70.76,19.156],[-70.759,19.155],[-70.757,19.155],[-70.757,19.156],[-70.755,19.156],[-70.755,19.157],[-70.754,19.158],[-70.753,19.157],[-70.754,19.157],[-70.754,19.155],[-70.753,19.155],[-70.752,19.156],[-70.752,19.157],[-70.75,19.157],[-70.75,19.158],[-70.749,19.158],[-70.749,19.159],[-70.748,19.159],[-70.748,19.16],[-70.747,19.16],[-70.746,19.161],[-70.743,19.161],[-70.743,19.163],[-70.742,19.163],[-70.742,19.164],[-70.74,19.164],[-70.74,19.165],[-70.739,19.165],[-70.739,19.164],[-70.738,19.164],[-70.738,19.165],[-70.736,19.165],[-70.736,19.166],[-70.733,19.166],[-70.733,19.167],[-70.732,19.167],[-70.732,19.168],[-70.734,19.168],[-70.734,19.169],[-70.735,19.169],[-70.735,19.17],[-70.734,19.171],[-70.734,19.172],[-70.737,19.172],[-70.737,19.173],[-70.736,19.173],[-70.736,19.175],[-70.734,19.175],[-70.734,19.177],[-70.735,19.177],[-70.735,19.18],[-70.733,19.18],[-70.733,19.182],[-70.734,19.182],[-70.734,19.183],[-70.733,19.183],[-70.732,19.184],[-70.732,19.185],[-70.733,19.185],[-70.733,19.188],[-70.731,19.188],[-70.731,19.187],[-70.73,19.187],[-70.73,19.188],[-70.729,19.188],[-70.729,19.19],[-70.728,19.19],[-70.728,19.191],[-70.729,19.191],[-70.729,19.192],[-70.728,19.192],[-70.728,19.194],[-70.727,19.194],[-70.727,19.195],[-70.728,19.195],[-70.728,19.196],[-70.729,19.196],[-70.729,19.197],[-70.731,19.197],[-70.732,19.198],[-70.732,19.199],[-70.733,19.199],[-70.733,19.201],[-70.734,19.201],[-70.734,19.204],[-70.733,19.204],[-70.733,19.205],[-70.731,19.205],[-70.731,19.204],[-70.729,19.204],[-70.728,19.205],[-70.728,19.206],[-70.727,19.206],[-70.727,19.207],[-70.726,19.207],[-70.727,19.208],[-70.725,19.208],[-70.725,19.21],[-70.723,19.21],[-70.723,19.209],[-70.724,19.209],[-70.723,19.208],[-70.723,19.207],[-70.722,19.207],[-70.722,19.205],[-70.721,19.205],[-70.721,19.204],[-70.72,19.205],[-70.72,19.203],[-70.718,19.203],[-70.718,19.202],[-70.719,19.202],[-70.718,19.201],[-70.717,19.201],[-70.716,19.2],[-70.716,19.199],[-70.715,19.199],[-70.715,19.198],[-70.714,19.198],[-70.714,19.197],[-70.712,19.197],[-70.712,19.196],[-70.71,19.196],[-70.71,19.195],[-70.709,19.195],[-70.709,19.194],[-70.708,19.194],[-70.707,19.193],[-70.706,19.192],[-70.705,19.191],[-70.704,19.191],[-70.703,19.19],[-70.7,19.19],[-70.7,19.189],[-70.698,19.189],[-70.698,19.188],[-70.697,19.188],[-70.697,19.186],[-70.695,19.186],[-70.695,19.185],[-70.694,19.185],[-70.694,19.183],[-70.692,19.183],[-70.692,19.182],[-70.691,19.182],[-70.692,19.181],[-70.692,19.18],[-70.69,19.18],[-70.69,19.181],[-70.689,19.181],[-70.689,19.182],[-70.688,19.182],[-70.689,19.183],[-70.685,19.183],[-70.685,19.184],[-70.684,19.184],[-70.683,19.183],[-70.682,19.183],[-70.682,19.186],[-70.681,19.186],[-70.68,19.187],[-70.68,19.188],[-70.679,19.188],[-70.679,19.187],[-70.678,19.187],[-70.677,19.188],[-70.677,19.19],[-70.674,19.19],[-70.674,19.192],[-70.675,19.192],[-70.675,19.194],[-70.674,19.195],[-70.671,19.195],[-70.671,19.197],[-70.67,19.197],[-70.67,19.199],[-70.671,19.2],[-70.671,19.201],[-70.672,19.201],[-70.672,19.202],[-70.673,19.202],[-70.673,19.2],[-70.675,19.2],[-70.676,19.199],[-70.677,19.2],[-70.677,19.201],[-70.678,19.202],[-70.679,19.203],[-70.68,19.204],[-70.681,19.205],[-70.682,19.206],[-70.682,19.208],[-70.678,19.208],[-70.678,19.209],[-70.677,19.209],[-70.677,19.21],[-70.676,19.211],[-70.677,19.211],[-70.677,19.212],[-70.678,19.213],[-70.678,19.215],[-70.679,19.215],[-70.679,19.216],[-70.68,19.216],[-70.68,19.218],[-70.677,19.218],[-70.677,19.222],[-70.682,19.222],[-70.682,19.221],[-70.683,19.22],[-70.684,19.22],[-70.684,19.222],[-70.683,19.223],[-70.682,19.223],[-70.682,19.224],[-70.681,19.224],[-70.681,19.225],[-70.679,19.225],[-70.678,19.226],[-70.678,19.229],[-70.677,19.23],[-70.677,19.232],[-70.678,19.232],[-70.678,19.234],[-70.677,19.234],[-70.677,19.237],[-70.676,19.237],[-70.676,19.239],[-70.677,19.24],[-70.679,19.24],[-70.679,19.239],[-70.68,19.239],[-70.68,19.238],[-70.681,19.238],[-70.682,19.237],[-70.683,19.237],[-70.683,19.238],[-70.684,19.238],[-70.684,19.239],[-70.683,19.239],[-70.683,19.24],[-70.682,19.24],[-70.682,19.241],[-70.681,19.241],[-70.681,19.242],[-70.68,19.243],[-70.68,19.244],[-70.677,19.244],[-70.677,19.245],[-70.676,19.245],[-70.676,19.251],[-70.677,19.251],[-70.677,19.253],[-70.678,19.253],[-70.678,19.254],[-70.68,19.254],[-70.68,19.253],[-70.681,19.253],[-70.681,19.249],[-70.682,19.249],[-70.682,19.25],[-70.683,19.251],[-70.684,19.252],[-70.684,19.253],[-70.685,19.253],[-70.685,19.257],[-70.684,19.258],[-70.683,19.258],[-70.681,19.26],[-70.68,19.261],[-70.679,19.262],[-70.679,19.264],[-70.68,19.265],[-70.682,19.266],[-70.684,19.267],[-70.685,19.268],[-70.687,19.268],[-70.69,19.27],[-70.692,19.271],[-70.695,19.272],[-70.697,19.272],[-70.703,19.273],[-70.705,19.274],[-70.708,19.275],[-70.71,19.276],[-70.715,19.278],[-70.717,19.279],[-70.72,19.281],[-70.721,19.282],[-70.721,19.286],[-70.72,19.287],[-70.72,19.29],[-70.719,19.29],[-70.718,19.291],[-70.717,19.29],[-70.715,19.29],[-70.714,19.291],[-70.714,19.292],[-70.715,19.292],[-70.715,19.295],[-70.718,19.295],[-70.718,19.294],[-70.719,19.294],[-70.719,19.297],[-70.718,19.298],[-70.716,19.298],[-70.716,19.3],[-70.717,19.301],[-70.713,19.301],[-70.713,19.3],[-70.711,19.3],[-70.711,19.299],[-70.71,19.299],[-70.71,19.298],[-70.709,19.298],[-70.708,19.297],[-70.705,19.297],[-70.705,19.296],[-70.704,19.296],[-70.704,19.295],[-70.702,19.295],[-70.701,19.294],[-70.693,19.294],[-70.693,19.293],[-70.692,19.293],[-70.692,19.292],[-70.691,19.292],[-70.69,19.291],[-70.689,19.291],[-70.687,19.29],[-70.686,19.289],[-70.685,19.289],[-70.685,19.288],[-70.684,19.287],[-70.683,19.287],[-70.683,19.285],[-70.682,19.285],[-70.682,19.284],[-70.68,19.284],[-70.68,19.283],[-70.677,19.283],[-70.677,19.284],[-70.676,19.284],[-70.676,19.283],[-70.674,19.283],[-70.674,19.284],[-70.673,19.284],[-70.673,19.285],[-70.672,19.285],[-70.672,19.288],[-70.673,19.289],[-70.673,19.291],[-70.672,19.291],[-70.672,19.292],[-70.668,19.292],[-70.668,19.294],[-70.669,19.298],[-70.669,19.305],[-70.671,19.307],[-70.672,19.311],[-70.672,19.312],[-70.673,19.313],[-70.673,19.314],[-70.672,19.316],[-70.674,19.318],[-70.674,19.319],[-70.675,19.32],[-70.675,19.321],[-70.674,19.322],[-70.674,19.323],[-70.673,19.324],[-70.671,19.326],[-70.67,19.329],[-70.668,19.334],[-70.667,19.334],[-70.667,19.335],[-70.665,19.335],[-70.665,19.338],[-70.663,19.339],[-70.662,19.339],[-70.66,19.341],[-70.659,19.341],[-70.659,19.342],[-70.658,19.342],[-70.657,19.343],[-70.654,19.347],[-70.653,19.348],[-70.651,19.35],[-70.649,19.351],[-70.648,19.352],[-70.648,19.353],[-70.647,19.354],[-70.644,19.356],[-70.643,19.358],[-70.642,19.359],[-70.641,19.36],[-70.64,19.36],[-70.639,19.361],[-70.639,19.362],[-70.638,19.363],[-70.638,19.367],[-70.637,19.367],[-70.637,19.369],[-70.636,19.369],[-70.636,19.374],[-70.63,19.374],[-70.63,19.373],[-70.629,19.373],[-70.628,19.372],[-70.626,19.372],[-70.626,19.373],[-70.625,19.373],[-70.625,19.374],[-70.62,19.374],[-70.62,19.375],[-70.616,19.375],[-70.616,19.374],[-70.615,19.375],[-70.612,19.375],[-70.612,19.376],[-70.611,19.376],[-70.611,19.379],[-70.61,19.379],[-70.61,19.38],[-70.609,19.38],[-70.609,19.382],[-70.608,19.382],[-70.608,19.384],[-70.607,19.384],[-70.607,19.385],[-70.606,19.385],[-70.606,19.388],[-70.604,19.388],[-70.604,19.389],[-70.599,19.389],[-70.599,19.388],[-70.598,19.388],[-70.598,19.389],[-70.597,19.389],[-70.596,19.39],[-70.596,19.391],[-70.595,19.391],[-70.595,19.39],[-70.594,19.39],[-70.594,19.389],[-70.592,19.389],[-70.592,19.387],[-70.591,19.387],[-70.591,19.386],[-70.588,19.386],[-70.588,19.385],[-70.586,19.385],[-70.586,19.386],[-70.583,19.386],[-70.583,19.387],[-70.582,19.387],[-70.582,19.386],[-70.58,19.386],[-70.58,19.389],[-70.581,19.389],[-70.581,19.39],[-70.585,19.39],[-70.584,19.391],[-70.583,19.391],[-70.583,19.393],[-70.585,19.393],[-70.585,19.391],[-70.586,19.391],[-70.586,19.393],[-70.587,19.393],[-70.587,19.394],[-70.585,19.394],[-70.585,19.396],[-70.586,19.396],[-70.586,19.397],[-70.587,19.397],[-70.587,19.398],[-70.588,19.398],[-70.589,19.399],[-70.588,19.399],[-70.588,19.4],[-70.587,19.4],[-70.587,19.401],[-70.586,19.401],[-70.586,19.403],[-70.587,19.403],[-70.587,19.405],[-70.588,19.406],[-70.587,19.406],[-70.587,19.407],[-70.588,19.408],[-70.588,19.409],[-70.589,19.409],[-70.589,19.411],[-70.59,19.411],[-70.59,19.414],[-70.592,19.414],[-70.592,19.415],[-70.591,19.415],[-70.591,19.416],[-70.592,19.416],[-70.591,19.417],[-70.593,19.418],[-70.591,19.418],[-70.591,19.419],[-70.592,19.42],[-70.591,19.421],[-70.59,19.421],[-70.59,19.422],[-70.591,19.422],[-70.591,19.423],[-70.592,19.423],[-70.592,19.424],[-70.591,19.424],[-70.591,19.426],[-70.59,19.426],[-70.59,19.428],[-70.591,19.428],[-70.591,19.427],[-70.592,19.427],[-70.592,19.428],[-70.593,19.428],[-70.593,19.429],[-70.594,19.429],[-70.594,19.431],[-70.592,19.431],[-70.592,19.436],[-70.593,19.436],[-70.593,19.437],[-70.592,19.437],[-70.592,19.438],[-70.59,19.438],[-70.59,19.439],[-70.589,19.439],[-70.589,19.442],[-70.588,19.442],[-70.588,19.443],[-70.586,19.443],[-70.586,19.444],[-70.585,19.445],[-70.585,19.444],[-70.584,19.444],[-70.584,19.446],[-70.583,19.446],[-70.583,19.448],[-70.582,19.448],[-70.582,19.455],[-70.58,19.455],[-70.58,19.456],[-70.579,19.456],[-70.579,19.457],[-70.58,19.457],[-70.58,19.458],[-70.579,19.458],[-70.579,19.459],[-70.58,19.459],[-70.58,19.46],[-70.579,19.46],[-70.579,19.461],[-70.58,19.461],[-70.58,19.462],[-70.579,19.462],[-70.579,19.464],[-70.58,19.464],[-70.58,19.465],[-70.579,19.465],[-70.579,19.466],[-70.58,19.466],[-70.58,19.471],[-70.581,19.471],[-70.581,19.472],[-70.582,19.472],[-70.582,19.473],[-70.583,19.473],[-70.583,19.474],[-70.582,19.474],[-70.582,19.475],[-70.583,19.475],[-70.583,19.476],[-70.584,19.476],[-70.584,19.477],[-70.583,19.477],[-70.583,19.482],[-70.582,19.482],[-70.582,19.485],[-70.58,19.485],[-70.58,19.484],[-70.579,19.484],[-70.579,19.486],[-70.578,19.486],[-70.578,19.487],[-70.577,19.487],[-70.577,19.485],[-70.578,19.485],[-70.578,19.484],[-70.576,19.484],[-70.576,19.485],[-70.573,19.485],[-70.573,19.486],[-70.574,19.487],[-70.573,19.488],[-70.572,19.488],[-70.572,19.489],[-70.571,19.489],[-70.571,19.487],[-70.57,19.487],[-70.57,19.488],[-70.569,19.488],[-70.569,19.49],[-70.566,19.49],[-70.566,19.491],[-70.565,19.491],[-70.565,19.49],[-70.564,19.49],[-70.564,19.493],[-70.559,19.493],[-70.559,19.494],[-70.554,19.494],[-70.553,19.495],[-70.553,19.494],[-70.551,19.494],[-70.551,19.497],[-70.55,19.497],[-70.55,19.499],[-70.549,19.5],[-70.549,19.501],[-70.548,19.501],[-70.549,19.502],[-70.549,19.506],[-70.548,19.506],[-70.547,19.507],[-70.548,19.508],[-70.548,19.509],[-70.547,19.51],[-70.547,19.513],[-70.546,19.513],[-70.546,19.515],[-70.545,19.517],[-70.545,19.519],[-70.544,19.519],[-70.546,19.52],[-70.546,19.521],[-70.548,19.523],[-70.551,19.524],[-70.552,19.524],[-70.553,19.525],[-70.555,19.527],[-70.558,19.528],[-70.559,19.528],[-70.561,19.529],[-70.565,19.533],[-70.566,19.534],[-70.568,19.534],[-70.57,19.535],[-70.571,19.536],[-70.574,19.536],[-70.575,19.537],[-70.579,19.539],[-70.579,19.54],[-70.58,19.541],[-70.582,19.541],[-70.583,19.542],[-70.587,19.542],[-70.589,19.543],[-70.59,19.543],[-70.592,19.545],[-70.595,19.546],[-70.612,19.546],[-70.612,19.547],[-70.613,19.547],[-70.614,19.546],[-70.615,19.546],[-70.615,19.545],[-70.62,19.545],[-70.62,19.546],[-70.621,19.546],[-70.621,19.547],[-70.626,19.547],[-70.627,19.548],[-70.627,19.549],[-70.628,19.55],[-70.63,19.55],[-70.63,19.551],[-70.631,19.551],[-70.632,19.552],[-70.635,19.552],[-70.636,19.553],[-70.636,19.554],[-70.638,19.554],[-70.638,19.555],[-70.639,19.555],[-70.639,19.557],[-70.64,19.557],[-70.64,19.559],[-70.641,19.559],[-70.641,19.56],[-70.642,19.56],[-70.642,19.562],[-70.643,19.562],[-70.643,19.564],[-70.642,19.564],[-70.642,19.565],[-70.641,19.566],[-70.64,19.566],[-70.64,19.568],[-70.639,19.569],[-70.639,19.57],[-70.638,19.57],[-70.637,19.571],[-70.636,19.572],[-70.636,19.571],[-70.635,19.571],[-70.635,19.573],[-70.633,19.573],[-70.633,19.575],[-70.632,19.576],[-70.631,19.576],[-70.631,19.579],[-70.63,19.579],[-70.631,19.58],[-70.631,19.585],[-70.63,19.585],[-70.63,19.586],[-70.631,19.587],[-70.631,19.592],[-70.63,19.593],[-70.63,19.594],[-70.629,19.594],[-70.63,19.595],[-70.63,19.596],[-70.631,19.597],[-70.631,19.599],[-70.63,19.6],[-70.631,19.602],[-70.631,19.605],[-70.63,19.606],[-70.63,19.609],[-70.629,19.61],[-70.63,19.61],[-70.63,19.611],[-70.632,19.611],[-70.632,19.612],[-70.633,19.612],[-70.634,19.613],[-70.634,19.614],[-70.636,19.614],[-70.637,19.615],[-70.637,19.616],[-70.639,19.617],[-70.64,19.617],[-70.641,19.618],[-70.642,19.619],[-70.643,19.619],[-70.644,19.62],[-70.646,19.621],[-70.649,19.621],[-70.65,19.622],[-70.654,19.622],[-70.654,19.623],[-70.656,19.623],[-70.656,19.622],[-70.663,19.622],[-70.664,19.623],[-70.665,19.624],[-70.665,19.625],[-70.666,19.625],[-70.666,19.627],[-70.669,19.627],[-70.669,19.628],[-70.672,19.628],[-70.672,19.627],[-70.675,19.627],[-70.676,19.628],[-70.677,19.628],[-70.679,19.629],[-70.68,19.629],[-70.68,19.63],[-70.687,19.63],[-70.688,19.631],[-70.687,19.631],[-70.687,19.634],[-70.685,19.638],[-70.685,19.642],[-70.686,19.644],[-70.688,19.647],[-70.692,19.647],[-70.693,19.648],[-70.696,19.648],[-70.697,19.649],[-70.698,19.65],[-70.7,19.651],[-70.704,19.651],[-70.706,19.649],[-70.707,19.648],[-70.708,19.647],[-70.709,19.646],[-70.71,19.645],[-70.711,19.643],[-70.711,19.642],[-70.712,19.641],[-70.712,19.64],[-70.711,19.639],[-70.71,19.637],[-70.71,19.632],[-70.711,19.631],[-70.712,19.631],[-70.712,19.63],[-70.713,19.628],[-70.713,19.627],[-70.711,19.624],[-70.71,19.623],[-70.71,19.622],[-70.709,19.621],[-70.707,19.621],[-70.706,19.62],[-70.706,19.618],[-70.705,19.617],[-70.705,19.616],[-70.704,19.615],[-70.703,19.614],[-70.703,19.613],[-70.702,19.612],[-70.703,19.612],[-70.705,19.61],[-70.708,19.61],[-70.708,19.603],[-70.709,19.603],[-70.71,19.602],[-70.71,19.6],[-70.712,19.598],[-70.713,19.598],[-70.714,19.597],[-70.715,19.596],[-70.715,19.595],[-70.717,19.595],[-70.718,19.594],[-70.718,19.593],[-70.723,19.593],[-70.723,19.592],[-70.726,19.592],[-70.726,19.591],[-70.727,19.592],[-70.728,19.591],[-70.729,19.59],[-70.732,19.59],[-70.734,19.589],[-70.734,19.588],[-70.735,19.587],[-70.737,19.587],[-70.738,19.586],[-70.738,19.585],[-70.74,19.585],[-70.741,19.584],[-70.743,19.584],[-70.743,19.583],[-70.745,19.583],[-70.746,19.58],[-70.746,19.582],[-70.748,19.582],[-70.748,19.583],[-70.75,19.583],[-70.75,19.584],[-70.751,19.584],[-70.751,19.586],[-70.752,19.588],[-70.752,19.589],[-70.753,19.593],[-70.753,19.595],[-70.754,19.597],[-70.754,19.598],[-70.755,19.599],[-70.756,19.599],[-70.757,19.6],[-70.758,19.6],[-70.759,19.601],[-70.764,19.601],[-70.764,19.6],[-70.767,19.6],[-70.768,19.601],[-70.77,19.601],[-70.772,19.602],[-70.774,19.602],[-70.774,19.603],[-70.775,19.606],[-70.775,19.607],[-70.776,19.608],[-70.776,19.609],[-70.777,19.609],[-70.777,19.61],[-70.778,19.611],[-70.779,19.612],[-70.78,19.613],[-70.783,19.615],[-70.784,19.615],[-70.784,19.616],[-70.785,19.616],[-70.785,19.617],[-70.786,19.618],[-70.787,19.618],[-70.787,19.619],[-70.788,19.62],[-70.789,19.62],[-70.789,19.621],[-70.79,19.622],[-70.79,19.623],[-70.791,19.623],[-70.792,19.624],[-70.793,19.624],[-70.793,19.625],[-70.794,19.625],[-70.794,19.626],[-70.795,19.627],[-70.797,19.627],[-70.797,19.628],[-70.798,19.629],[-70.799,19.629],[-70.8,19.63],[-70.801,19.63],[-70.801,19.631],[-70.803,19.631],[-70.804,19.632],[-70.806,19.632],[-70.806,19.633],[-70.807,19.633],[-70.808,19.634],[-70.812,19.634],[-70.812,19.635],[-70.814,19.635],[-70.814,19.636],[-70.815,19.636],[-70.815,19.637],[-70.816,19.638],[-70.817,19.638],[-70.819,19.64],[-70.822,19.64],[-70.822,19.635],[-70.821,19.635],[-70.821,19.632],[-70.826,19.632],[-70.826,19.633],[-70.827,19.633],[-70.827,19.634],[-70.828,19.634],[-70.828,19.636],[-70.829,19.636],[-70.829,19.637],[-70.834,19.637],[-70.834,19.638],[-70.837,19.638],[-70.838,19.639],[-70.839,19.639],[-70.84,19.64],[-70.841,19.64],[-70.842,19.641],[-70.844,19.641],[-70.844,19.642],[-70.846,19.642],[-70.846,19.643],[-70.85,19.643],[-70.85,19.642],[-70.853,19.642],[-70.853,19.641],[-70.854,19.641],[-70.855,19.64],[-70.856,19.641],[-70.857,19.641],[-70.859,19.642],[-70.862,19.644],[-70.864,19.646],[-70.866,19.647],[-70.868,19.648],[-70.869,19.649],[-70.871,19.65],[-70.872,19.65],[-70.873,19.649],[-70.878,19.649],[-70.879,19.651],[-70.881,19.651],[-70.881,19.65],[-70.882,19.65],[-70.882,19.649],[-70.884,19.649],[-70.884,19.648],[-70.885,19.647],[-70.885,19.646],[-70.886,19.646],[-70.886,19.645],[-70.885,19.645],[-70.885,19.643],[-70.884,19.643],[-70.884,19.64],[-70.883,19.639],[-70.882,19.639],[-70.881,19.64],[-70.881,19.641],[-70.88,19.641],[-70.88,19.642],[-70.876,19.642],[-70.876,19.631],[-70.875,19.631],[-70.875,19.629],[-70.876,19.629],[-70.876,19.628],[-70.879,19.628],[-70.879,19.626],[-70.881,19.626],[-70.881,19.625],[-70.882,19.625],[-70.882,19.622],[-70.883,19.622],[-70.883,19.621],[-70.884,19.621],[-70.885,19.62],[-70.885,19.619],[-70.884,19.619],[-70.884,19.616],[-70.883,19.616],[-70.883,19.615],[-70.884,19.615],[-70.884,19.613],[-70.883,19.613],[-70.883,19.612],[-70.884,19.612],[-70.884,19.607],[-70.883,19.607],[-70.883,19.605],[-70.882,19.605],[-70.882,19.604],[-70.88,19.604],[-70.88,19.603],[-70.881,19.603],[-70.881,19.602],[-70.882,19.602],[-70.882,19.597],[-70.881,19.597],[-70.881,19.595],[-70.882,19.595],[-70.882,19.596],[-70.883,19.596],[-70.883,19.594],[-70.884,19.594],[-70.884,19.59],[-70.886,19.59],[-70.886,19.588],[-70.887,19.588],[-70.887,19.587],[-70.888,19.587],[-70.888,19.583],[-70.887,19.583],[-70.887,19.582],[-70.886,19.582],[-70.886,19.581],[-70.887,19.581],[-70.887,19.578],[-70.888,19.578],[-70.888,19.576],[-70.887,19.576],[-70.887,19.575],[-70.888,19.575],[-70.888,19.574],[-70.889,19.574],[-70.889,19.572],[-70.891,19.572],[-70.891,19.571],[-70.89,19.571],[-70.89,19.57],[-70.891,19.57],[-70.891,19.569],[-70.893,19.569],[-70.893,19.566],[-70.892,19.566],[-70.892,19.565],[-70.893,19.565],[-70.893,19.563],[-70.894,19.563],[-70.894,19.564],[-70.895,19.564],[-70.895,19.565],[-70.896,19.565],[-70.896,19.566],[-70.897,19.566],[-70.897,19.567],[-70.898,19.568],[-70.899,19.568],[-70.899,19.569],[-70.9,19.569],[-70.901,19.57],[-70.902,19.57],[-70.902,19.571],[-70.903,19.571],[-70.904,19.572],[-70.906,19.572],[-70.906,19.573],[-70.907,19.573],[-70.907,19.574],[-70.908,19.574],[-70.909,19.575],[-70.91,19.575],[-70.91,19.576],[-70.911,19.576],[-70.911,19.577],[-70.912,19.577],[-70.912,19.578],[-70.913,19.578],[-70.913,19.579],[-70.914,19.579],[-70.915,19.58],[-70.916,19.581],[-70.917,19.581],[-70.917,19.582],[-70.918,19.582],[-70.918,19.583],[-70.919,19.583],[-70.919,19.584],[-70.92,19.584],[-70.92,19.585],[-70.921,19.585],[-70.922,19.586],[-70.923,19.587],[-70.924,19.587],[-70.925,19.588],[-70.925,19.589],[-70.926,19.589],[-70.927,19.59],[-70.928,19.591],[-70.928,19.589],[-70.929,19.589],[-70.929,19.586],[-70.93,19.584],[-70.93,19.58],[-70.931,19.579],[-70.93,19.578],[-70.93,19.577],[-70.929,19.578],[-70.923,19.578],[-70.923,19.574],[-70.924,19.574],[-70.924,19.573],[-70.925,19.573],[-70.925,19.571],[-70.926,19.571],[-70.926,19.57],[-70.927,19.57],[-70.927,19.569],[-70.928,19.568],[-70.928,19.567],[-70.929,19.567],[-70.929,19.565],[-70.932,19.563],[-70.933,19.562],[-70.934,19.561],[-70.934,19.559],[-70.935,19.558],[-70.935,19.557],[-70.936,19.557],[-70.936,19.555],[-70.934,19.555],[-70.934,19.556],[-70.933,19.555],[-70.933,19.553],[-70.932,19.552],[-70.93,19.552],[-70.93,19.553],[-70.929,19.554],[-70.928,19.554],[-70.927,19.553],[-70.927,19.552],[-70.928,19.551],[-70.928,19.55],[-70.926,19.549],[-70.922,19.549],[-70.922,19.55],[-70.921,19.551],[-70.921,19.552],[-70.922,19.553],[-70.922,19.554],[-70.916,19.554],[-70.916,19.553],[-70.917,19.553],[-70.917,19.552],[-70.918,19.551],[-70.918,19.548],[-70.914,19.548],[-70.914,19.547],[-70.913,19.547],[-70.913,19.545],[-70.912,19.545],[-70.912,19.543],[-70.91,19.545],[-70.91,19.547],[-70.911,19.547],[-70.911,19.548],[-70.913,19.548],[-70.913,19.55],[-70.911,19.55],[-70.91,19.551],[-70.907,19.551],[-70.907,19.55],[-70.908,19.549],[-70.909,19.549],[-70.909,19.546],[-70.908,19.546],[-70.907,19.547],[-70.906,19.548],[-70.905,19.548],[-70.905,19.547],[-70.904,19.547],[-70.904,19.543],[-70.903,19.543],[-70.902,19.542],[-70.9,19.542],[-70.9,19.545],[-70.899,19.546],[-70.898,19.545],[-70.896,19.545],[-70.896,19.544],[-70.895,19.544],[-70.895,19.542],[-70.896,19.541],[-70.896,19.54],[-70.894,19.54],[-70.892,19.542],[-70.893,19.539],[-70.892,19.539],[-70.892,19.538],[-70.893,19.538],[-70.893,19.537],[-70.894,19.536],[-70.894,19.53],[-70.895,19.529],[-70.895,19.527],[-70.894,19.528],[-70.894,19.525],[-70.895,19.525],[-70.895,19.524],[-70.896,19.524],[-70.896,19.522],[-70.895,19.522],[-70.895,19.521],[-70.896,19.52],[-70.896,19.518],[-70.898,19.518],[-70.898,19.517],[-70.899,19.516],[-70.9,19.515],[-70.9,19.514],[-70.901,19.514],[-70.901,19.511],[-70.902,19.511],[-70.902,19.51],[-70.903,19.51],[-70.902,19.509],[-70.901,19.509],[-70.901,19.507],[-70.902,19.507],[-70.902,19.505],[-70.903,19.504],[-70.903,19.503],[-70.904,19.503],[-70.904,19.501],[-70.905,19.501],[-70.905,19.499],[-70.904,19.499],[-70.904,19.496],[-70.905,19.496],[-70.905,19.495],[-70.906,19.495],[-70.906,19.493],[-70.907,19.492],[-70.908,19.492],[-70.908,19.489],[-70.909,19.489],[-70.908,19.488],[-70.908,19.487],[-70.909,19.486],[-70.908,19.486],[-70.908,19.485],[-70.907,19.485],[-70.906,19.484],[-70.904,19.482],[-70.904,19.481],[-70.903,19.479],[-70.904,19.477],[-70.904,19.474],[-70.902,19.473],[-70.901,19.472],[-70.9,19.471],[-70.899,19.47],[-70.896,19.47],[-70.894,19.469],[-70.892,19.469],[-70.89,19.468],[-70.888,19.468],[-70.888,19.467],[-70.887,19.466],[-70.887,19.465],[-70.886,19.463],[-70.886,19.46],[-70.885,19.458],[-70.885,19.45],[-70.886,19.449],[-70.888,19.449],[-70.889,19.45],[-70.89,19.45],[-70.892,19.451],[-70.894,19.452],[-70.895,19.453],[-70.897,19.453],[-70.897,19.454],[-70.898,19.454],[-70.899,19.455],[-70.901,19.455],[-70.901,19.456],[-70.902,19.456],[-70.902,19.454],[-70.901,19.454],[-70.901,19.451],[-70.903,19.451],[-70.903,19.449],[-70.906,19.449],[-70.906,19.45],[-70.907,19.45],[-70.907,19.449],[-70.91,19.449],[-70.91,19.448],[-70.911,19.448],[-70.911,19.444],[-70.91,19.443],[-70.91,19.44],[-70.911,19.44],[-70.911,19.439],[-70.913,19.439],[-70.913,19.44],[-70.92,19.44],[-70.92,19.439],[-70.922,19.439],[-70.922,19.44],[-70.923,19.44],[-70.923,19.441],[-70.924,19.441],[-70.924,19.443],[-70.927,19.443],[-70.927,19.444],[-70.928,19.444],[-70.928,19.446],[-70.929,19.447],[-70.933,19.447],[-70.933,19.448],[-70.934,19.448],[-70.934,19.449],[-70.935,19.449],[-70.935,19.453],[-70.936,19.454],[-70.94,19.454],[-70.94,19.455],[-70.942,19.455],[-70.943,19.456],[-70.946,19.456],[-70.946,19.457],[-70.947,19.457],[-70.948,19.458],[-70.955,19.458],[-70.956,19.457],[-70.957,19.456],[-70.959,19.456],[-70.96,19.457],[-70.961,19.457],[-70.962,19.458],[-70.963,19.458],[-70.963,19.451],[-70.958,19.451],[-70.958,19.452],[-70.956,19.452],[-70.955,19.453],[-70.954,19.453],[-70.954,19.452],[-70.953,19.452],[-70.953,19.451],[-70.954,19.45],[-70.957,19.45],[-70.957,19.449],[-70.961,19.449],[-70.962,19.448],[-70.966,19.448],[-70.966,19.447],[-70.968,19.447],[-70.968,19.45],[-70.969,19.45],[-70.969,19.451],[-70.972,19.451],[-70.972,19.452],[-70.973,19.452],[-70.973,19.457],[-70.975,19.457],[-70.977,19.455],[-70.977,19.454],[-70.978,19.453],[-70.978,19.449],[-70.979,19.447],[-70.979,19.445],[-70.98,19.444],[-70.981,19.444],[-70.982,19.443],[-70.982,19.442],[-70.984,19.441],[-70.985,19.441],[-70.986,19.439],[-70.987,19.439],[-70.988,19.438],[-70.988,19.437],[-70.989,19.436],[-70.99,19.435],[-70.991,19.434],[-70.994,19.434],[-70.994,19.435],[-70.995,19.436],[-70.996,19.437],[-70.996,19.441],[-70.997,19.441],[-70.997,19.446],[-70.998,19.447],[-70.998,19.448],[-70.999,19.448],[-71,19.449],[-71.001,19.449],[-71.003,19.451],[-71.004,19.452],[-71.008,19.456],[-71.009,19.457],[-71.011,19.457],[-71.012,19.456],[-71.02,19.456],[-71.02,19.455],[-71.021,19.455],[-71.021,19.45],[-71.028,19.45],[-71.029,19.449],[-71.03,19.449],[-71.032,19.447],[-71.033,19.446],[-71.033,19.445],[-71.034,19.445],[-71.035,19.444],[-71.041,19.444],[-71.041,19.445],[-71.044,19.445],[-71.044,19.446],[-71.045,19.446],[-71.045,19.448],[-71.047,19.448],[-71.047,19.449],[-71.048,19.449],[-71.048,19.45],[-71.049,19.451],[-71.05,19.452],[-71.052,19.452],[-71.052,19.453],[-71.053,19.453],[-71.053,19.455],[-71.054,19.456],[-71.056,19.456],[-71.057,19.457],[-71.058,19.458],[-71.059,19.459],[-71.061,19.459],[-71.061,19.46],[-71.062,19.461],[-71.062,19.462],[-71.064,19.462],[-71.065,19.461],[-71.066,19.461],[-71.067,19.462],[-71.068,19.463],[-71.07,19.464],[-71.07,19.465],[-71.071,19.465],[-71.071,19.466],[-71.073,19.466],[-71.076,19.467],[-71.079,19.467],[-71.08,19.466],[-71.081,19.465],[-71.082,19.463],[-71.083,19.462],[-71.085,19.461],[-71.085,19.46],[-71.086,19.46],[-71.086,19.459],[-71.087,19.459],[-71.087,19.458],[-71.088,19.457],[-71.088,19.456],[-71.094,19.456],[-71.095,19.455],[-71.096,19.454],[-71.096,19.453],[-71.097,19.453],[-71.097,19.448],[-71.095,19.448],[-71.094,19.449],[-71.094,19.45],[-71.093,19.45],[-71.093,19.451],[-71.09,19.451],[-71.09,19.448],[-71.089,19.446],[-71.088,19.444],[-71.087,19.443],[-71.087,19.441],[-71.086,19.44],[-71.086,19.437],[-71.085,19.437],[-71.085,19.436],[-71.084,19.436],[-71.084,19.434],[-71.085,19.434],[-71.085,19.433],[-71.088,19.433],[-71.088,19.432],[-71.089,19.431],[-71.089,19.43],[-71.09,19.429],[-71.09,19.428],[-71.089,19.427],[-71.088,19.427],[-71.087,19.426],[-71.084,19.426],[-71.083,19.425],[-71.082,19.425],[-71.081,19.424],[-71.08,19.424],[-71.079,19.425],[-71.076,19.425],[-71.075,19.426],[-71.073,19.426],[-71.073,19.425],[-71.072,19.425],[-71.072,19.423],[-71.073,19.422],[-71.078,19.422],[-71.079,19.421],[-71.08,19.42],[-71.081,19.42],[-71.081,19.419],[-71.082,19.418],[-71.083,19.418],[-71.083,19.417],[-71.084,19.416],[-71.085,19.415],[-71.092,19.415],[-71.092,19.414],[-71.093,19.414],[-71.093,19.415],[-71.103,19.415],[-71.104,19.414],[-71.108,19.414],[-71.112,19.412],[-71.113,19.411],[-71.114,19.41],[-71.115,19.409],[-71.116,19.408],[-71.117,19.408],[-71.118,19.407],[-71.119,19.406],[-71.119,19.405],[-71.12,19.405],[-71.12,19.404],[-71.121,19.404],[-71.121,19.403],[-71.12,19.403],[-71.119,19.402],[-71.118,19.401],[-71.118,19.399],[-71.121,19.399],[-71.121,19.398],[-71.12,19.398],[-71.119,19.397],[-71.118,19.396],[-71.119,19.396],[-71.12,19.395],[-71.119,19.394],[-71.12,19.394],[-71.121,19.393],[-71.123,19.393],[-71.123,19.392],[-71.124,19.392],[-71.124,19.391],[-71.125,19.391],[-71.127,19.392],[-71.128,19.392],[-71.129,19.391],[-71.134,19.391],[-71.134,19.392],[-71.135,19.393],[-71.137,19.393],[-71.138,19.392],[-71.139,19.391],[-71.139,19.39],[-71.138,19.389],[-71.137,19.389],[-71.136,19.388],[-71.136,19.387],[-71.14,19.387],[-71.141,19.386],[-71.142,19.385],[-71.143,19.385],[-71.143,19.384],[-71.144,19.384],[-71.145,19.385],[-71.146,19.386],[-71.149,19.386],[-71.15,19.387],[-71.151,19.386],[-71.152,19.384],[-71.153,19.384],[-71.153,19.382],[-71.15,19.382],[-71.149,19.381],[-71.149,19.38],[-71.15,19.38],[-71.151,19.379],[-71.152,19.379],[-71.152,19.378],[-71.153,19.378],[-71.153,19.377],[-71.154,19.376],[-71.153,19.376],[-71.153,19.375],[-71.152,19.375],[-71.152,19.374],[-71.157,19.374],[-71.157,19.375],[-71.158,19.375],[-71.158,19.374],[-71.159,19.374],[-71.16,19.373],[-71.16,19.372],[-71.161,19.372],[-71.161,19.371],[-71.162,19.371],[-71.162,19.372],[-71.163,19.373],[-71.163,19.374],[-71.164,19.374],[-71.164,19.373],[-71.168,19.373],[-71.168,19.374],[-71.17,19.374],[-71.17,19.375],[-71.172,19.375],[-71.172,19.376],[-71.173,19.376],[-71.173,19.379],[-71.174,19.379],[-71.174,19.383],[-71.175,19.383],[-71.175,19.386],[-71.174,19.386],[-71.174,19.387],[-71.175,19.388],[-71.18,19.388],[-71.18,19.386],[-71.181,19.386],[-71.181,19.384],[-71.184,19.384],[-71.184,19.385],[-71.186,19.385],[-71.186,19.382],[-71.189,19.382],[-71.189,19.38],[-71.191,19.38],[-71.191,19.381],[-71.192,19.381],[-71.193,19.382],[-71.193,19.383],[-71.195,19.383],[-71.195,19.382],[-71.196,19.382],[-71.196,19.381],[-71.197,19.381],[-71.197,19.382],[-71.199,19.382],[-71.199,19.381],[-71.2,19.381],[-71.2,19.38],[-71.201,19.38],[-71.201,19.381],[-71.202,19.382],[-71.203,19.382],[-71.203,19.381],[-71.204,19.381],[-71.204,19.38],[-71.205,19.379],[-71.208,19.379],[-71.208,19.378],[-71.207,19.378],[-71.206,19.377],[-71.206,19.376],[-71.207,19.375],[-71.212,19.375],[-71.212,19.374],[-71.213,19.374],[-71.213,19.372],[-71.215,19.372],[-71.215,19.373],[-71.216,19.373],[-71.216,19.374],[-71.218,19.374],[-71.218,19.372],[-71.217,19.372],[-71.217,19.371],[-71.22,19.371],[-71.22,19.367],[-71.224,19.367],[-71.224,19.366],[-71.223,19.366],[-71.223,19.365],[-71.222,19.365],[-71.222,19.364],[-71.221,19.364],[-71.221,19.361],[-71.223,19.361],[-71.223,19.362],[-71.227,19.362],[-71.228,19.361],[-71.229,19.361],[-71.229,19.36],[-71.228,19.36],[-71.228,19.359],[-71.227,19.358],[-71.226,19.357],[-71.223,19.357],[-71.223,19.356],[-71.224,19.355],[-71.225,19.355],[-71.225,19.354],[-71.226,19.354],[-71.226,19.352],[-71.225,19.351],[-71.224,19.35],[-71.224,19.349],[-71.226,19.349],[-71.226,19.348],[-71.224,19.348],[-71.224,19.347],[-71.225,19.346],[-71.224,19.346],[-71.224,19.345],[-71.222,19.345],[-71.222,19.341],[-71.223,19.34],[-71.224,19.34],[-71.224,19.339],[-71.228,19.339],[-71.229,19.34],[-71.23,19.34],[-71.23,19.341],[-71.232,19.341],[-71.232,19.34],[-71.231,19.339],[-71.231,19.338],[-71.234,19.338],[-71.235,19.337],[-71.236,19.337],[-71.236,19.342],[-71.237,19.343],[-71.237,19.344],[-71.238,19.344],[-71.239,19.343],[-71.239,19.335],[-71.241,19.335],[-71.241,19.336],[-71.245,19.336],[-71.245,19.335],[-71.244,19.335],[-71.244,19.334],[-71.243,19.334],[-71.243,19.333],[-71.242,19.333],[-71.242,19.332],[-71.243,19.332],[-71.243,19.331],[-71.244,19.331],[-71.244,19.33],[-71.245,19.33],[-71.245,19.329],[-71.246,19.328],[-71.247,19.327],[-71.248,19.327],[-71.248,19.328],[-71.249,19.328],[-71.249,19.329],[-71.252,19.329],[-71.252,19.328],[-71.253,19.328],[-71.253,19.325],[-71.252,19.325],[-71.252,19.324],[-71.25,19.324],[-71.25,19.323],[-71.249,19.323],[-71.249,19.32],[-71.247,19.32],[-71.246,19.319],[-71.246,19.318],[-71.247,19.317],[-71.246,19.316],[-71.246,19.313],[-71.245,19.313],[-71.244,19.314],[-71.242,19.314],[-71.242,19.312],[-71.243,19.312],[-71.243,19.31],[-71.242,19.31],[-71.242,19.311],[-71.241,19.311],[-71.241,19.31],[-71.24,19.31],[-71.24,19.309],[-71.241,19.309],[-71.241,19.308],[-71.242,19.308],[-71.243,19.306],[-71.243,19.305],[-71.244,19.305],[-71.244,19.306],[-71.245,19.306],[-71.245,19.303],[-71.241,19.303],[-71.241,19.299],[-71.242,19.299],[-71.242,19.298],[-71.244,19.298],[-71.244,19.299],[-71.246,19.299],[-71.246,19.297],[-71.245,19.297],[-71.245,19.296],[-71.244,19.296],[-71.244,19.294],[-71.246,19.294],[-71.246,19.293],[-71.245,19.293],[-71.245,19.292],[-71.246,19.292],[-71.246,19.291],[-71.245,19.291],[-71.245,19.29],[-71.244,19.29],[-71.244,19.289],[-71.245,19.289],[-71.246,19.288],[-71.246,19.287],[-71.248,19.287],[-71.248,19.286],[-71.247,19.286],[-71.247,19.284],[-71.245,19.284],[-71.245,19.282],[-71.246,19.282],[-71.246,19.283],[-71.247,19.283],[-71.247,19.282],[-71.246,19.281],[-71.246,19.28],[-71.247,19.28],[-71.247,19.279],[-71.246,19.279],[-71.246,19.277],[-71.245,19.277],[-71.245,19.276],[-71.246,19.276],[-71.246,19.275],[-71.243,19.275],[-71.243,19.274],[-71.244,19.274],[-71.244,19.269],[-71.243,19.269],[-71.243,19.267],[-71.244,19.267],[-71.244,19.266],[-71.245,19.266],[-71.245,19.265],[-71.248,19.265],[-71.248,19.264],[-71.249,19.264],[-71.249,19.263],[-71.25,19.262],[-71.25,19.263],[-71.251,19.263],[-71.251,19.264],[-71.25,19.265],[-71.251,19.266],[-71.252,19.266],[-71.253,19.265],[-71.255,19.266],[-71.255,19.265],[-71.256,19.265],[-71.256,19.263],[-71.258,19.263],[-71.258,19.261]],[[-70.728,19.206],[-70.729,19.206],[-70.729,19.207],[-70.73,19.207],[-70.73,19.206],[-70.731,19.206],[-70.731,19.208],[-70.73,19.208],[-70.73,19.209],[-70.729,19.209],[-70.729,19.208],[-70.728,19.208],[-70.728,19.206]],[[-71.244,19.294],[-71.243,19.294],[-71.244,19.293],[-71.244,19.294]],[[-70.67586,19.35805],[-70.67586,19.35806],[-70.67585,19.35805],[-70.67586,19.35805]],[[-70.594,19.419],[-70.594,19.42],[-70.593,19.42],[-70.593,19.419],[-70.594,19.419]]],[[[-71.242,19.309],[-71.241,19.309],[-71.241,19.31],[-71.242,19.309]]],[[[-70.603,19.388],[-70.602,19.388],[-70.603,19.389],[-70.603,19.388]]],[[[-70.588,19.398],[-70.587,19.399],[-70.588,19.399],[-70.588,19.398]]],[[[-70.581,19.39],[-70.58,19.39],[-70.58,19.391],[-70.581,19.391],[-70.581,19.39]]]]}},{"type":"Feature","properties":{"shapeName":"San José de Ocoa","provinceKey":"sanjosedeocoa","shapeType":"ADM1"},"geometry":{"type":"MultiPolygon","coordinates":[[[[-70.684,18.685],[-70.682,18.685],[-70.682,18.684],[-70.681,18.684],[-70.681,18.683],[-70.68,18.683],[-70.68,18.682],[-70.679,18.682],[-70.678,18.681],[-70.678,18.679],[-70.677,18.679],[-70.677,18.677],[-70.676,18.677],[-70.676,18.675],[-70.675,18.675],[-70.675,18.674],[-70.674,18.674],[-70.674,18.672],[-70.672,18.672],[-70.672,18.67],[-70.67,18.67],[-70.67,18.669],[-70.668,18.669],[-70.668,18.668],[-70.667,18.668],[-70.666,18.667],[-70.665,18.665],[-70.665,18.661],[-70.664,18.66],[-70.664,18.657],[-70.663,18.657],[-70.663,18.655],[-70.662,18.655],[-70.662,18.651],[-70.663,18.651],[-70.663,18.65],[-70.664,18.65],[-70.663,18.649],[-70.663,18.647],[-70.662,18.647],[-70.662,18.646],[-70.663,18.646],[-70.663,18.645],[-70.664,18.644],[-70.664,18.643],[-70.663,18.643],[-70.663,18.64],[-70.662,18.64],[-70.663,18.639],[-70.662,18.638],[-70.662,18.635],[-70.661,18.634],[-70.661,18.633],[-70.66,18.633],[-70.661,18.632],[-70.661,18.63],[-70.662,18.63],[-70.662,18.621],[-70.663,18.621],[-70.663,18.62],[-70.664,18.62],[-70.664,18.619],[-70.665,18.619],[-70.665,18.617],[-70.666,18.617],[-70.666,18.616],[-70.667,18.616],[-70.668,18.615],[-70.669,18.614],[-70.669,18.611],[-70.67,18.611],[-70.67,18.608],[-70.669,18.608],[-70.669,18.607],[-70.668,18.607],[-70.668,18.605],[-70.67,18.605],[-70.67,18.603],[-70.671,18.603],[-70.671,18.602],[-70.672,18.602],[-70.672,18.601],[-70.673,18.601],[-70.673,18.6],[-70.674,18.6],[-70.674,18.598],[-70.673,18.597],[-70.672,18.596],[-70.672,18.593],[-70.669,18.593],[-70.669,18.591],[-70.667,18.591],[-70.667,18.59],[-70.666,18.59],[-70.666,18.589],[-70.663,18.589],[-70.663,18.587],[-70.662,18.586],[-70.663,18.586],[-70.663,18.585],[-70.659,18.585],[-70.659,18.583],[-70.658,18.583],[-70.657,18.582],[-70.655,18.582],[-70.655,18.581],[-70.651,18.581],[-70.651,18.58],[-70.649,18.58],[-70.649,18.579],[-70.648,18.579],[-70.648,18.578],[-70.647,18.577],[-70.646,18.577],[-70.646,18.576],[-70.645,18.576],[-70.645,18.575],[-70.642,18.575],[-70.642,18.576],[-70.64,18.576],[-70.64,18.574],[-70.639,18.573],[-70.638,18.573],[-70.637,18.572],[-70.637,18.571],[-70.636,18.57],[-70.635,18.57],[-70.635,18.569],[-70.634,18.569],[-70.634,18.568],[-70.633,18.568],[-70.633,18.567],[-70.631,18.567],[-70.631,18.566],[-70.629,18.566],[-70.629,18.563],[-70.628,18.562],[-70.627,18.562],[-70.627,18.561],[-70.626,18.56],[-70.626,18.559],[-70.625,18.559],[-70.625,18.558],[-70.626,18.558],[-70.626,18.555],[-70.627,18.554],[-70.627,18.552],[-70.628,18.551],[-70.627,18.551],[-70.627,18.55],[-70.625,18.55],[-70.625,18.548],[-70.624,18.548],[-70.624,18.546],[-70.623,18.546],[-70.623,18.547],[-70.622,18.547],[-70.622,18.548],[-70.619,18.548],[-70.619,18.545],[-70.618,18.545],[-70.618,18.544],[-70.617,18.543],[-70.617,18.54],[-70.616,18.54],[-70.616,18.539],[-70.615,18.539],[-70.615,18.538],[-70.614,18.538],[-70.614,18.535],[-70.613,18.535],[-70.613,18.533],[-70.612,18.533],[-70.612,18.532],[-70.611,18.532],[-70.611,18.531],[-70.61,18.531],[-70.61,18.53],[-70.608,18.53],[-70.608,18.531],[-70.606,18.531],[-70.606,18.532],[-70.604,18.532],[-70.604,18.533],[-70.602,18.533],[-70.602,18.534],[-70.599,18.534],[-70.597,18.536],[-70.593,18.536],[-70.593,18.535],[-70.592,18.535],[-70.592,18.534],[-70.59,18.534],[-70.59,18.533],[-70.588,18.533],[-70.588,18.532],[-70.585,18.532],[-70.585,18.531],[-70.586,18.531],[-70.586,18.528],[-70.585,18.528],[-70.585,18.526],[-70.587,18.526],[-70.587,18.525],[-70.585,18.525],[-70.585,18.524],[-70.584,18.524],[-70.584,18.522],[-70.582,18.522],[-70.581,18.523],[-70.579,18.523],[-70.578,18.522],[-70.578,18.523],[-70.574,18.523],[-70.573,18.524],[-70.57,18.524],[-70.57,18.523],[-70.568,18.523],[-70.568,18.522],[-70.567,18.522],[-70.567,18.521],[-70.566,18.522],[-70.565,18.522],[-70.565,18.521],[-70.561,18.521],[-70.561,18.519],[-70.56,18.519],[-70.56,18.516],[-70.559,18.516],[-70.559,18.515],[-70.558,18.514],[-70.558,18.513],[-70.556,18.513],[-70.555,18.512],[-70.555,18.516],[-70.554,18.517],[-70.554,18.518],[-70.551,18.518],[-70.551,18.517],[-70.552,18.517],[-70.552,18.515],[-70.549,18.515],[-70.549,18.513],[-70.548,18.513],[-70.548,18.511],[-70.547,18.51],[-70.547,18.509],[-70.546,18.508],[-70.546,18.507],[-70.543,18.507],[-70.543,18.504],[-70.541,18.504],[-70.541,18.503],[-70.538,18.503],[-70.538,18.502],[-70.537,18.502],[-70.537,18.499],[-70.536,18.499],[-70.536,18.498],[-70.535,18.498],[-70.535,18.497],[-70.534,18.497],[-70.533,18.498],[-70.532,18.498],[-70.532,18.497],[-70.531,18.497],[-70.531,18.496],[-70.53,18.497],[-70.53,18.498],[-70.529,18.498],[-70.529,18.5],[-70.527,18.5],[-70.527,18.498],[-70.526,18.498],[-70.527,18.497],[-70.527,18.495],[-70.526,18.495],[-70.526,18.494],[-70.517,18.494],[-70.516,18.495],[-70.515,18.495],[-70.515,18.496],[-70.513,18.496],[-70.513,18.495],[-70.512,18.495],[-70.512,18.494],[-70.511,18.494],[-70.511,18.493],[-70.507,18.493],[-70.507,18.492],[-70.506,18.492],[-70.506,18.491],[-70.505,18.491],[-70.505,18.49],[-70.506,18.489],[-70.507,18.488],[-70.506,18.487],[-70.506,18.484],[-70.512,18.484],[-70.512,18.478],[-70.513,18.478],[-70.513,18.474],[-70.512,18.474],[-70.512,18.472],[-70.511,18.472],[-70.511,18.473],[-70.51,18.473],[-70.51,18.474],[-70.509,18.474],[-70.509,18.473],[-70.508,18.473],[-70.508,18.47],[-70.507,18.47],[-70.507,18.469],[-70.506,18.469],[-70.506,18.468],[-70.504,18.468],[-70.504,18.469],[-70.503,18.47],[-70.502,18.47],[-70.502,18.469],[-70.501,18.469],[-70.501,18.467],[-70.502,18.467],[-70.502,18.462],[-70.501,18.462],[-70.501,18.461],[-70.502,18.46],[-70.502,18.459],[-70.503,18.459],[-70.503,18.457],[-70.502,18.457],[-70.502,18.456],[-70.501,18.456],[-70.501,18.455],[-70.498,18.455],[-70.498,18.454],[-70.497,18.454],[-70.497,18.453],[-70.496,18.453],[-70.496,18.452],[-70.497,18.452],[-70.497,18.45],[-70.498,18.45],[-70.498,18.449],[-70.499,18.449],[-70.499,18.448],[-70.498,18.447],[-70.495,18.447],[-70.495,18.445],[-70.494,18.445],[-70.494,18.444],[-70.495,18.444],[-70.495,18.442],[-70.496,18.442],[-70.496,18.437],[-70.497,18.437],[-70.497,18.429],[-70.496,18.429],[-70.495,18.428],[-70.493,18.426],[-70.491,18.426],[-70.489,18.425],[-70.489,18.424],[-70.486,18.423],[-70.484,18.423],[-70.482,18.422],[-70.481,18.422],[-70.48,18.421],[-70.479,18.421],[-70.478,18.42],[-70.478,18.425],[-70.477,18.425],[-70.477,18.427],[-70.476,18.428],[-70.477,18.428],[-70.477,18.429],[-70.476,18.429],[-70.476,18.43],[-70.475,18.43],[-70.475,18.433],[-70.474,18.433],[-70.474,18.435],[-70.473,18.435],[-70.473,18.437],[-70.472,18.437],[-70.472,18.438],[-70.471,18.438],[-70.47,18.439],[-70.47,18.442],[-70.469,18.442],[-70.469,18.444],[-70.468,18.444],[-70.469,18.445],[-70.469,18.447],[-70.471,18.447],[-70.471,18.448],[-70.47,18.448],[-70.47,18.451],[-70.469,18.451],[-70.468,18.452],[-70.468,18.453],[-70.466,18.453],[-70.466,18.452],[-70.465,18.452],[-70.465,18.454],[-70.464,18.454],[-70.463,18.455],[-70.46,18.455],[-70.46,18.456],[-70.457,18.456],[-70.457,18.455],[-70.456,18.455],[-70.456,18.454],[-70.451,18.454],[-70.451,18.457],[-70.45,18.457],[-70.449,18.456],[-70.448,18.456],[-70.448,18.457],[-70.446,18.457],[-70.446,18.458],[-70.445,18.458],[-70.445,18.456],[-70.444,18.456],[-70.444,18.455],[-70.441,18.455],[-70.441,18.457],[-70.44,18.457],[-70.44,18.459],[-70.438,18.459],[-70.438,18.46],[-70.437,18.461],[-70.437,18.462],[-70.436,18.462],[-70.435,18.463],[-70.433,18.464],[-70.432,18.464],[-70.432,18.465],[-70.43,18.465],[-70.43,18.467],[-70.429,18.468],[-70.428,18.467],[-70.427,18.466],[-70.426,18.466],[-70.425,18.467],[-70.422,18.467],[-70.422,18.466],[-70.421,18.466],[-70.417,18.467],[-70.417,18.468],[-70.415,18.468],[-70.413,18.469],[-70.404,18.472],[-70.4,18.472],[-70.399,18.473],[-70.397,18.473],[-70.397,18.474],[-70.396,18.475],[-70.396,18.476],[-70.395,18.476],[-70.395,18.477],[-70.394,18.477],[-70.394,18.478],[-70.391,18.478],[-70.39,18.479],[-70.389,18.48],[-70.387,18.479],[-70.387,18.478],[-70.386,18.478],[-70.385,18.479],[-70.383,18.479],[-70.383,18.48],[-70.382,18.48],[-70.381,18.481],[-70.38,18.481],[-70.379,18.482],[-70.379,18.483],[-70.374,18.483],[-70.374,18.486],[-70.372,18.486],[-70.372,18.487],[-70.371,18.487],[-70.371,18.488],[-70.372,18.488],[-70.372,18.489],[-70.373,18.489],[-70.373,18.49],[-70.372,18.49],[-70.372,18.491],[-70.371,18.491],[-70.371,18.492],[-70.37,18.493],[-70.371,18.493],[-70.37,18.494],[-70.369,18.495],[-70.368,18.496],[-70.368,18.497],[-70.365,18.497],[-70.365,18.498],[-70.364,18.499],[-70.363,18.499],[-70.362,18.5],[-70.361,18.5],[-70.361,18.503],[-70.358,18.503],[-70.357,18.504],[-70.357,18.506],[-70.358,18.507],[-70.356,18.507],[-70.355,18.508],[-70.355,18.507],[-70.352,18.507],[-70.351,18.508],[-70.351,18.509],[-70.35,18.509],[-70.349,18.51],[-70.349,18.511],[-70.354,18.511],[-70.354,18.513],[-70.353,18.513],[-70.352,18.514],[-70.352,18.516],[-70.353,18.517],[-70.354,18.517],[-70.354,18.52],[-70.358,18.52],[-70.358,18.522],[-70.356,18.522],[-70.356,18.523],[-70.355,18.523],[-70.355,18.524],[-70.358,18.524],[-70.359,18.525],[-70.361,18.525],[-70.361,18.526],[-70.362,18.526],[-70.362,18.527],[-70.36,18.527],[-70.36,18.529],[-70.361,18.53],[-70.362,18.53],[-70.364,18.528],[-70.365,18.528],[-70.365,18.53],[-70.364,18.531],[-70.364,18.532],[-70.37,18.532],[-70.371,18.533],[-70.371,18.536],[-70.372,18.537],[-70.375,18.537],[-70.376,18.538],[-70.376,18.539],[-70.377,18.54],[-70.378,18.541],[-70.377,18.541],[-70.377,18.542],[-70.373,18.542],[-70.373,18.544],[-70.374,18.544],[-70.374,18.545],[-70.375,18.545],[-70.376,18.546],[-70.377,18.546],[-70.378,18.547],[-70.379,18.548],[-70.38,18.548],[-70.38,18.55],[-70.379,18.551],[-70.38,18.552],[-70.381,18.552],[-70.382,18.553],[-70.382,18.556],[-70.381,18.557],[-70.38,18.558],[-70.38,18.559],[-70.378,18.559],[-70.378,18.558],[-70.377,18.557],[-70.376,18.557],[-70.376,18.559],[-70.373,18.559],[-70.372,18.561],[-70.371,18.561],[-70.371,18.562],[-70.37,18.562],[-70.369,18.563],[-70.37,18.564],[-70.373,18.564],[-70.373,18.565],[-70.374,18.565],[-70.374,18.566],[-70.376,18.566],[-70.376,18.567],[-70.377,18.567],[-70.377,18.569],[-70.376,18.569],[-70.376,18.568],[-70.374,18.568],[-70.374,18.572],[-70.372,18.572],[-70.372,18.571],[-70.37,18.571],[-70.37,18.573],[-70.369,18.574],[-70.368,18.574],[-70.367,18.575],[-70.367,18.578],[-70.366,18.578],[-70.367,18.579],[-70.367,18.58],[-70.366,18.58],[-70.365,18.581],[-70.366,18.581],[-70.366,18.582],[-70.367,18.582],[-70.367,18.581],[-70.368,18.581],[-70.368,18.582],[-70.367,18.583],[-70.365,18.585],[-70.366,18.586],[-70.367,18.586],[-70.367,18.585],[-70.37,18.585],[-70.37,18.586],[-70.369,18.587],[-70.369,18.588],[-70.368,18.588],[-70.368,18.589],[-70.369,18.589],[-70.369,18.59],[-70.37,18.591],[-70.37,18.592],[-70.368,18.592],[-70.367,18.591],[-70.367,18.59],[-70.366,18.59],[-70.365,18.591],[-70.365,18.593],[-70.366,18.593],[-70.366,18.594],[-70.367,18.594],[-70.367,18.595],[-70.369,18.595],[-70.369,18.596],[-70.366,18.596],[-70.366,18.598],[-70.367,18.598],[-70.367,18.599],[-70.365,18.599],[-70.365,18.601],[-70.366,18.601],[-70.366,18.605],[-70.365,18.605],[-70.364,18.604],[-70.362,18.604],[-70.362,18.605],[-70.361,18.605],[-70.361,18.606],[-70.359,18.606],[-70.359,18.61],[-70.362,18.61],[-70.363,18.609],[-70.365,18.609],[-70.365,18.61],[-70.364,18.611],[-70.363,18.611],[-70.363,18.613],[-70.364,18.613],[-70.364,18.614],[-70.365,18.614],[-70.365,18.615],[-70.366,18.615],[-70.365,18.616],[-70.363,18.616],[-70.363,18.617],[-70.365,18.617],[-70.365,18.619],[-70.364,18.619],[-70.364,18.622],[-70.365,18.622],[-70.365,18.623],[-70.368,18.623],[-70.369,18.624],[-70.369,18.627],[-70.37,18.627],[-70.37,18.628],[-70.369,18.628],[-70.369,18.629],[-70.367,18.629],[-70.367,18.632],[-70.369,18.632],[-70.369,18.631],[-70.37,18.631],[-70.371,18.63],[-70.371,18.629],[-70.372,18.629],[-70.372,18.631],[-70.371,18.632],[-70.371,18.633],[-70.372,18.633],[-70.372,18.632],[-70.374,18.632],[-70.374,18.633],[-70.373,18.634],[-70.372,18.634],[-70.372,18.635],[-70.374,18.635],[-70.375,18.636],[-70.376,18.636],[-70.375,18.637],[-70.374,18.637],[-70.374,18.638],[-70.375,18.638],[-70.375,18.639],[-70.374,18.639],[-70.373,18.64],[-70.374,18.64],[-70.375,18.641],[-70.376,18.641],[-70.377,18.642],[-70.378,18.643],[-70.378,18.644],[-70.377,18.644],[-70.377,18.645],[-70.376,18.645],[-70.376,18.646],[-70.375,18.647],[-70.376,18.647],[-70.376,18.648],[-70.377,18.649],[-70.377,18.65],[-70.376,18.65],[-70.376,18.651],[-70.375,18.651],[-70.375,18.656],[-70.376,18.657],[-70.376,18.659],[-70.375,18.659],[-70.374,18.66],[-70.373,18.661],[-70.372,18.662],[-70.372,18.663],[-70.37,18.663],[-70.37,18.664],[-70.368,18.664],[-70.368,18.665],[-70.367,18.665],[-70.366,18.666],[-70.366,18.667],[-70.367,18.668],[-70.366,18.669],[-70.366,18.67],[-70.367,18.67],[-70.367,18.671],[-70.368,18.671],[-70.368,18.672],[-70.367,18.672],[-70.367,18.673],[-70.366,18.673],[-70.366,18.672],[-70.365,18.672],[-70.365,18.671],[-70.363,18.671],[-70.363,18.676],[-70.362,18.677],[-70.362,18.679],[-70.361,18.679],[-70.361,18.681],[-70.359,18.681],[-70.358,18.682],[-70.358,18.684],[-70.359,18.684],[-70.359,18.685],[-70.361,18.685],[-70.361,18.688],[-70.36,18.688],[-70.361,18.689],[-70.361,18.692],[-70.36,18.692],[-70.359,18.693],[-70.358,18.693],[-70.358,18.695],[-70.359,18.696],[-70.359,18.699],[-70.36,18.7],[-70.359,18.7],[-70.359,18.703],[-70.358,18.703],[-70.358,18.707],[-70.359,18.707],[-70.359,18.708],[-70.358,18.709],[-70.357,18.709],[-70.357,18.71],[-70.356,18.711],[-70.356,18.712],[-70.355,18.712],[-70.355,18.713],[-70.354,18.713],[-70.353,18.714],[-70.353,18.715],[-70.352,18.717],[-70.351,18.718],[-70.349,18.72],[-70.349,18.721],[-70.347,18.724],[-70.346,18.724],[-70.345,18.725],[-70.345,18.727],[-70.348,18.727],[-70.35,18.728],[-70.352,18.728],[-70.355,18.729],[-70.359,18.729],[-70.362,18.73],[-70.364,18.731],[-70.369,18.731],[-70.371,18.732],[-70.372,18.733],[-70.374,18.733],[-70.375,18.734],[-70.378,18.734],[-70.379,18.735],[-70.38,18.736],[-70.38,18.738],[-70.381,18.739],[-70.381,18.74],[-70.382,18.74],[-70.382,18.741],[-70.383,18.742],[-70.384,18.743],[-70.385,18.743],[-70.386,18.744],[-70.387,18.744],[-70.388,18.745],[-70.389,18.746],[-70.389,18.749],[-70.388,18.75],[-70.389,18.75],[-70.389,18.751],[-70.391,18.751],[-70.392,18.752],[-70.393,18.752],[-70.394,18.753],[-70.396,18.753],[-70.396,18.754],[-70.397,18.754],[-70.397,18.755],[-70.398,18.756],[-70.4,18.755],[-70.403,18.755],[-70.405,18.754],[-70.408,18.754],[-70.408,18.755],[-70.409,18.755],[-70.409,18.761],[-70.41,18.761],[-70.41,18.762],[-70.412,18.762],[-70.413,18.761],[-70.415,18.761],[-70.415,18.76],[-70.416,18.76],[-70.417,18.759],[-70.419,18.757],[-70.419,18.756],[-70.421,18.756],[-70.424,18.755],[-70.426,18.754],[-70.432,18.754],[-70.434,18.755],[-70.434,18.756],[-70.435,18.756],[-70.436,18.757],[-70.436,18.758],[-70.437,18.759],[-70.437,18.76],[-70.438,18.76],[-70.439,18.761],[-70.439,18.762],[-70.44,18.762],[-70.441,18.763],[-70.442,18.764],[-70.445,18.764],[-70.446,18.765],[-70.447,18.765],[-70.448,18.763],[-70.448,18.762],[-70.449,18.761],[-70.449,18.76],[-70.451,18.759],[-70.452,18.758],[-70.453,18.757],[-70.454,18.757],[-70.456,18.756],[-70.456,18.75],[-70.455,18.749],[-70.456,18.748],[-70.457,18.747],[-70.457,18.746],[-70.456,18.745],[-70.456,18.744],[-70.457,18.743],[-70.457,18.742],[-70.461,18.742],[-70.465,18.743],[-70.467,18.743],[-70.469,18.744],[-70.472,18.745],[-70.474,18.745],[-70.475,18.746],[-70.477,18.747],[-70.479,18.747],[-70.48,18.748],[-70.481,18.749],[-70.481,18.75],[-70.482,18.751],[-70.482,18.753],[-70.483,18.754],[-70.484,18.755],[-70.484,18.756],[-70.485,18.757],[-70.485,18.759],[-70.486,18.76],[-70.487,18.761],[-70.488,18.762],[-70.49,18.764],[-70.492,18.765],[-70.493,18.765],[-70.494,18.766],[-70.495,18.767],[-70.496,18.768],[-70.498,18.769],[-70.499,18.77],[-70.501,18.771],[-70.501,18.772],[-70.502,18.772],[-70.502,18.773],[-70.503,18.773],[-70.503,18.774],[-70.504,18.775],[-70.505,18.777],[-70.506,18.778],[-70.507,18.779],[-70.508,18.78],[-70.508,18.781],[-70.509,18.781],[-70.509,18.782],[-70.51,18.783],[-70.511,18.785],[-70.512,18.786],[-70.513,18.788],[-70.514,18.789],[-70.514,18.791],[-70.515,18.792],[-70.515,18.793],[-70.516,18.794],[-70.519,18.794],[-70.519,18.795],[-70.522,18.795],[-70.523,18.794],[-70.525,18.794],[-70.526,18.793],[-70.529,18.793],[-70.53,18.794],[-70.531,18.794],[-70.532,18.795],[-70.533,18.795],[-70.534,18.796],[-70.538,18.796],[-70.539,18.797],[-70.543,18.797],[-70.544,18.796],[-70.545,18.796],[-70.545,18.793],[-70.544,18.793],[-70.543,18.792],[-70.541,18.79],[-70.541,18.788],[-70.54,18.787],[-70.54,18.786],[-70.539,18.786],[-70.539,18.784],[-70.538,18.784],[-70.539,18.783],[-70.539,18.781],[-70.54,18.781],[-70.54,18.779],[-70.538,18.779],[-70.538,18.772],[-70.536,18.772],[-70.536,18.771],[-70.534,18.771],[-70.534,18.767],[-70.533,18.767],[-70.533,18.766],[-70.532,18.766],[-70.532,18.765],[-70.533,18.765],[-70.533,18.763],[-70.532,18.763],[-70.532,18.762],[-70.531,18.762],[-70.531,18.759],[-70.533,18.759],[-70.533,18.756],[-70.535,18.756],[-70.536,18.755],[-70.537,18.755],[-70.537,18.756],[-70.538,18.756],[-70.538,18.755],[-70.539,18.755],[-70.539,18.754],[-70.54,18.754],[-70.54,18.756],[-70.542,18.756],[-70.542,18.753],[-70.543,18.753],[-70.543,18.752],[-70.545,18.752],[-70.545,18.751],[-70.546,18.751],[-70.546,18.752],[-70.547,18.752],[-70.547,18.751],[-70.55,18.751],[-70.551,18.75],[-70.552,18.75],[-70.553,18.749],[-70.553,18.747],[-70.554,18.747],[-70.554,18.745],[-70.555,18.744],[-70.555,18.743],[-70.556,18.743],[-70.556,18.74],[-70.557,18.74],[-70.557,18.741],[-70.56,18.741],[-70.56,18.74],[-70.561,18.74],[-70.562,18.739],[-70.563,18.738],[-70.563,18.733],[-70.562,18.732],[-70.561,18.731],[-70.56,18.73],[-70.56,18.726],[-70.561,18.725],[-70.561,18.724],[-70.562,18.723],[-70.563,18.724],[-70.564,18.724],[-70.565,18.725],[-70.566,18.725],[-70.566,18.723],[-70.567,18.722],[-70.568,18.722],[-70.568,18.723],[-70.57,18.723],[-70.57,18.724],[-70.571,18.724],[-70.571,18.725],[-70.575,18.725],[-70.575,18.724],[-70.578,18.724],[-70.578,18.723],[-70.579,18.723],[-70.579,18.722],[-70.58,18.722],[-70.58,18.72],[-70.581,18.72],[-70.581,18.719],[-70.582,18.719],[-70.582,18.718],[-70.584,18.718],[-70.584,18.717],[-70.585,18.717],[-70.585,18.715],[-70.586,18.715],[-70.586,18.714],[-70.585,18.714],[-70.585,18.713],[-70.586,18.713],[-70.587,18.712],[-70.588,18.712],[-70.588,18.71],[-70.589,18.71],[-70.589,18.711],[-70.591,18.711],[-70.591,18.71],[-70.596,18.71],[-70.597,18.709],[-70.598,18.709],[-70.598,18.708],[-70.596,18.706],[-70.595,18.705],[-70.593,18.702],[-70.591,18.697],[-70.59,18.695],[-70.589,18.694],[-70.589,18.689],[-70.59,18.688],[-70.596,18.688],[-70.597,18.687],[-70.598,18.686],[-70.608,18.686],[-70.61,18.685],[-70.612,18.684],[-70.617,18.684],[-70.619,18.685],[-70.622,18.686],[-70.625,18.686],[-70.627,18.687],[-70.629,18.687],[-70.629,18.69],[-70.63,18.69],[-70.63,18.691],[-70.631,18.69],[-70.635,18.69],[-70.636,18.691],[-70.636,18.692],[-70.64,18.692],[-70.64,18.694],[-70.642,18.694],[-70.642,18.693],[-70.645,18.693],[-70.645,18.694],[-70.646,18.694],[-70.646,18.692],[-70.651,18.692],[-70.651,18.691],[-70.652,18.691],[-70.652,18.69],[-70.656,18.69],[-70.656,18.689],[-70.657,18.689],[-70.657,18.69],[-70.658,18.691],[-70.66,18.691],[-70.66,18.69],[-70.661,18.689],[-70.662,18.689],[-70.662,18.688],[-70.664,18.688],[-70.664,18.687],[-70.667,18.687],[-70.667,18.689],[-70.67,18.689],[-70.67,18.687],[-70.672,18.687],[-70.673,18.686],[-70.676,18.686],[-70.676,18.687],[-70.679,18.687],[-70.679,18.688],[-70.681,18.688],[-70.681,18.687],[-70.683,18.687],[-70.684,18.686],[-70.684,18.685]]],[[[-70.499,18.453],[-70.498,18.453],[-70.498,18.454],[-70.499,18.454],[-70.499,18.453]]]]}},{"type":"Feature","properties":{"shapeName":"La Vega","provinceKey":"lavega","shapeType":"ADM1"},"geometry":{"type":"MultiPolygon","coordinates":[[[[-70.958,19.046],[-70.956,19.043],[-70.953,19.041],[-70.95,19.04],[-70.947,19.039],[-70.944,19.038],[-70.941,19.038],[-70.939,19.037],[-70.938,19.037],[-70.936,19.035],[-70.935,19.034],[-70.935,19.032],[-70.932,19.032],[-70.929,19.031],[-70.928,19.03],[-70.924,19.03],[-70.923,19.029],[-70.919,19.027],[-70.918,19.027],[-70.917,19.026],[-70.913,19.026],[-70.912,19.025],[-70.911,19.024],[-70.911,19.023],[-70.91,19.022],[-70.909,19.021],[-70.908,19.019],[-70.907,19.019],[-70.906,19.018],[-70.905,19.017],[-70.905,19.015],[-70.904,19.014],[-70.904,19.013],[-70.902,19.013],[-70.9,19.011],[-70.899,19.01],[-70.898,19.009],[-70.897,19.009],[-70.896,19.008],[-70.895,19.008],[-70.894,19.007],[-70.893,19.005],[-70.893,19.001],[-70.892,19],[-70.891,18.998],[-70.89,18.997],[-70.89,18.996],[-70.891,18.995],[-70.891,18.993],[-70.89,18.993],[-70.889,18.992],[-70.888,18.992],[-70.887,18.993],[-70.887,18.994],[-70.886,18.995],[-70.885,18.995],[-70.883,18.996],[-70.879,18.996],[-70.879,18.997],[-70.878,18.997],[-70.877,18.999],[-70.876,19],[-70.875,19],[-70.875,19.001],[-70.873,19.002],[-70.87,19.004],[-70.86,19.004],[-70.858,19.003],[-70.853,19.003],[-70.852,19.001],[-70.852,18.998],[-70.851,18.998],[-70.851,18.997],[-70.85,18.996],[-70.849,18.995],[-70.848,18.995],[-70.848,18.994],[-70.846,18.994],[-70.846,18.993],[-70.845,18.993],[-70.845,18.992],[-70.843,18.993],[-70.843,18.992],[-70.842,18.992],[-70.842,18.991],[-70.84,18.991],[-70.84,18.99],[-70.839,18.99],[-70.839,18.988],[-70.838,18.988],[-70.838,18.987],[-70.839,18.987],[-70.839,18.986],[-70.84,18.986],[-70.84,18.985],[-70.839,18.985],[-70.839,18.984],[-70.84,18.984],[-70.84,18.983],[-70.841,18.983],[-70.841,18.982],[-70.842,18.982],[-70.843,18.983],[-70.843,18.982],[-70.844,18.982],[-70.844,18.981],[-70.843,18.98],[-70.843,18.979],[-70.844,18.979],[-70.844,18.975],[-70.845,18.975],[-70.845,18.973],[-70.846,18.973],[-70.846,18.972],[-70.845,18.972],[-70.845,18.97],[-70.847,18.97],[-70.847,18.967],[-70.844,18.967],[-70.844,18.966],[-70.843,18.966],[-70.843,18.965],[-70.844,18.965],[-70.844,18.963],[-70.843,18.963],[-70.843,18.961],[-70.844,18.96],[-70.844,18.957],[-70.842,18.957],[-70.842,18.954],[-70.84,18.954],[-70.84,18.953],[-70.839,18.953],[-70.839,18.954],[-70.837,18.954],[-70.837,18.953],[-70.835,18.953],[-70.835,18.952],[-70.833,18.952],[-70.833,18.951],[-70.834,18.95],[-70.833,18.95],[-70.833,18.948],[-70.832,18.948],[-70.832,18.942],[-70.831,18.942],[-70.831,18.94],[-70.83,18.94],[-70.83,18.939],[-70.829,18.939],[-70.829,18.938],[-70.828,18.938],[-70.828,18.939],[-70.826,18.939],[-70.826,18.934],[-70.827,18.934],[-70.827,18.933],[-70.829,18.933],[-70.829,18.931],[-70.83,18.931],[-70.83,18.928],[-70.831,18.928],[-70.831,18.929],[-70.832,18.929],[-70.832,18.93],[-70.835,18.93],[-70.835,18.931],[-70.836,18.932],[-70.836,18.931],[-70.837,18.931],[-70.837,18.93],[-70.836,18.929],[-70.837,18.928],[-70.838,18.928],[-70.838,18.929],[-70.839,18.929],[-70.839,18.928],[-70.84,18.928],[-70.841,18.927],[-70.84,18.927],[-70.84,18.926],[-70.839,18.925],[-70.839,18.922],[-70.838,18.921],[-70.838,18.92],[-70.837,18.92],[-70.837,18.919],[-70.838,18.918],[-70.838,18.913],[-70.84,18.913],[-70.84,18.91],[-70.839,18.91],[-70.839,18.908],[-70.838,18.908],[-70.838,18.906],[-70.84,18.904],[-70.839,18.904],[-70.839,18.903],[-70.838,18.903],[-70.838,18.9],[-70.84,18.9],[-70.84,18.895],[-70.839,18.895],[-70.839,18.893],[-70.838,18.891],[-70.838,18.89],[-70.837,18.888],[-70.837,18.883],[-70.836,18.882],[-70.835,18.88],[-70.834,18.879],[-70.832,18.877],[-70.831,18.877],[-70.83,18.876],[-70.829,18.875],[-70.828,18.874],[-70.827,18.873],[-70.827,18.87],[-70.826,18.87],[-70.826,18.869],[-70.825,18.868],[-70.825,18.867],[-70.824,18.866],[-70.823,18.866],[-70.823,18.864],[-70.822,18.863],[-70.822,18.861],[-70.821,18.861],[-70.821,18.854],[-70.82,18.853],[-70.821,18.852],[-70.821,18.851],[-70.822,18.851],[-70.823,18.85],[-70.824,18.849],[-70.823,18.848],[-70.823,18.847],[-70.822,18.846],[-70.821,18.846],[-70.82,18.845],[-70.819,18.844],[-70.818,18.842],[-70.817,18.841],[-70.815,18.839],[-70.813,18.839],[-70.812,18.838],[-70.811,18.837],[-70.81,18.837],[-70.809,18.836],[-70.807,18.836],[-70.806,18.835],[-70.799,18.835],[-70.799,18.834],[-70.798,18.833],[-70.796,18.833],[-70.796,18.832],[-70.795,18.832],[-70.793,18.831],[-70.791,18.83],[-70.789,18.83],[-70.785,18.829],[-70.783,18.827],[-70.782,18.826],[-70.782,18.825],[-70.781,18.823],[-70.781,18.822],[-70.78,18.82],[-70.78,18.818],[-70.779,18.818],[-70.779,18.817],[-70.778,18.816],[-70.778,18.815],[-70.777,18.814],[-70.777,18.812],[-70.776,18.812],[-70.776,18.811],[-70.775,18.81],[-70.774,18.808],[-70.772,18.807],[-70.771,18.806],[-70.771,18.804],[-70.77,18.803],[-70.768,18.799],[-70.768,18.796],[-70.767,18.795],[-70.767,18.793],[-70.766,18.793],[-70.766,18.791],[-70.765,18.79],[-70.765,18.789],[-70.764,18.788],[-70.764,18.787],[-70.763,18.785],[-70.762,18.784],[-70.762,18.783],[-70.761,18.782],[-70.76,18.782],[-70.759,18.781],[-70.758,18.781],[-70.758,18.78],[-70.757,18.779],[-70.756,18.777],[-70.755,18.774],[-70.753,18.772],[-70.751,18.77],[-70.749,18.768],[-70.748,18.768],[-70.748,18.769],[-70.746,18.771],[-70.743,18.771],[-70.742,18.772],[-70.741,18.773],[-70.74,18.773],[-70.739,18.774],[-70.732,18.774],[-70.731,18.775],[-70.73,18.774],[-70.728,18.772],[-70.727,18.772],[-70.727,18.773],[-70.726,18.773],[-70.726,18.774],[-70.725,18.774],[-70.724,18.775],[-70.721,18.775],[-70.721,18.774],[-70.718,18.774],[-70.718,18.775],[-70.716,18.775],[-70.715,18.774],[-70.709,18.774],[-70.709,18.773],[-70.708,18.772],[-70.707,18.771],[-70.705,18.771],[-70.705,18.772],[-70.703,18.772],[-70.701,18.774],[-70.7,18.775],[-70.699,18.776],[-70.698,18.775],[-70.697,18.774],[-70.696,18.772],[-70.696,18.769],[-70.695,18.768],[-70.693,18.768],[-70.692,18.767],[-70.692,18.763],[-70.69,18.762],[-70.687,18.761],[-70.684,18.76],[-70.683,18.759],[-70.683,18.754],[-70.682,18.753],[-70.682,18.75],[-70.683,18.749],[-70.683,18.747],[-70.684,18.746],[-70.685,18.745],[-70.685,18.743],[-70.684,18.743],[-70.684,18.74],[-70.685,18.739],[-70.686,18.739],[-70.687,18.738],[-70.688,18.737],[-70.688,18.734],[-70.687,18.733],[-70.687,18.732],[-70.686,18.731],[-70.686,18.73],[-70.685,18.729],[-70.684,18.727],[-70.683,18.726],[-70.682,18.725],[-70.682,18.72],[-70.681,18.719],[-70.68,18.718],[-70.68,18.717],[-70.679,18.717],[-70.679,18.716],[-70.678,18.716],[-70.678,18.712],[-70.679,18.712],[-70.679,18.711],[-70.68,18.71],[-70.68,18.709],[-70.681,18.709],[-70.681,18.708],[-70.682,18.707],[-70.683,18.707],[-70.683,18.706],[-70.686,18.706],[-70.687,18.705],[-70.687,18.703],[-70.688,18.703],[-70.688,18.702],[-70.687,18.702],[-70.687,18.7],[-70.688,18.7],[-70.688,18.699],[-70.689,18.699],[-70.689,18.698],[-70.688,18.698],[-70.688,18.697],[-70.689,18.697],[-70.689,18.696],[-70.69,18.696],[-70.69,18.695],[-70.691,18.695],[-70.691,18.694],[-70.692,18.694],[-70.692,18.691],[-70.693,18.691],[-70.693,18.69],[-70.694,18.69],[-70.694,18.688],[-70.695,18.688],[-70.695,18.686],[-70.696,18.686],[-70.696,18.685],[-70.693,18.685],[-70.693,18.686],[-70.691,18.686],[-70.691,18.685],[-70.688,18.685],[-70.688,18.684],[-70.686,18.684],[-70.686,18.685],[-70.685,18.685],[-70.685,18.686],[-70.684,18.686],[-70.683,18.687],[-70.681,18.687],[-70.681,18.688],[-70.679,18.688],[-70.679,18.687],[-70.676,18.687],[-70.676,18.686],[-70.673,18.686],[-70.672,18.687],[-70.67,18.687],[-70.67,18.689],[-70.667,18.689],[-70.667,18.687],[-70.664,18.687],[-70.664,18.688],[-70.662,18.688],[-70.662,18.689],[-70.661,18.689],[-70.66,18.69],[-70.66,18.691],[-70.658,18.691],[-70.657,18.69],[-70.657,18.689],[-70.656,18.689],[-70.656,18.69],[-70.652,18.69],[-70.652,18.691],[-70.651,18.691],[-70.651,18.692],[-70.646,18.692],[-70.646,18.694],[-70.645,18.694],[-70.645,18.693],[-70.642,18.693],[-70.642,18.694],[-70.64,18.694],[-70.64,18.692],[-70.636,18.692],[-70.636,18.691],[-70.635,18.69],[-70.631,18.69],[-70.63,18.691],[-70.63,18.69],[-70.629,18.69],[-70.629,18.687],[-70.627,18.687],[-70.625,18.686],[-70.622,18.686],[-70.619,18.685],[-70.617,18.684],[-70.612,18.684],[-70.61,18.685],[-70.608,18.686],[-70.598,18.686],[-70.597,18.687],[-70.596,18.688],[-70.59,18.688],[-70.589,18.689],[-70.589,18.694],[-70.59,18.695],[-70.591,18.697],[-70.593,18.702],[-70.595,18.705],[-70.596,18.706],[-70.598,18.708],[-70.598,18.709],[-70.597,18.709],[-70.596,18.71],[-70.591,18.71],[-70.591,18.711],[-70.589,18.711],[-70.589,18.71],[-70.588,18.71],[-70.588,18.712],[-70.587,18.712],[-70.586,18.713],[-70.585,18.713],[-70.585,18.714],[-70.586,18.714],[-70.586,18.715],[-70.585,18.715],[-70.585,18.717],[-70.584,18.717],[-70.584,18.718],[-70.582,18.718],[-70.582,18.719],[-70.581,18.719],[-70.581,18.72],[-70.58,18.72],[-70.58,18.722],[-70.579,18.722],[-70.579,18.723],[-70.578,18.723],[-70.578,18.724],[-70.575,18.724],[-70.575,18.725],[-70.571,18.725],[-70.571,18.724],[-70.57,18.724],[-70.57,18.723],[-70.568,18.723],[-70.568,18.722],[-70.567,18.722],[-70.566,18.723],[-70.566,18.725],[-70.565,18.725],[-70.564,18.724],[-70.563,18.724],[-70.562,18.723],[-70.561,18.724],[-70.561,18.725],[-70.56,18.726],[-70.56,18.73],[-70.561,18.731],[-70.562,18.732],[-70.563,18.733],[-70.563,18.738],[-70.562,18.739],[-70.561,18.74],[-70.56,18.74],[-70.56,18.741],[-70.557,18.741],[-70.557,18.74],[-70.556,18.74],[-70.556,18.743],[-70.555,18.743],[-70.555,18.744],[-70.554,18.745],[-70.554,18.747],[-70.553,18.747],[-70.553,18.749],[-70.552,18.75],[-70.551,18.75],[-70.55,18.751],[-70.547,18.751],[-70.547,18.752],[-70.546,18.752],[-70.546,18.751],[-70.545,18.751],[-70.545,18.752],[-70.543,18.752],[-70.543,18.753],[-70.542,18.753],[-70.542,18.756],[-70.54,18.756],[-70.54,18.754],[-70.539,18.754],[-70.539,18.755],[-70.538,18.755],[-70.538,18.756],[-70.537,18.756],[-70.537,18.755],[-70.536,18.755],[-70.535,18.756],[-70.533,18.756],[-70.533,18.759],[-70.531,18.759],[-70.531,18.762],[-70.532,18.762],[-70.532,18.763],[-70.533,18.763],[-70.533,18.765],[-70.532,18.765],[-70.532,18.766],[-70.533,18.766],[-70.533,18.767],[-70.534,18.767],[-70.534,18.771],[-70.536,18.771],[-70.536,18.772],[-70.538,18.772],[-70.538,18.779],[-70.54,18.779],[-70.54,18.781],[-70.539,18.781],[-70.539,18.783],[-70.538,18.784],[-70.539,18.784],[-70.539,18.786],[-70.54,18.786],[-70.54,18.787],[-70.541,18.788],[-70.541,18.79],[-70.543,18.792],[-70.544,18.793],[-70.545,18.793],[-70.545,18.796],[-70.544,18.797],[-70.544,18.8],[-70.545,18.8],[-70.546,18.803],[-70.547,18.804],[-70.548,18.805],[-70.548,18.807],[-70.549,18.809],[-70.549,18.812],[-70.55,18.814],[-70.551,18.815],[-70.552,18.816],[-70.552,18.817],[-70.553,18.818],[-70.555,18.82],[-70.555,18.821],[-70.556,18.822],[-70.557,18.823],[-70.557,18.824],[-70.559,18.825],[-70.561,18.826],[-70.563,18.827],[-70.564,18.828],[-70.564,18.83],[-70.565,18.83],[-70.565,18.833],[-70.566,18.833],[-70.566,18.834],[-70.565,18.834],[-70.565,18.837],[-70.566,18.838],[-70.566,18.841],[-70.565,18.842],[-70.564,18.843],[-70.564,18.846],[-70.563,18.846],[-70.563,18.847],[-70.562,18.848],[-70.562,18.851],[-70.561,18.852],[-70.561,18.853],[-70.56,18.853],[-70.56,18.856],[-70.559,18.856],[-70.559,18.857],[-70.558,18.857],[-70.558,18.859],[-70.556,18.859],[-70.556,18.865],[-70.558,18.865],[-70.559,18.866],[-70.561,18.867],[-70.562,18.868],[-70.563,18.868],[-70.563,18.869],[-70.564,18.869],[-70.565,18.87],[-70.566,18.87],[-70.567,18.871],[-70.567,18.873],[-70.565,18.873],[-70.565,18.883],[-70.564,18.883],[-70.564,18.885],[-70.563,18.886],[-70.562,18.886],[-70.562,18.887],[-70.563,18.887],[-70.563,18.888],[-70.564,18.889],[-70.568,18.891],[-70.571,18.894],[-70.572,18.896],[-70.573,18.896],[-70.573,18.897],[-70.575,18.899],[-70.574,18.9],[-70.574,18.903],[-70.573,18.903],[-70.573,18.907],[-70.574,18.908],[-70.574,18.909],[-70.577,18.909],[-70.58,18.91],[-70.582,18.911],[-70.583,18.912],[-70.583,18.916],[-70.582,18.917],[-70.582,18.921],[-70.583,18.922],[-70.583,18.923],[-70.582,18.923],[-70.582,18.924],[-70.579,18.924],[-70.578,18.925],[-70.576,18.925],[-70.575,18.926],[-70.574,18.926],[-70.572,18.928],[-70.57,18.929],[-70.569,18.93],[-70.568,18.931],[-70.568,18.932],[-70.569,18.933],[-70.57,18.934],[-70.571,18.934],[-70.571,18.935],[-70.572,18.936],[-70.572,18.939],[-70.571,18.939],[-70.57,18.94],[-70.569,18.94],[-70.569,18.941],[-70.568,18.941],[-70.568,18.942],[-70.565,18.942],[-70.564,18.943],[-70.562,18.943],[-70.561,18.944],[-70.56,18.944],[-70.559,18.945],[-70.558,18.946],[-70.557,18.947],[-70.556,18.948],[-70.554,18.949],[-70.552,18.949],[-70.551,18.95],[-70.55,18.95],[-70.55,18.951],[-70.551,18.951],[-70.551,18.952],[-70.552,18.953],[-70.552,18.958],[-70.553,18.959],[-70.553,18.962],[-70.552,18.962],[-70.552,18.963],[-70.551,18.964],[-70.55,18.964],[-70.55,18.965],[-70.548,18.965],[-70.548,18.971],[-70.549,18.972],[-70.548,18.973],[-70.548,18.974],[-70.547,18.975],[-70.546,18.976],[-70.546,18.977],[-70.545,18.977],[-70.545,18.979],[-70.544,18.979],[-70.544,18.98],[-70.543,18.981],[-70.543,18.982],[-70.542,18.982],[-70.542,18.983],[-70.541,18.983],[-70.54,18.984],[-70.539,18.985],[-70.539,18.988],[-70.538,18.988],[-70.538,18.99],[-70.537,18.99],[-70.537,18.993],[-70.536,18.994],[-70.534,18.994],[-70.533,18.995],[-70.533,18.996],[-70.53,18.996],[-70.529,18.995],[-70.527,18.995],[-70.526,18.996],[-70.525,18.997],[-70.524,18.997],[-70.522,18.999],[-70.521,19],[-70.519,19],[-70.519,19.001],[-70.518,19.002],[-70.514,19.002],[-70.514,19.005],[-70.516,19.007],[-70.516,19.009],[-70.515,19.011],[-70.515,19.015],[-70.514,19.015],[-70.514,19.016],[-70.513,19.017],[-70.513,19.018],[-70.514,19.019],[-70.516,19.021],[-70.517,19.022],[-70.517,19.024],[-70.516,19.026],[-70.516,19.028],[-70.517,19.028],[-70.517,19.029],[-70.516,19.029],[-70.516,19.03],[-70.515,19.03],[-70.515,19.032],[-70.516,19.033],[-70.517,19.034],[-70.518,19.034],[-70.518,19.035],[-70.519,19.035],[-70.519,19.038],[-70.518,19.038],[-70.518,19.04],[-70.517,19.041],[-70.518,19.042],[-70.518,19.047],[-70.517,19.048],[-70.517,19.049],[-70.518,19.049],[-70.518,19.05],[-70.519,19.051],[-70.52,19.053],[-70.52,19.055],[-70.521,19.056],[-70.52,19.058],[-70.52,19.062],[-70.521,19.063],[-70.522,19.064],[-70.522,19.066],[-70.523,19.068],[-70.524,19.07],[-70.524,19.071],[-70.525,19.071],[-70.526,19.072],[-70.526,19.073],[-70.527,19.074],[-70.528,19.075],[-70.528,19.076],[-70.527,19.076],[-70.527,19.078],[-70.528,19.079],[-70.529,19.08],[-70.53,19.081],[-70.53,19.084],[-70.529,19.085],[-70.529,19.087],[-70.53,19.088],[-70.53,19.089],[-70.531,19.089],[-70.531,19.09],[-70.532,19.091],[-70.533,19.092],[-70.533,19.094],[-70.534,19.094],[-70.534,19.095],[-70.535,19.095],[-70.537,19.097],[-70.538,19.097],[-70.538,19.103],[-70.537,19.103],[-70.537,19.105],[-70.536,19.105],[-70.536,19.106],[-70.53,19.106],[-70.53,19.107],[-70.529,19.107],[-70.529,19.106],[-70.528,19.106],[-70.527,19.107],[-70.526,19.107],[-70.525,19.108],[-70.524,19.108],[-70.524,19.109],[-70.519,19.109],[-70.519,19.108],[-70.517,19.108],[-70.516,19.109],[-70.515,19.109],[-70.514,19.11],[-70.514,19.111],[-70.513,19.113],[-70.512,19.114],[-70.51,19.115],[-70.509,19.116],[-70.507,19.115],[-70.506,19.114],[-70.505,19.113],[-70.503,19.113],[-70.503,19.112],[-70.502,19.111],[-70.5,19.109],[-70.498,19.107],[-70.496,19.105],[-70.494,19.104],[-70.494,19.103],[-70.492,19.101],[-70.488,19.097],[-70.485,19.094],[-70.484,19.094],[-70.483,19.093],[-70.481,19.094],[-70.48,19.094],[-70.479,19.095],[-70.478,19.096],[-70.477,19.096],[-70.477,19.099],[-70.476,19.099],[-70.476,19.103],[-70.477,19.103],[-70.477,19.104],[-70.478,19.104],[-70.476,19.105],[-70.475,19.104],[-70.473,19.103],[-70.473,19.102],[-70.472,19.102],[-70.471,19.101],[-70.471,19.099],[-70.47,19.099],[-70.469,19.098],[-70.468,19.098],[-70.466,19.1],[-70.465,19.101],[-70.464,19.101],[-70.463,19.102],[-70.461,19.103],[-70.456,19.103],[-70.455,19.104],[-70.454,19.104],[-70.453,19.105],[-70.452,19.106],[-70.446,19.106],[-70.445,19.107],[-70.444,19.107],[-70.444,19.108],[-70.443,19.108],[-70.443,19.11],[-70.444,19.11],[-70.444,19.114],[-70.445,19.114],[-70.445,19.117],[-70.444,19.117],[-70.445,19.118],[-70.445,19.12],[-70.444,19.12],[-70.444,19.121],[-70.442,19.121],[-70.442,19.122],[-70.44,19.122],[-70.44,19.124],[-70.439,19.124],[-70.439,19.125],[-70.441,19.125],[-70.441,19.127],[-70.442,19.127],[-70.442,19.13],[-70.437,19.13],[-70.437,19.131],[-70.434,19.131],[-70.434,19.132],[-70.433,19.132],[-70.431,19.13],[-70.43,19.129],[-70.429,19.129],[-70.429,19.128],[-70.427,19.128],[-70.426,19.127],[-70.425,19.126],[-70.424,19.125],[-70.424,19.124],[-70.423,19.123],[-70.422,19.123],[-70.42,19.122],[-70.42,19.121],[-70.419,19.121],[-70.418,19.12],[-70.417,19.119],[-70.415,19.118],[-70.413,19.115],[-70.412,19.115],[-70.412,19.114],[-70.411,19.114],[-70.41,19.112],[-70.408,19.11],[-70.408,19.109],[-70.407,19.108],[-70.407,19.105],[-70.408,19.103],[-70.408,19.098],[-70.409,19.098],[-70.409,19.095],[-70.407,19.095],[-70.407,19.094],[-70.406,19.094],[-70.406,19.093],[-70.405,19.093],[-70.405,19.091],[-70.404,19.091],[-70.404,19.09],[-70.403,19.091],[-70.402,19.09],[-70.403,19.09],[-70.402,19.089],[-70.402,19.088],[-70.401,19.088],[-70.4,19.087],[-70.4,19.086],[-70.399,19.087],[-70.399,19.086],[-70.398,19.086],[-70.398,19.085],[-70.397,19.085],[-70.396,19.084],[-70.396,19.083],[-70.395,19.082],[-70.393,19.082],[-70.393,19.081],[-70.394,19.081],[-70.393,19.08],[-70.392,19.08],[-70.392,19.078],[-70.391,19.079],[-70.391,19.077],[-70.389,19.077],[-70.389,19.076],[-70.388,19.076],[-70.388,19.073],[-70.387,19.073],[-70.387,19.072],[-70.388,19.072],[-70.388,19.071],[-70.386,19.069],[-70.384,19.068],[-70.383,19.067],[-70.382,19.067],[-70.382,19.066],[-70.381,19.066],[-70.381,19.065],[-70.377,19.065],[-70.378,19.064],[-70.377,19.064],[-70.377,19.061],[-70.376,19.061],[-70.376,19.055],[-70.375,19.054],[-70.375,19.051],[-70.374,19.05],[-70.373,19.05],[-70.372,19.049],[-70.371,19.05],[-70.365,19.05],[-70.364,19.049],[-70.361,19.049],[-70.361,19.05],[-70.36,19.05],[-70.36,19.051],[-70.359,19.051],[-70.359,19.052],[-70.358,19.052],[-70.358,19.058],[-70.357,19.058],[-70.357,19.059],[-70.355,19.059],[-70.355,19.061],[-70.354,19.061],[-70.354,19.064],[-70.353,19.064],[-70.353,19.065],[-70.352,19.065],[-70.352,19.068],[-70.353,19.068],[-70.353,19.07],[-70.355,19.07],[-70.355,19.071],[-70.354,19.072],[-70.355,19.072],[-70.355,19.073],[-70.354,19.073],[-70.354,19.074],[-70.355,19.074],[-70.355,19.076],[-70.354,19.076],[-70.354,19.077],[-70.355,19.077],[-70.355,19.08],[-70.356,19.08],[-70.356,19.081],[-70.357,19.081],[-70.357,19.082],[-70.355,19.082],[-70.355,19.083],[-70.354,19.083],[-70.354,19.084],[-70.351,19.084],[-70.351,19.085],[-70.352,19.085],[-70.352,19.086],[-70.351,19.086],[-70.351,19.087],[-70.347,19.087],[-70.347,19.088],[-70.346,19.088],[-70.346,19.089],[-70.347,19.089],[-70.347,19.09],[-70.346,19.09],[-70.346,19.091],[-70.347,19.091],[-70.347,19.092],[-70.348,19.092],[-70.348,19.093],[-70.346,19.093],[-70.346,19.095],[-70.345,19.095],[-70.345,19.096],[-70.344,19.096],[-70.344,19.097],[-70.343,19.097],[-70.343,19.098],[-70.342,19.098],[-70.342,19.099],[-70.341,19.099],[-70.341,19.101],[-70.34,19.102],[-70.339,19.103],[-70.338,19.104],[-70.338,19.105],[-70.339,19.105],[-70.339,19.106],[-70.34,19.107],[-70.339,19.108],[-70.339,19.109],[-70.338,19.109],[-70.337,19.11],[-70.337,19.111],[-70.336,19.111],[-70.335,19.112],[-70.335,19.113],[-70.333,19.113],[-70.333,19.114],[-70.332,19.114],[-70.332,19.116],[-70.33,19.116],[-70.33,19.117],[-70.329,19.117],[-70.329,19.118],[-70.326,19.118],[-70.326,19.119],[-70.329,19.119],[-70.329,19.122],[-70.33,19.121],[-70.33,19.122],[-70.331,19.122],[-70.331,19.121],[-70.332,19.121],[-70.332,19.123],[-70.335,19.123],[-70.335,19.122],[-70.337,19.122],[-70.337,19.123],[-70.336,19.124],[-70.335,19.124],[-70.335,19.125],[-70.334,19.125],[-70.334,19.127],[-70.335,19.127],[-70.335,19.129],[-70.334,19.128],[-70.334,19.131],[-70.333,19.131],[-70.333,19.134],[-70.332,19.135],[-70.332,19.137],[-70.331,19.137],[-70.331,19.14],[-70.33,19.141],[-70.33,19.143],[-70.329,19.143],[-70.329,19.145],[-70.326,19.145],[-70.326,19.147],[-70.325,19.147],[-70.325,19.149],[-70.324,19.149],[-70.324,19.15],[-70.323,19.151],[-70.323,19.15],[-70.319,19.15],[-70.319,19.152],[-70.321,19.152],[-70.321,19.153],[-70.318,19.153],[-70.317,19.154],[-70.316,19.154],[-70.316,19.155],[-70.314,19.155],[-70.314,19.151],[-70.312,19.151],[-70.312,19.152],[-70.313,19.153],[-70.312,19.153],[-70.312,19.154],[-70.311,19.153],[-70.309,19.153],[-70.308,19.152],[-70.308,19.151],[-70.306,19.151],[-70.305,19.15],[-70.304,19.151],[-70.302,19.151],[-70.302,19.149],[-70.297,19.149],[-70.297,19.147],[-70.301,19.147],[-70.301,19.144],[-70.296,19.144],[-70.295,19.143],[-70.294,19.143],[-70.293,19.142],[-70.291,19.142],[-70.291,19.146],[-70.289,19.146],[-70.289,19.148],[-70.29,19.148],[-70.29,19.15],[-70.289,19.15],[-70.288,19.149],[-70.285,19.149],[-70.285,19.148],[-70.284,19.147],[-70.284,19.145],[-70.283,19.144],[-70.279,19.144],[-70.279,19.145],[-70.278,19.145],[-70.278,19.146],[-70.277,19.146],[-70.277,19.147],[-70.275,19.147],[-70.275,19.146],[-70.273,19.146],[-70.273,19.149],[-70.272,19.149],[-70.271,19.15],[-70.271,19.151],[-70.272,19.151],[-70.272,19.152],[-70.273,19.152],[-70.273,19.15],[-70.274,19.15],[-70.274,19.149],[-70.277,19.149],[-70.278,19.152],[-70.279,19.152],[-70.28,19.153],[-70.279,19.153],[-70.279,19.155],[-70.28,19.155],[-70.28,19.156],[-70.282,19.155],[-70.282,19.156],[-70.283,19.156],[-70.283,19.157],[-70.284,19.157],[-70.284,19.158],[-70.286,19.158],[-70.286,19.159],[-70.288,19.159],[-70.288,19.16],[-70.287,19.16],[-70.288,19.161],[-70.29,19.161],[-70.29,19.162],[-70.289,19.162],[-70.289,19.165],[-70.294,19.165],[-70.294,19.166],[-70.297,19.166],[-70.297,19.168],[-70.298,19.168],[-70.298,19.169],[-70.299,19.169],[-70.299,19.17],[-70.301,19.17],[-70.3,19.171],[-70.3,19.172],[-70.301,19.172],[-70.301,19.173],[-70.302,19.173],[-70.303,19.174],[-70.303,19.175],[-70.304,19.175],[-70.304,19.176],[-70.307,19.176],[-70.307,19.175],[-70.308,19.176],[-70.308,19.175],[-70.31,19.175],[-70.31,19.176],[-70.312,19.176],[-70.312,19.177],[-70.313,19.177],[-70.313,19.176],[-70.314,19.177],[-70.315,19.177],[-70.315,19.178],[-70.316,19.178],[-70.316,19.179],[-70.318,19.179],[-70.318,19.18],[-70.319,19.18],[-70.32,19.181],[-70.321,19.181],[-70.321,19.182],[-70.323,19.182],[-70.323,19.187],[-70.324,19.187],[-70.324,19.188],[-70.325,19.188],[-70.325,19.189],[-70.327,19.189],[-70.327,19.19],[-70.328,19.19],[-70.328,19.191],[-70.329,19.191],[-70.329,19.192],[-70.328,19.192],[-70.328,19.193],[-70.329,19.193],[-70.329,19.194],[-70.328,19.194],[-70.328,19.195],[-70.329,19.195],[-70.329,19.196],[-70.33,19.196],[-70.33,19.197],[-70.331,19.197],[-70.331,19.198],[-70.332,19.198],[-70.332,19.199],[-70.333,19.199],[-70.333,19.2],[-70.334,19.2],[-70.334,19.202],[-70.335,19.202],[-70.335,19.201],[-70.336,19.201],[-70.336,19.202],[-70.337,19.202],[-70.337,19.201],[-70.339,19.201],[-70.339,19.202],[-70.34,19.202],[-70.341,19.203],[-70.342,19.203],[-70.342,19.204],[-70.343,19.204],[-70.343,19.206],[-70.344,19.206],[-70.344,19.205],[-70.345,19.205],[-70.345,19.206],[-70.347,19.206],[-70.347,19.207],[-70.35,19.208],[-70.35,19.209],[-70.352,19.209],[-70.352,19.211],[-70.353,19.211],[-70.353,19.212],[-70.354,19.212],[-70.354,19.213],[-70.355,19.213],[-70.355,19.215],[-70.357,19.215],[-70.357,19.216],[-70.356,19.216],[-70.356,19.219],[-70.358,19.219],[-70.358,19.22],[-70.357,19.22],[-70.357,19.222],[-70.358,19.222],[-70.358,19.223],[-70.359,19.223],[-70.359,19.224],[-70.358,19.224],[-70.358,19.225],[-70.359,19.226],[-70.358,19.226],[-70.358,19.229],[-70.359,19.229],[-70.359,19.23],[-70.36,19.23],[-70.36,19.231],[-70.362,19.232],[-70.388,19.232],[-70.389,19.231],[-70.392,19.231],[-70.397,19.23],[-70.408,19.23],[-70.409,19.231],[-70.409,19.233],[-70.41,19.234],[-70.41,19.243],[-70.411,19.244],[-70.411,19.25],[-70.41,19.25],[-70.41,19.251],[-70.411,19.252],[-70.412,19.252],[-70.412,19.255],[-70.413,19.255],[-70.413,19.256],[-70.412,19.256],[-70.412,19.257],[-70.413,19.258],[-70.413,19.26],[-70.415,19.26],[-70.415,19.261],[-70.416,19.261],[-70.416,19.266],[-70.415,19.266],[-70.415,19.269],[-70.414,19.269],[-70.414,19.27],[-70.413,19.27],[-70.413,19.271],[-70.414,19.271],[-70.413,19.272],[-70.413,19.273],[-70.414,19.273],[-70.414,19.274],[-70.416,19.274],[-70.416,19.276],[-70.415,19.276],[-70.415,19.277],[-70.416,19.277],[-70.416,19.278],[-70.418,19.278],[-70.419,19.279],[-70.419,19.28],[-70.421,19.28],[-70.421,19.282],[-70.422,19.283],[-70.422,19.284],[-70.421,19.285],[-70.421,19.286],[-70.422,19.287],[-70.422,19.289],[-70.424,19.29],[-70.424,19.292],[-70.425,19.292],[-70.427,19.293],[-70.428,19.293],[-70.428,19.294],[-70.429,19.294],[-70.43,19.296],[-70.43,19.299],[-70.431,19.299],[-70.433,19.3],[-70.434,19.301],[-70.436,19.301],[-70.437,19.302],[-70.438,19.302],[-70.439,19.303],[-70.439,19.305],[-70.44,19.305],[-70.44,19.306],[-70.439,19.306],[-70.439,19.308],[-70.437,19.308],[-70.436,19.309],[-70.435,19.309],[-70.435,19.31],[-70.434,19.31],[-70.434,19.311],[-70.433,19.312],[-70.434,19.312],[-70.434,19.315],[-70.436,19.315],[-70.436,19.316],[-70.435,19.316],[-70.435,19.318],[-70.436,19.318],[-70.437,19.319],[-70.438,19.319],[-70.437,19.32],[-70.438,19.32],[-70.438,19.323],[-70.439,19.323],[-70.439,19.324],[-70.441,19.324],[-70.441,19.325],[-70.442,19.325],[-70.442,19.327],[-70.443,19.327],[-70.443,19.328],[-70.445,19.329],[-70.445,19.331],[-70.446,19.331],[-70.446,19.333],[-70.447,19.333],[-70.447,19.334],[-70.446,19.335],[-70.446,19.337],[-70.447,19.337],[-70.447,19.341],[-70.449,19.341],[-70.449,19.342],[-70.452,19.342],[-70.452,19.341],[-70.453,19.341],[-70.453,19.342],[-70.454,19.342],[-70.454,19.343],[-70.455,19.343],[-70.455,19.344],[-70.456,19.344],[-70.456,19.345],[-70.457,19.345],[-70.457,19.344],[-70.458,19.343],[-70.459,19.343],[-70.459,19.342],[-70.46,19.342],[-70.46,19.341],[-70.461,19.341],[-70.462,19.34],[-70.462,19.338],[-70.463,19.338],[-70.463,19.337],[-70.465,19.337],[-70.466,19.338],[-70.468,19.338],[-70.468,19.339],[-70.471,19.339],[-70.471,19.34],[-70.473,19.34],[-70.472,19.339],[-70.473,19.339],[-70.473,19.335],[-70.474,19.334],[-70.474,19.331],[-70.473,19.331],[-70.473,19.33],[-70.474,19.33],[-70.474,19.328],[-70.475,19.328],[-70.475,19.326],[-70.476,19.326],[-70.476,19.325],[-70.477,19.325],[-70.477,19.323],[-70.476,19.322],[-70.476,19.32],[-70.475,19.32],[-70.475,19.319],[-70.476,19.319],[-70.475,19.318],[-70.476,19.317],[-70.476,19.316],[-70.475,19.316],[-70.475,19.314],[-70.474,19.314],[-70.474,19.311],[-70.475,19.311],[-70.475,19.309],[-70.476,19.309],[-70.476,19.308],[-70.478,19.308],[-70.479,19.309],[-70.48,19.309],[-70.482,19.31],[-70.483,19.31],[-70.484,19.313],[-70.486,19.313],[-70.486,19.312],[-70.487,19.312],[-70.488,19.311],[-70.5,19.311],[-70.501,19.312],[-70.5,19.312],[-70.5,19.314],[-70.499,19.314],[-70.499,19.317],[-70.5,19.317],[-70.5,19.319],[-70.498,19.319],[-70.498,19.32],[-70.497,19.32],[-70.497,19.321],[-70.498,19.321],[-70.498,19.323],[-70.497,19.324],[-70.497,19.326],[-70.496,19.326],[-70.496,19.329],[-70.494,19.329],[-70.494,19.33],[-70.495,19.33],[-70.495,19.332],[-70.494,19.332],[-70.493,19.334],[-70.493,19.337],[-70.492,19.338],[-70.492,19.339],[-70.491,19.339],[-70.491,19.34],[-70.489,19.34],[-70.488,19.341],[-70.488,19.343],[-70.487,19.343],[-70.487,19.344],[-70.486,19.344],[-70.486,19.345],[-70.499,19.345],[-70.499,19.346],[-70.501,19.346],[-70.501,19.347],[-70.502,19.347],[-70.502,19.348],[-70.503,19.348],[-70.503,19.349],[-70.504,19.349],[-70.504,19.35],[-70.505,19.35],[-70.506,19.351],[-70.507,19.351],[-70.507,19.352],[-70.508,19.352],[-70.509,19.353],[-70.51,19.353],[-70.51,19.354],[-70.511,19.354],[-70.511,19.355],[-70.513,19.355],[-70.513,19.356],[-70.514,19.356],[-70.514,19.357],[-70.516,19.357],[-70.516,19.356],[-70.517,19.355],[-70.518,19.355],[-70.519,19.354],[-70.524,19.354],[-70.524,19.355],[-70.527,19.355],[-70.528,19.354],[-70.529,19.354],[-70.529,19.353],[-70.53,19.353],[-70.53,19.352],[-70.531,19.351],[-70.532,19.35],[-70.533,19.35],[-70.533,19.349],[-70.534,19.349],[-70.534,19.35],[-70.535,19.35],[-70.536,19.351],[-70.536,19.352],[-70.541,19.352],[-70.541,19.351],[-70.543,19.351],[-70.544,19.35],[-70.552,19.35],[-70.552,19.349],[-70.553,19.35],[-70.557,19.35],[-70.558,19.351],[-70.56,19.351],[-70.561,19.352],[-70.564,19.352],[-70.565,19.351],[-70.566,19.352],[-70.572,19.352],[-70.572,19.351],[-70.575,19.351],[-70.575,19.352],[-70.581,19.352],[-70.582,19.351],[-70.583,19.351],[-70.584,19.352],[-70.585,19.352],[-70.585,19.353],[-70.587,19.353],[-70.587,19.354],[-70.589,19.354],[-70.59,19.355],[-70.59,19.356],[-70.591,19.356],[-70.591,19.357],[-70.592,19.358],[-70.593,19.358],[-70.593,19.359],[-70.597,19.359],[-70.598,19.36],[-70.598,19.359],[-70.599,19.359],[-70.599,19.36],[-70.602,19.36],[-70.602,19.361],[-70.603,19.361],[-70.603,19.362],[-70.605,19.362],[-70.605,19.367],[-70.606,19.367],[-70.606,19.368],[-70.607,19.368],[-70.607,19.37],[-70.608,19.371],[-70.608,19.374],[-70.609,19.374],[-70.609,19.375],[-70.611,19.375],[-70.611,19.376],[-70.612,19.376],[-70.612,19.375],[-70.615,19.375],[-70.616,19.374],[-70.616,19.375],[-70.62,19.375],[-70.62,19.374],[-70.625,19.374],[-70.625,19.373],[-70.626,19.373],[-70.626,19.372],[-70.628,19.372],[-70.629,19.373],[-70.63,19.373],[-70.63,19.374],[-70.636,19.374],[-70.636,19.369],[-70.637,19.369],[-70.637,19.367],[-70.638,19.367],[-70.638,19.363],[-70.639,19.362],[-70.639,19.361],[-70.64,19.36],[-70.641,19.36],[-70.642,19.359],[-70.643,19.358],[-70.644,19.356],[-70.647,19.354],[-70.648,19.353],[-70.648,19.352],[-70.649,19.351],[-70.651,19.35],[-70.653,19.348],[-70.654,19.347],[-70.657,19.343],[-70.658,19.342],[-70.659,19.342],[-70.659,19.341],[-70.66,19.341],[-70.662,19.339],[-70.663,19.339],[-70.665,19.338],[-70.665,19.335],[-70.667,19.335],[-70.667,19.334],[-70.668,19.334],[-70.67,19.329],[-70.671,19.326],[-70.673,19.324],[-70.674,19.323],[-70.674,19.322],[-70.675,19.321],[-70.675,19.32],[-70.674,19.319],[-70.674,19.318],[-70.672,19.316],[-70.673,19.314],[-70.673,19.313],[-70.672,19.312],[-70.672,19.311],[-70.671,19.307],[-70.669,19.305],[-70.669,19.298],[-70.668,19.294],[-70.668,19.292],[-70.672,19.292],[-70.672,19.291],[-70.673,19.291],[-70.673,19.289],[-70.672,19.288],[-70.672,19.285],[-70.673,19.285],[-70.673,19.284],[-70.674,19.284],[-70.674,19.283],[-70.676,19.283],[-70.676,19.284],[-70.677,19.284],[-70.677,19.283],[-70.68,19.283],[-70.68,19.284],[-70.682,19.284],[-70.682,19.285],[-70.683,19.285],[-70.683,19.287],[-70.684,19.287],[-70.685,19.288],[-70.685,19.289],[-70.686,19.289],[-70.687,19.29],[-70.689,19.291],[-70.69,19.291],[-70.691,19.292],[-70.692,19.292],[-70.692,19.293],[-70.693,19.293],[-70.693,19.294],[-70.701,19.294],[-70.702,19.295],[-70.704,19.295],[-70.704,19.296],[-70.705,19.296],[-70.705,19.297],[-70.708,19.297],[-70.709,19.298],[-70.71,19.298],[-70.71,19.299],[-70.711,19.299],[-70.711,19.3],[-70.713,19.3],[-70.713,19.301],[-70.717,19.301],[-70.716,19.3],[-70.716,19.298],[-70.718,19.298],[-70.719,19.297],[-70.719,19.294],[-70.718,19.294],[-70.718,19.295],[-70.715,19.295],[-70.715,19.292],[-70.714,19.292],[-70.714,19.291],[-70.715,19.29],[-70.717,19.29],[-70.718,19.291],[-70.719,19.29],[-70.72,19.29],[-70.72,19.287],[-70.721,19.286],[-70.721,19.282],[-70.72,19.281],[-70.717,19.279],[-70.715,19.278],[-70.71,19.276],[-70.708,19.275],[-70.705,19.274],[-70.703,19.273],[-70.697,19.272],[-70.695,19.272],[-70.692,19.271],[-70.69,19.27],[-70.687,19.268],[-70.685,19.268],[-70.684,19.267],[-70.682,19.266],[-70.68,19.265],[-70.679,19.264],[-70.679,19.262],[-70.68,19.261],[-70.681,19.26],[-70.683,19.258],[-70.684,19.258],[-70.685,19.257],[-70.685,19.253],[-70.684,19.253],[-70.684,19.252],[-70.683,19.251],[-70.682,19.25],[-70.682,19.249],[-70.681,19.249],[-70.681,19.253],[-70.68,19.253],[-70.68,19.254],[-70.678,19.254],[-70.678,19.253],[-70.677,19.253],[-70.677,19.251],[-70.676,19.251],[-70.676,19.245],[-70.677,19.245],[-70.677,19.244],[-70.68,19.244],[-70.68,19.243],[-70.681,19.242],[-70.681,19.241],[-70.682,19.241],[-70.682,19.24],[-70.683,19.24],[-70.683,19.239],[-70.684,19.239],[-70.684,19.238],[-70.683,19.238],[-70.683,19.237],[-70.682,19.237],[-70.681,19.238],[-70.68,19.238],[-70.68,19.239],[-70.679,19.239],[-70.679,19.24],[-70.677,19.24],[-70.676,19.239],[-70.676,19.237],[-70.677,19.237],[-70.677,19.234],[-70.678,19.234],[-70.678,19.232],[-70.677,19.232],[-70.677,19.23],[-70.678,19.229],[-70.678,19.226],[-70.679,19.225],[-70.681,19.225],[-70.681,19.224],[-70.682,19.224],[-70.682,19.223],[-70.683,19.223],[-70.684,19.222],[-70.684,19.22],[-70.683,19.22],[-70.682,19.221],[-70.682,19.222],[-70.677,19.222],[-70.677,19.218],[-70.68,19.218],[-70.68,19.216],[-70.679,19.216],[-70.679,19.215],[-70.678,19.215],[-70.678,19.213],[-70.677,19.212],[-70.677,19.211],[-70.676,19.211],[-70.677,19.21],[-70.677,19.209],[-70.678,19.209],[-70.678,19.208],[-70.682,19.208],[-70.682,19.206],[-70.681,19.205],[-70.68,19.204],[-70.679,19.203],[-70.678,19.202],[-70.677,19.201],[-70.677,19.2],[-70.676,19.199],[-70.675,19.2],[-70.673,19.2],[-70.673,19.202],[-70.672,19.202],[-70.672,19.201],[-70.671,19.201],[-70.671,19.2],[-70.67,19.199],[-70.67,19.197],[-70.671,19.197],[-70.671,19.195],[-70.674,19.195],[-70.675,19.194],[-70.675,19.192],[-70.674,19.192],[-70.674,19.19],[-70.677,19.19],[-70.677,19.188],[-70.678,19.187],[-70.679,19.187],[-70.679,19.188],[-70.68,19.188],[-70.68,19.187],[-70.681,19.186],[-70.682,19.186],[-70.682,19.183],[-70.683,19.183],[-70.684,19.184],[-70.685,19.184],[-70.685,19.183],[-70.689,19.183],[-70.688,19.182],[-70.689,19.182],[-70.689,19.181],[-70.69,19.181],[-70.69,19.18],[-70.692,19.18],[-70.692,19.181],[-70.691,19.182],[-70.692,19.182],[-70.692,19.183],[-70.694,19.183],[-70.694,19.185],[-70.695,19.185],[-70.695,19.186],[-70.697,19.186],[-70.697,19.188],[-70.698,19.188],[-70.698,19.189],[-70.7,19.189],[-70.7,19.19],[-70.703,19.19],[-70.704,19.191],[-70.705,19.191],[-70.706,19.192],[-70.707,19.193],[-70.708,19.194],[-70.709,19.194],[-70.709,19.195],[-70.71,19.195],[-70.71,19.196],[-70.712,19.196],[-70.712,19.197],[-70.714,19.197],[-70.714,19.198],[-70.715,19.198],[-70.715,19.199],[-70.716,19.199],[-70.716,19.2],[-70.717,19.201],[-70.718,19.201],[-70.719,19.202],[-70.718,19.202],[-70.718,19.203],[-70.72,19.203],[-70.72,19.205],[-70.721,19.204],[-70.721,19.205],[-70.722,19.205],[-70.722,19.207],[-70.723,19.207],[-70.723,19.208],[-70.724,19.209],[-70.723,19.209],[-70.723,19.21],[-70.725,19.21],[-70.725,19.208],[-70.727,19.208],[-70.726,19.207],[-70.727,19.207],[-70.727,19.206],[-70.728,19.206],[-70.728,19.205],[-70.729,19.204],[-70.731,19.204],[-70.731,19.205],[-70.733,19.205],[-70.733,19.204],[-70.734,19.204],[-70.734,19.201],[-70.733,19.201],[-70.733,19.199],[-70.732,19.199],[-70.732,19.198],[-70.731,19.197],[-70.729,19.197],[-70.729,19.196],[-70.728,19.196],[-70.728,19.195],[-70.727,19.195],[-70.727,19.194],[-70.728,19.194],[-70.728,19.192],[-70.729,19.192],[-70.729,19.191],[-70.728,19.191],[-70.728,19.19],[-70.729,19.19],[-70.729,19.188],[-70.73,19.188],[-70.73,19.187],[-70.731,19.187],[-70.731,19.188],[-70.733,19.188],[-70.733,19.185],[-70.732,19.185],[-70.732,19.184],[-70.733,19.183],[-70.734,19.183],[-70.734,19.182],[-70.733,19.182],[-70.733,19.18],[-70.735,19.18],[-70.735,19.177],[-70.734,19.177],[-70.734,19.175],[-70.736,19.175],[-70.736,19.173],[-70.737,19.173],[-70.737,19.172],[-70.734,19.172],[-70.734,19.171],[-70.735,19.17],[-70.735,19.169],[-70.734,19.169],[-70.734,19.168],[-70.732,19.168],[-70.732,19.167],[-70.733,19.167],[-70.733,19.166],[-70.736,19.166],[-70.736,19.165],[-70.738,19.165],[-70.738,19.164],[-70.739,19.164],[-70.739,19.165],[-70.74,19.165],[-70.74,19.164],[-70.742,19.164],[-70.742,19.163],[-70.743,19.163],[-70.743,19.161],[-70.746,19.161],[-70.747,19.16],[-70.748,19.16],[-70.748,19.159],[-70.749,19.159],[-70.749,19.158],[-70.75,19.158],[-70.75,19.157],[-70.752,19.157],[-70.752,19.156],[-70.753,19.155],[-70.754,19.155],[-70.754,19.157],[-70.753,19.157],[-70.754,19.158],[-70.755,19.157],[-70.755,19.156],[-70.757,19.156],[-70.757,19.155],[-70.759,19.155],[-70.76,19.156],[-70.762,19.156],[-70.762,19.155],[-70.763,19.155],[-70.763,19.156],[-70.764,19.156],[-70.764,19.155],[-70.766,19.155],[-70.766,19.153],[-70.767,19.153],[-70.767,19.152],[-70.766,19.152],[-70.766,19.15],[-70.767,19.15],[-70.767,19.149],[-70.768,19.149],[-70.768,19.147],[-70.769,19.147],[-70.769,19.146],[-70.77,19.145],[-70.77,19.147],[-70.774,19.147],[-70.773,19.146],[-70.774,19.145],[-70.775,19.145],[-70.775,19.144],[-70.776,19.144],[-70.776,19.143],[-70.777,19.142],[-70.776,19.142],[-70.777,19.141],[-70.777,19.14],[-70.78,19.14],[-70.78,19.139],[-70.781,19.138],[-70.783,19.138],[-70.783,19.139],[-70.784,19.139],[-70.784,19.14],[-70.786,19.14],[-70.786,19.139],[-70.788,19.139],[-70.788,19.138],[-70.791,19.138],[-70.791,19.137],[-70.793,19.137],[-70.793,19.136],[-70.794,19.136],[-70.794,19.137],[-70.798,19.137],[-70.798,19.138],[-70.8,19.138],[-70.8,19.139],[-70.802,19.139],[-70.802,19.14],[-70.809,19.14],[-70.809,19.138],[-70.81,19.138],[-70.81,19.137],[-70.811,19.137],[-70.812,19.136],[-70.812,19.135],[-70.813,19.135],[-70.813,19.134],[-70.812,19.134],[-70.812,19.133],[-70.813,19.133],[-70.813,19.132],[-70.812,19.132],[-70.812,19.129],[-70.813,19.129],[-70.813,19.128],[-70.814,19.128],[-70.814,19.127],[-70.815,19.127],[-70.815,19.126],[-70.816,19.126],[-70.816,19.125],[-70.817,19.125],[-70.817,19.124],[-70.819,19.124],[-70.819,19.123],[-70.821,19.123],[-70.822,19.122],[-70.823,19.121],[-70.823,19.12],[-70.824,19.119],[-70.826,19.119],[-70.827,19.118],[-70.828,19.116],[-70.829,19.116],[-70.831,19.115],[-70.834,19.115],[-70.834,19.114],[-70.833,19.114],[-70.834,19.113],[-70.835,19.113],[-70.836,19.112],[-70.836,19.111],[-70.837,19.111],[-70.837,19.11],[-70.838,19.109],[-70.839,19.108],[-70.839,19.107],[-70.84,19.107],[-70.841,19.106],[-70.843,19.105],[-70.844,19.104],[-70.846,19.102],[-70.846,19.1],[-70.847,19.099],[-70.847,19.097],[-70.848,19.097],[-70.848,19.098],[-70.85,19.098],[-70.851,19.099],[-70.86,19.099],[-70.861,19.098],[-70.871,19.098],[-70.872,19.099],[-70.874,19.099],[-70.875,19.1],[-70.878,19.1],[-70.879,19.099],[-70.88,19.099],[-70.88,19.096],[-70.881,19.096],[-70.881,19.094],[-70.882,19.094],[-70.882,19.093],[-70.883,19.093],[-70.883,19.094],[-70.884,19.094],[-70.885,19.093],[-70.886,19.092],[-70.888,19.092],[-70.888,19.091],[-70.891,19.091],[-70.891,19.092],[-70.892,19.092],[-70.894,19.094],[-70.897,19.094],[-70.899,19.093],[-70.903,19.093],[-70.904,19.094],[-70.906,19.095],[-70.915,19.095],[-70.917,19.094],[-70.921,19.094],[-70.922,19.095],[-70.923,19.096],[-70.93,19.096],[-70.931,19.097],[-70.936,19.097],[-70.939,19.096],[-70.947,19.096],[-70.947,19.095],[-70.949,19.095],[-70.951,19.094],[-70.953,19.092],[-70.954,19.09],[-70.955,19.09],[-70.956,19.088],[-70.956,19.082],[-70.955,19.081],[-70.955,19.079],[-70.954,19.077],[-70.952,19.075],[-70.95,19.074],[-70.951,19.071],[-70.951,19.067],[-70.952,19.066],[-70.953,19.065],[-70.954,19.064],[-70.954,19.061],[-70.955,19.059],[-70.955,19.057],[-70.956,19.056],[-70.958,19.051],[-70.958,19.046]],[[-70.353,19.068],[-70.353,19.067],[-70.354,19.068],[-70.353,19.068]],[[-70.356,19.08],[-70.356,19.079],[-70.357,19.08],[-70.356,19.08]],[[-70.321,19.152],[-70.321,19.151],[-70.322,19.151],[-70.322,19.152],[-70.321,19.152]],[[-70.326,19.189],[-70.326,19.188],[-70.327,19.188],[-70.326,19.189]],[[-70.328,19.19],[-70.328,19.189],[-70.329,19.189],[-70.329,19.19],[-70.328,19.19]],[[-70.354,19.212],[-70.354,19.211],[-70.355,19.211],[-70.355,19.212],[-70.354,19.212]],[[-70.358,19.217],[-70.358,19.218],[-70.357,19.218],[-70.357,19.217],[-70.358,19.217]]],[[[-70.848,18.97],[-70.847,18.97],[-70.847,18.971],[-70.848,18.97]]],[[[-70.731,19.206],[-70.73,19.206],[-70.73,19.207],[-70.729,19.207],[-70.729,19.206],[-70.728,19.206],[-70.728,19.208],[-70.729,19.208],[-70.729,19.209],[-70.73,19.209],[-70.73,19.208],[-70.731,19.208],[-70.731,19.206]]],[[[-70.488,19.34],[-70.487,19.34],[-70.487,19.341],[-70.488,19.341],[-70.488,19.34]]],[[[-70.46,19.343],[-70.459,19.343],[-70.459,19.344],[-70.46,19.344],[-70.46,19.343]]],[[[-70.278,19.154],[-70.276,19.154],[-70.276,19.156],[-70.277,19.156],[-70.277,19.155],[-70.278,19.155],[-70.278,19.154]]]]}},{"type":"Feature","properties":{"shapeName":"Santo Domingo","provinceKey":"santodomingo","shapeType":"ADM1"},"geometry":{"type":"MultiPolygon","coordinates":[[[[-70.175,18.719],[-70.174,18.719],[-70.174,18.717],[-70.173,18.717],[-70.173,18.715],[-70.172,18.715],[-70.172,18.713],[-70.17,18.713],[-70.17,18.712],[-70.169,18.712],[-70.169,18.711],[-70.167,18.711],[-70.167,18.71],[-70.166,18.71],[-70.165,18.709],[-70.165,18.708],[-70.164,18.708],[-70.164,18.706],[-70.163,18.706],[-70.163,18.702],[-70.161,18.702],[-70.161,18.701],[-70.16,18.701],[-70.16,18.699],[-70.158,18.699],[-70.158,18.697],[-70.159,18.697],[-70.159,18.695],[-70.16,18.695],[-70.16,18.694],[-70.159,18.694],[-70.159,18.693],[-70.16,18.693],[-70.159,18.692],[-70.159,18.691],[-70.158,18.691],[-70.157,18.69],[-70.158,18.69],[-70.158,18.689],[-70.157,18.689],[-70.156,18.69],[-70.156,18.687],[-70.157,18.687],[-70.157,18.685],[-70.156,18.685],[-70.156,18.684],[-70.155,18.683],[-70.155,18.68],[-70.152,18.68],[-70.152,18.679],[-70.153,18.679],[-70.153,18.674],[-70.154,18.674],[-70.154,18.673],[-70.156,18.673],[-70.156,18.672],[-70.154,18.672],[-70.154,18.671],[-70.155,18.671],[-70.155,18.669],[-70.154,18.669],[-70.153,18.668],[-70.153,18.667],[-70.154,18.667],[-70.154,18.666],[-70.153,18.665],[-70.153,18.664],[-70.152,18.664],[-70.153,18.663],[-70.154,18.664],[-70.155,18.664],[-70.155,18.66],[-70.152,18.66],[-70.153,18.659],[-70.153,18.658],[-70.152,18.658],[-70.152,18.657],[-70.151,18.657],[-70.151,18.655],[-70.15,18.655],[-70.15,18.656],[-70.149,18.656],[-70.149,18.655],[-70.148,18.655],[-70.148,18.654],[-70.147,18.654],[-70.146,18.653],[-70.145,18.653],[-70.145,18.654],[-70.144,18.654],[-70.144,18.652],[-70.145,18.652],[-70.145,18.651],[-70.144,18.651],[-70.143,18.65],[-70.143,18.648],[-70.142,18.647],[-70.142,18.644],[-70.14,18.644],[-70.14,18.643],[-70.139,18.643],[-70.139,18.641],[-70.137,18.641],[-70.137,18.639],[-70.139,18.638],[-70.139,18.637],[-70.14,18.637],[-70.14,18.636],[-70.137,18.636],[-70.137,18.635],[-70.139,18.635],[-70.139,18.634],[-70.136,18.634],[-70.136,18.633],[-70.135,18.633],[-70.135,18.634],[-70.134,18.634],[-70.134,18.633],[-70.133,18.634],[-70.132,18.634],[-70.131,18.633],[-70.13,18.632],[-70.127,18.632],[-70.127,18.631],[-70.126,18.631],[-70.126,18.63],[-70.131,18.63],[-70.132,18.629],[-70.133,18.628],[-70.139,18.628],[-70.14,18.629],[-70.141,18.629],[-70.141,18.628],[-70.142,18.628],[-70.143,18.629],[-70.144,18.629],[-70.146,18.631],[-70.149,18.631],[-70.149,18.63],[-70.15,18.63],[-70.151,18.629],[-70.151,18.628],[-70.15,18.627],[-70.15,18.625],[-70.149,18.624],[-70.149,18.623],[-70.148,18.622],[-70.147,18.621],[-70.147,18.62],[-70.146,18.619],[-70.146,18.618],[-70.145,18.617],[-70.145,18.616],[-70.146,18.616],[-70.146,18.614],[-70.145,18.613],[-70.144,18.61],[-70.145,18.61],[-70.145,18.608],[-70.144,18.608],[-70.145,18.607],[-70.145,18.606],[-70.146,18.606],[-70.147,18.605],[-70.148,18.605],[-70.148,18.604],[-70.147,18.603],[-70.147,18.6],[-70.148,18.599],[-70.149,18.599],[-70.15,18.598],[-70.151,18.597],[-70.152,18.596],[-70.153,18.596],[-70.153,18.594],[-70.149,18.594],[-70.149,18.587],[-70.148,18.587],[-70.148,18.585],[-70.147,18.585],[-70.147,18.584],[-70.145,18.584],[-70.144,18.583],[-70.144,18.582],[-70.142,18.58],[-70.141,18.579],[-70.14,18.578],[-70.139,18.577],[-70.138,18.577],[-70.138,18.576],[-70.137,18.576],[-70.137,18.573],[-70.138,18.572],[-70.139,18.571],[-70.139,18.569],[-70.138,18.567],[-70.137,18.566],[-70.137,18.565],[-70.136,18.565],[-70.135,18.564],[-70.133,18.564],[-70.132,18.565],[-70.131,18.565],[-70.131,18.566],[-70.128,18.566],[-70.128,18.564],[-70.129,18.563],[-70.13,18.562],[-70.131,18.561],[-70.132,18.561],[-70.132,18.56],[-70.133,18.559],[-70.132,18.559],[-70.132,18.558],[-70.13,18.558],[-70.13,18.557],[-70.129,18.556],[-70.129,18.555],[-70.128,18.554],[-70.127,18.553],[-70.126,18.553],[-70.126,18.552],[-70.125,18.552],[-70.124,18.551],[-70.123,18.55],[-70.124,18.549],[-70.124,18.548],[-70.125,18.548],[-70.125,18.547],[-70.126,18.547],[-70.126,18.546],[-70.125,18.546],[-70.125,18.545],[-70.123,18.545],[-70.122,18.544],[-70.121,18.544],[-70.121,18.543],[-70.12,18.543],[-70.119,18.542],[-70.119,18.541],[-70.12,18.541],[-70.12,18.54],[-70.121,18.539],[-70.122,18.536],[-70.122,18.534],[-70.123,18.533],[-70.123,18.531],[-70.124,18.531],[-70.124,18.53],[-70.125,18.53],[-70.125,18.529],[-70.126,18.528],[-70.125,18.527],[-70.125,18.526],[-70.124,18.526],[-70.123,18.525],[-70.122,18.525],[-70.121,18.524],[-70.116,18.524],[-70.115,18.523],[-70.114,18.523],[-70.113,18.524],[-70.113,18.525],[-70.112,18.526],[-70.112,18.527],[-70.104,18.527],[-70.102,18.526],[-70.101,18.525],[-70.099,18.524],[-70.097,18.524],[-70.096,18.525],[-70.094,18.527],[-70.094,18.529],[-70.095,18.529],[-70.096,18.53],[-70.097,18.53],[-70.097,18.532],[-70.096,18.532],[-70.095,18.533],[-70.095,18.534],[-70.094,18.534],[-70.094,18.535],[-70.091,18.535],[-70.091,18.534],[-70.09,18.534],[-70.09,18.533],[-70.089,18.532],[-70.088,18.532],[-70.088,18.531],[-70.087,18.53],[-70.086,18.529],[-70.086,18.527],[-70.085,18.526],[-70.085,18.524],[-70.084,18.523],[-70.084,18.522],[-70.083,18.521],[-70.082,18.52],[-70.082,18.519],[-70.081,18.518],[-70.078,18.518],[-70.078,18.517],[-70.077,18.517],[-70.076,18.516],[-70.075,18.516],[-70.075,18.515],[-70.074,18.515],[-70.074,18.514],[-70.073,18.513],[-70.072,18.513],[-70.071,18.512],[-70.071,18.509],[-70.072,18.508],[-70.072,18.499],[-70.071,18.499],[-70.071,18.497],[-70.07,18.496],[-70.069,18.496],[-70.069,18.495],[-70.068,18.495],[-70.067,18.494],[-70.065,18.494],[-70.065,18.493],[-70.064,18.493],[-70.064,18.492],[-70.063,18.492],[-70.063,18.489],[-70.064,18.489],[-70.064,18.488],[-70.065,18.487],[-70.068,18.487],[-70.069,18.486],[-70.07,18.486],[-70.071,18.485],[-70.073,18.485],[-70.074,18.484],[-70.074,18.48],[-70.067,18.48],[-70.067,18.481],[-70.065,18.481],[-70.065,18.48],[-70.064,18.48],[-70.064,18.476],[-70.065,18.476],[-70.066,18.475],[-70.067,18.474],[-70.068,18.473],[-70.068,18.468],[-70.067,18.467],[-70.066,18.466],[-70.066,18.465],[-70.065,18.464],[-70.065,18.463],[-70.064,18.463],[-70.063,18.464],[-70.062,18.465],[-70.062,18.47],[-70.061,18.47],[-70.06,18.471],[-70.06,18.472],[-70.058,18.472],[-70.057,18.473],[-70.054,18.473],[-70.054,18.474],[-70.053,18.474],[-70.053,18.475],[-70.052,18.475],[-70.052,18.476],[-70.051,18.476],[-70.05,18.477],[-70.048,18.477],[-70.047,18.476],[-70.046,18.476],[-70.046,18.475],[-70.045,18.475],[-70.044,18.474],[-70.043,18.474],[-70.043,18.47],[-70.042,18.47],[-70.042,18.469],[-70.041,18.469],[-70.041,18.468],[-70.04,18.468],[-70.04,18.467],[-70.037,18.467],[-70.037,18.466],[-70.035,18.464],[-70.034,18.463],[-70.033,18.462],[-70.032,18.462],[-70.032,18.461],[-70.027,18.461],[-70.027,18.462],[-70.026,18.462],[-70.025,18.463],[-70.025,18.464],[-70.024,18.464],[-70.024,18.465],[-70.023,18.465],[-70.023,18.467],[-70.022,18.467],[-70.02,18.469],[-70.02,18.473],[-70.019,18.474],[-70.019,18.477],[-70.017,18.477],[-70.017,18.476],[-70.013,18.476],[-70.013,18.464],[-70.014,18.463],[-70.014,18.462],[-70.016,18.462],[-70.016,18.459],[-70.015,18.459],[-70.014,18.458],[-70.013,18.458],[-70.013,18.459],[-70.011,18.459],[-70.011,18.46],[-70.009,18.46],[-70.008,18.459],[-70.008,18.457],[-70.009,18.457],[-70.009,18.456],[-70.01,18.456],[-70.01,18.454],[-70.011,18.454],[-70.011,18.453],[-70.01,18.453],[-70.009,18.452],[-70.007,18.451],[-70.006,18.45],[-70.005,18.45],[-70.004,18.449],[-70.003,18.449],[-70.002,18.448],[-70.002,18.446],[-70.003,18.445],[-70.004,18.446],[-70.005,18.445],[-70.006,18.445],[-70.007,18.444],[-70.007,18.439],[-70.008,18.438],[-70.007,18.437],[-70.007,18.436],[-70.006,18.435],[-70.006,18.43],[-70.007,18.429],[-70.015,18.429],[-70.017,18.428],[-70.018,18.426],[-70.019,18.425],[-70.019,18.421],[-70.018,18.421],[-70.017,18.422],[-70.016,18.422],[-70.015,18.421],[-70.016,18.42],[-70.017,18.419],[-70.017,18.417],[-70.016,18.417],[-70.016,18.418],[-70.013,18.42],[-70.01,18.422],[-70.009,18.423],[-70.008,18.423],[-70.008,18.424],[-70.007,18.424],[-70.006,18.425],[-70.005,18.425],[-70.005,18.424],[-70.004,18.424],[-70.004,18.423],[-70.003,18.423],[-70.003,18.424],[-70.001,18.424],[-70.001,18.423],[-69.999,18.423],[-69.999,18.422],[-69.995,18.422],[-69.995,18.421],[-69.993,18.421],[-69.992,18.422],[-69.989,18.422],[-69.989,18.426],[-69.99,18.426],[-69.99,18.43],[-69.989,18.43],[-69.988,18.431],[-69.987,18.432],[-69.985,18.433],[-69.985,18.434],[-69.984,18.434],[-69.984,18.435],[-69.983,18.435],[-69.983,18.436],[-69.982,18.436],[-69.982,18.437],[-69.98,18.439],[-69.98,18.44],[-69.979,18.441],[-69.978,18.441],[-69.978,18.442],[-69.977,18.444],[-69.976,18.447],[-69.976,18.448],[-69.975,18.448],[-69.975,18.449],[-69.974,18.449],[-69.974,18.452],[-69.973,18.452],[-69.973,18.453],[-69.972,18.454],[-69.971,18.458],[-69.97,18.458],[-69.97,18.459],[-69.969,18.462],[-69.969,18.466],[-69.968,18.47],[-69.968,18.479],[-69.97,18.479],[-69.971,18.48],[-69.972,18.48],[-69.972,18.481],[-69.975,18.483],[-69.977,18.486],[-69.978,18.486],[-69.979,18.487],[-69.98,18.488],[-69.982,18.49],[-69.983,18.49],[-69.984,18.491],[-69.985,18.492],[-69.985,18.493],[-69.987,18.494],[-69.989,18.495],[-69.99,18.496],[-69.99,18.497],[-69.991,18.497],[-69.992,18.498],[-69.993,18.499],[-69.994,18.499],[-69.996,18.5],[-69.997,18.501],[-69.997,18.502],[-69.998,18.502],[-69.999,18.503],[-69.999,18.506],[-69.997,18.507],[-69.997,18.508],[-69.995,18.508],[-69.994,18.507],[-69.992,18.507],[-69.992,18.51],[-69.991,18.51],[-69.99,18.511],[-69.99,18.523],[-69.993,18.523],[-69.993,18.524],[-69.994,18.525],[-69.994,18.526],[-69.995,18.526],[-69.995,18.528],[-69.994,18.529],[-69.993,18.529],[-69.992,18.53],[-69.99,18.531],[-69.99,18.533],[-69.991,18.534],[-69.992,18.535],[-69.991,18.535],[-69.991,18.536],[-69.99,18.536],[-69.99,18.538],[-69.991,18.538],[-69.991,18.54],[-69.992,18.541],[-69.992,18.542],[-69.991,18.542],[-69.99,18.543],[-69.987,18.543],[-69.987,18.544],[-69.985,18.544],[-69.985,18.543],[-69.982,18.543],[-69.982,18.544],[-69.981,18.544],[-69.981,18.548],[-69.98,18.548],[-69.98,18.547],[-69.978,18.547],[-69.978,18.546],[-69.976,18.546],[-69.976,18.545],[-69.973,18.545],[-69.973,18.546],[-69.972,18.546],[-69.972,18.544],[-69.969,18.544],[-69.969,18.545],[-69.968,18.545],[-69.968,18.544],[-69.967,18.543],[-69.967,18.542],[-69.966,18.542],[-69.966,18.541],[-69.963,18.541],[-69.963,18.54],[-69.962,18.54],[-69.962,18.539],[-69.961,18.538],[-69.962,18.538],[-69.962,18.536],[-69.96,18.536],[-69.96,18.533],[-69.959,18.533],[-69.959,18.531],[-69.96,18.531],[-69.96,18.53],[-69.961,18.529],[-69.961,18.525],[-69.96,18.523],[-69.96,18.522],[-69.959,18.521],[-69.957,18.519],[-69.956,18.519],[-69.956,18.518],[-69.955,18.517],[-69.953,18.517],[-69.953,18.516],[-69.951,18.516],[-69.951,18.515],[-69.949,18.515],[-69.948,18.514],[-69.945,18.514],[-69.945,18.515],[-69.944,18.515],[-69.944,18.516],[-69.943,18.516],[-69.943,18.517],[-69.942,18.517],[-69.942,18.518],[-69.941,18.518],[-69.941,18.519],[-69.94,18.519],[-69.94,18.52],[-69.938,18.52],[-69.937,18.521],[-69.937,18.52],[-69.934,18.52],[-69.933,18.519],[-69.932,18.518],[-69.933,18.518],[-69.933,18.517],[-69.932,18.517],[-69.932,18.516],[-69.931,18.515],[-69.93,18.514],[-69.929,18.513],[-69.928,18.513],[-69.928,18.512],[-69.926,18.512],[-69.925,18.511],[-69.923,18.511],[-69.922,18.51],[-69.904,18.51],[-69.902,18.511],[-69.901,18.512],[-69.9,18.512],[-69.898,18.514],[-69.895,18.514],[-69.894,18.513],[-69.893,18.513],[-69.891,18.512],[-69.887,18.512],[-69.885,18.511],[-69.884,18.511],[-69.882,18.51],[-69.88,18.508],[-69.878,18.508],[-69.878,18.507],[-69.877,18.507],[-69.877,18.506],[-69.876,18.506],[-69.876,18.504],[-69.875,18.503],[-69.875,18.498],[-69.876,18.497],[-69.877,18.495],[-69.879,18.493],[-69.879,18.492],[-69.88,18.492],[-69.882,18.49],[-69.882,18.489],[-69.883,18.488],[-69.883,18.481],[-69.882,18.481],[-69.882,18.479],[-69.881,18.478],[-69.881,18.474],[-69.88,18.473],[-69.88,18.47],[-69.881,18.469],[-69.882,18.468],[-69.884,18.467],[-69.883,18.466],[-69.882,18.466],[-69.88,18.467],[-69.877,18.467],[-69.877,18.464],[-69.875,18.464],[-69.875,18.465],[-69.874,18.465],[-69.874,18.466],[-69.872,18.466],[-69.872,18.467],[-69.867,18.467],[-69.867,18.468],[-69.865,18.468],[-69.864,18.467],[-69.858,18.468],[-69.857,18.469],[-69.856,18.468],[-69.839,18.468],[-69.838,18.467],[-69.837,18.468],[-69.834,18.468],[-69.833,18.469],[-69.83,18.469],[-69.829,18.468],[-69.828,18.468],[-69.828,18.467],[-69.826,18.467],[-69.825,18.466],[-69.823,18.466],[-69.822,18.465],[-69.817,18.465],[-69.817,18.464],[-69.808,18.464],[-69.808,18.465],[-69.807,18.464],[-69.806,18.465],[-69.805,18.464],[-69.804,18.464],[-69.803,18.465],[-69.802,18.464],[-69.8,18.464],[-69.8,18.465],[-69.795,18.465],[-69.795,18.466],[-69.794,18.465],[-69.793,18.465],[-69.793,18.466],[-69.792,18.466],[-69.792,18.465],[-69.791,18.465],[-69.791,18.466],[-69.788,18.466],[-69.788,18.465],[-69.786,18.465],[-69.786,18.466],[-69.782,18.466],[-69.782,18.465],[-69.775,18.465],[-69.76,18.464],[-69.76,18.463],[-69.759,18.463],[-69.759,18.464],[-69.757,18.464],[-69.756,18.463],[-69.742,18.463],[-69.742,18.462],[-69.741,18.462],[-69.741,18.463],[-69.74,18.463],[-69.74,18.462],[-69.737,18.462],[-69.736,18.461],[-69.736,18.462],[-69.735,18.462],[-69.735,18.461],[-69.733,18.461],[-69.729,18.46],[-69.729,18.459],[-69.725,18.459],[-69.725,18.458],[-69.721,18.458],[-69.721,18.457],[-69.718,18.457],[-69.717,18.456],[-69.714,18.456],[-69.714,18.455],[-69.704,18.455],[-69.703,18.454],[-69.702,18.454],[-69.702,18.455],[-69.701,18.455],[-69.701,18.454],[-69.7,18.455],[-69.7,18.454],[-69.699,18.455],[-69.699,18.454],[-69.697,18.454],[-69.697,18.453],[-69.696,18.454],[-69.696,18.453],[-69.693,18.453],[-69.693,18.452],[-69.691,18.452],[-69.689,18.451],[-69.688,18.45],[-69.685,18.45],[-69.685,18.449],[-69.684,18.449],[-69.684,18.448],[-69.683,18.448],[-69.683,18.447],[-69.682,18.447],[-69.682,18.437],[-69.681,18.437],[-69.682,18.436],[-69.681,18.436],[-69.681,18.435],[-69.682,18.435],[-69.681,18.434],[-69.681,18.429],[-69.68,18.429],[-69.68,18.427],[-69.679,18.427],[-69.679,18.424],[-69.678,18.424],[-69.678,18.422],[-69.677,18.422],[-69.677,18.42],[-69.676,18.42],[-69.676,18.418],[-69.675,18.418],[-69.675,18.417],[-69.674,18.417],[-69.674,18.416],[-69.673,18.414],[-69.672,18.414],[-69.672,18.413],[-69.671,18.413],[-69.671,18.412],[-69.67,18.412],[-69.67,18.411],[-69.669,18.411],[-69.669,18.41],[-69.668,18.41],[-69.668,18.409],[-69.666,18.409],[-69.666,18.408],[-69.664,18.408],[-69.664,18.407],[-69.661,18.407],[-69.66,18.406],[-69.66,18.407],[-69.659,18.407],[-69.659,18.406],[-69.655,18.406],[-69.649,18.405],[-69.649,18.404],[-69.647,18.404],[-69.645,18.403],[-69.644,18.403],[-69.641,18.402],[-69.641,18.401],[-69.64,18.402],[-69.64,18.401],[-69.637,18.401],[-69.635,18.4],[-69.634,18.4],[-69.633,18.401],[-69.632,18.401],[-69.63,18.402],[-69.629,18.402],[-69.629,18.403],[-69.628,18.404],[-69.628,18.406],[-69.627,18.406],[-69.627,18.41],[-69.628,18.411],[-69.628,18.415],[-69.629,18.416],[-69.629,18.419],[-69.63,18.42],[-69.63,18.421],[-69.631,18.427],[-69.631,18.428],[-69.632,18.428],[-69.632,18.433],[-69.633,18.434],[-69.633,18.439],[-69.632,18.44],[-69.631,18.44],[-69.63,18.442],[-69.629,18.442],[-69.629,18.441],[-69.628,18.441],[-69.628,18.444],[-69.626,18.445],[-69.625,18.446],[-69.624,18.446],[-69.624,18.447],[-69.623,18.447],[-69.622,18.448],[-69.615,18.448],[-69.615,18.447],[-69.611,18.447],[-69.611,18.446],[-69.605,18.447],[-69.605,18.448],[-69.597,18.448],[-69.597,18.447],[-69.593,18.447],[-69.593,18.446],[-69.591,18.446],[-69.591,18.445],[-69.588,18.445],[-69.588,18.444],[-69.587,18.444],[-69.585,18.443],[-69.585,18.442],[-69.583,18.442],[-69.583,18.441],[-69.582,18.441],[-69.582,18.44],[-69.581,18.44],[-69.579,18.439],[-69.579,18.438],[-69.578,18.438],[-69.578,18.437],[-69.577,18.437],[-69.577,18.436],[-69.576,18.436],[-69.576,18.437],[-69.575,18.437],[-69.575,18.435],[-69.574,18.435],[-69.574,18.434],[-69.573,18.434],[-69.573,18.433],[-69.571,18.433],[-69.571,18.432],[-69.57,18.432],[-69.57,18.429],[-69.567,18.429],[-69.567,18.428],[-69.568,18.427],[-69.567,18.427],[-69.567,18.426],[-69.566,18.426],[-69.566,18.425],[-69.565,18.425],[-69.565,18.424],[-69.564,18.424],[-69.564,18.422],[-69.563,18.422],[-69.563,18.421],[-69.561,18.421],[-69.561,18.42],[-69.56,18.421],[-69.56,18.42],[-69.559,18.419],[-69.558,18.418],[-69.557,18.418],[-69.557,18.417],[-69.556,18.417],[-69.556,18.416],[-69.555,18.416],[-69.555,18.415],[-69.553,18.415],[-69.553,18.414],[-69.552,18.414],[-69.552,18.413],[-69.551,18.412],[-69.549,18.412],[-69.549,18.41],[-69.547,18.41],[-69.547,18.409],[-69.545,18.409],[-69.545,18.408],[-69.542,18.408],[-69.542,18.407],[-69.539,18.407],[-69.538,18.406],[-69.534,18.406],[-69.534,18.405],[-69.528,18.405],[-69.528,18.404],[-69.526,18.404],[-69.526,18.415],[-69.525,18.422],[-69.526,18.433],[-69.528,18.458],[-69.528,18.462],[-69.529,18.466],[-69.515,18.466],[-69.515,18.475],[-69.527,18.475],[-69.527,18.474],[-69.535,18.474],[-69.537,18.475],[-69.542,18.475],[-69.543,18.476],[-69.559,18.476],[-69.56,18.477],[-69.562,18.477],[-69.562,18.478],[-69.563,18.478],[-69.563,18.479],[-69.564,18.479],[-69.565,18.48],[-69.566,18.48],[-69.566,18.481],[-69.569,18.481],[-69.57,18.482],[-69.572,18.482],[-69.573,18.483],[-69.575,18.483],[-69.576,18.484],[-69.577,18.484],[-69.577,18.485],[-69.579,18.485],[-69.58,18.486],[-69.581,18.486],[-69.582,18.487],[-69.583,18.487],[-69.584,18.488],[-69.586,18.488],[-69.586,18.489],[-69.587,18.489],[-69.588,18.49],[-69.589,18.49],[-69.59,18.491],[-69.591,18.492],[-69.592,18.492],[-69.592,18.494],[-69.593,18.494],[-69.593,18.495],[-69.595,18.495],[-69.595,18.496],[-69.597,18.496],[-69.597,18.497],[-69.599,18.497],[-69.598,18.5],[-69.598,18.502],[-69.599,18.502],[-69.599,18.503],[-69.6,18.503],[-69.599,18.504],[-69.599,18.505],[-69.6,18.505],[-69.6,18.507],[-69.599,18.507],[-69.599,18.508],[-69.598,18.509],[-69.6,18.509],[-69.6,18.512],[-69.599,18.512],[-69.6,18.513],[-69.599,18.513],[-69.599,18.515],[-69.6,18.515],[-69.6,18.516],[-69.601,18.516],[-69.601,18.519],[-69.602,18.519],[-69.602,18.52],[-69.603,18.521],[-69.604,18.521],[-69.605,18.52],[-69.605,18.517],[-69.606,18.517],[-69.606,18.518],[-69.607,18.518],[-69.608,18.517],[-69.608,18.519],[-69.609,18.519],[-69.609,18.52],[-69.61,18.52],[-69.61,18.521],[-69.611,18.521],[-69.611,18.522],[-69.614,18.522],[-69.614,18.523],[-69.615,18.523],[-69.615,18.524],[-69.614,18.524],[-69.614,18.525],[-69.615,18.525],[-69.615,18.528],[-69.613,18.528],[-69.612,18.529],[-69.611,18.529],[-69.611,18.53],[-69.608,18.53],[-69.608,18.531],[-69.606,18.531],[-69.605,18.53],[-69.605,18.531],[-69.604,18.531],[-69.603,18.532],[-69.602,18.532],[-69.601,18.533],[-69.6,18.533],[-69.6,18.534],[-69.599,18.534],[-69.599,18.536],[-69.598,18.536],[-69.598,18.537],[-69.597,18.537],[-69.597,18.538],[-69.596,18.538],[-69.596,18.543],[-69.595,18.543],[-69.595,18.547],[-69.596,18.547],[-69.596,18.548],[-69.595,18.548],[-69.595,18.552],[-69.592,18.552],[-69.591,18.553],[-69.591,18.554],[-69.59,18.554],[-69.59,18.556],[-69.589,18.558],[-69.588,18.558],[-69.588,18.561],[-69.587,18.561],[-69.587,18.562],[-69.586,18.562],[-69.586,18.563],[-69.585,18.563],[-69.585,18.565],[-69.584,18.565],[-69.584,18.567],[-69.582,18.567],[-69.582,18.569],[-69.581,18.57],[-69.58,18.571],[-69.579,18.572],[-69.579,18.574],[-69.578,18.574],[-69.578,18.576],[-69.577,18.576],[-69.577,18.577],[-69.576,18.577],[-69.575,18.576],[-69.574,18.577],[-69.573,18.578],[-69.572,18.579],[-69.571,18.581],[-69.571,18.583],[-69.572,18.584],[-69.573,18.584],[-69.573,18.585],[-69.574,18.585],[-69.574,18.588],[-69.575,18.588],[-69.575,18.589],[-69.577,18.589],[-69.578,18.59],[-69.579,18.59],[-69.579,18.592],[-69.58,18.592],[-69.58,18.593],[-69.581,18.593],[-69.581,18.594],[-69.583,18.594],[-69.583,18.6],[-69.584,18.6],[-69.584,18.605],[-69.583,18.605],[-69.583,18.608],[-69.581,18.608],[-69.581,18.609],[-69.58,18.61],[-69.58,18.613],[-69.579,18.613],[-69.579,18.614],[-69.578,18.615],[-69.577,18.615],[-69.577,18.618],[-69.576,18.618],[-69.576,18.624],[-69.577,18.625],[-69.577,18.626],[-69.578,18.626],[-69.579,18.627],[-69.582,18.627],[-69.583,18.626],[-69.583,18.624],[-69.584,18.624],[-69.584,18.622],[-69.585,18.622],[-69.585,18.623],[-69.586,18.623],[-69.586,18.624],[-69.587,18.623],[-69.589,18.623],[-69.589,18.624],[-69.588,18.624],[-69.588,18.627],[-69.589,18.627],[-69.589,18.626],[-69.59,18.627],[-69.591,18.627],[-69.591,18.629],[-69.59,18.629],[-69.59,18.63],[-69.588,18.63],[-69.588,18.631],[-69.587,18.631],[-69.587,18.632],[-69.588,18.632],[-69.588,18.634],[-69.585,18.634],[-69.585,18.635],[-69.584,18.635],[-69.584,18.636],[-69.583,18.636],[-69.583,18.635],[-69.582,18.635],[-69.582,18.636],[-69.581,18.636],[-69.581,18.639],[-69.58,18.639],[-69.58,18.64],[-69.579,18.641],[-69.578,18.642],[-69.578,18.643],[-69.577,18.643],[-69.577,18.646],[-69.576,18.646],[-69.576,18.647],[-69.575,18.647],[-69.575,18.649],[-69.574,18.649],[-69.574,18.65],[-69.572,18.65],[-69.572,18.651],[-69.571,18.651],[-69.571,18.652],[-69.576,18.653],[-69.577,18.653],[-69.58,18.654],[-69.59,18.655],[-69.592,18.656],[-69.592,18.657],[-69.594,18.658],[-69.596,18.659],[-69.596,18.66],[-69.598,18.66],[-69.599,18.661],[-69.6,18.662],[-69.601,18.663],[-69.603,18.664],[-69.604,18.665],[-69.605,18.666],[-69.606,18.666],[-69.607,18.667],[-69.609,18.668],[-69.61,18.669],[-69.611,18.669],[-69.611,18.67],[-69.612,18.67],[-69.613,18.671],[-69.614,18.672],[-69.616,18.672],[-69.616,18.673],[-69.617,18.673],[-69.617,18.674],[-69.619,18.674],[-69.62,18.675],[-69.621,18.676],[-69.623,18.676],[-69.623,18.675],[-69.626,18.675],[-69.626,18.674],[-69.628,18.674],[-69.628,18.673],[-69.63,18.673],[-69.63,18.672],[-69.632,18.672],[-69.632,18.671],[-69.635,18.671],[-69.635,18.67],[-69.637,18.67],[-69.637,18.669],[-69.638,18.669],[-69.638,18.668],[-69.64,18.668],[-69.64,18.667],[-69.642,18.667],[-69.642,18.665],[-69.643,18.665],[-69.643,18.663],[-69.644,18.663],[-69.644,18.662],[-69.646,18.662],[-69.646,18.664],[-69.648,18.664],[-69.649,18.663],[-69.649,18.664],[-69.65,18.664],[-69.65,18.662],[-69.652,18.662],[-69.653,18.661],[-69.653,18.66],[-69.655,18.66],[-69.656,18.658],[-69.657,18.658],[-69.657,18.657],[-69.658,18.657],[-69.658,18.656],[-69.659,18.656],[-69.659,18.655],[-69.66,18.655],[-69.661,18.654],[-69.662,18.654],[-69.662,18.653],[-69.664,18.653],[-69.665,18.652],[-69.667,18.652],[-69.667,18.651],[-69.669,18.651],[-69.669,18.65],[-69.67,18.65],[-69.67,18.649],[-69.671,18.649],[-69.671,18.648],[-69.672,18.647],[-69.673,18.647],[-69.673,18.646],[-69.674,18.646],[-69.674,18.647],[-69.676,18.647],[-69.677,18.646],[-69.678,18.646],[-69.679,18.645],[-69.681,18.645],[-69.681,18.644],[-69.684,18.644],[-69.684,18.643],[-69.687,18.643],[-69.687,18.642],[-69.688,18.642],[-69.688,18.641],[-69.693,18.641],[-69.693,18.642],[-69.695,18.642],[-69.696,18.643],[-69.696,18.642],[-69.698,18.642],[-69.698,18.641],[-69.701,18.641],[-69.701,18.642],[-69.702,18.642],[-69.703,18.641],[-69.704,18.641],[-69.703,18.64],[-69.703,18.639],[-69.707,18.639],[-69.707,18.641],[-69.708,18.641],[-69.708,18.643],[-69.709,18.643],[-69.709,18.642],[-69.713,18.642],[-69.713,18.641],[-69.714,18.641],[-69.714,18.64],[-69.717,18.64],[-69.716,18.641],[-69.715,18.641],[-69.715,18.642],[-69.717,18.642],[-69.717,18.641],[-69.718,18.641],[-69.718,18.64],[-69.719,18.64],[-69.719,18.641],[-69.721,18.641],[-69.721,18.643],[-69.722,18.643],[-69.722,18.646],[-69.723,18.646],[-69.724,18.645],[-69.724,18.644],[-69.725,18.643],[-69.726,18.643],[-69.727,18.642],[-69.728,18.641],[-69.728,18.639],[-69.73,18.639],[-69.73,18.637],[-69.729,18.636],[-69.729,18.634],[-69.73,18.634],[-69.73,18.635],[-69.733,18.635],[-69.733,18.634],[-69.734,18.634],[-69.734,18.633],[-69.736,18.633],[-69.738,18.632],[-69.739,18.632],[-69.739,18.631],[-69.74,18.631],[-69.74,18.63],[-69.741,18.63],[-69.741,18.628],[-69.743,18.628],[-69.743,18.627],[-69.744,18.627],[-69.744,18.626],[-69.745,18.626],[-69.745,18.619],[-69.746,18.619],[-69.746,18.615],[-69.749,18.615],[-69.749,18.613],[-69.75,18.612],[-69.75,18.607],[-69.751,18.607],[-69.751,18.605],[-69.752,18.605],[-69.752,18.604],[-69.751,18.604],[-69.751,18.603],[-69.752,18.603],[-69.752,18.602],[-69.753,18.602],[-69.753,18.599],[-69.754,18.598],[-69.755,18.597],[-69.756,18.597],[-69.756,18.598],[-69.758,18.598],[-69.758,18.597],[-69.759,18.597],[-69.759,18.598],[-69.76,18.598],[-69.761,18.597],[-69.761,18.596],[-69.765,18.596],[-69.765,18.594],[-69.766,18.594],[-69.766,18.595],[-69.767,18.595],[-69.767,18.596],[-69.768,18.595],[-69.769,18.594],[-69.77,18.593],[-69.77,18.592],[-69.768,18.592],[-69.768,18.589],[-69.769,18.589],[-69.769,18.587],[-69.771,18.587],[-69.771,18.586],[-69.772,18.586],[-69.772,18.585],[-69.773,18.585],[-69.773,18.583],[-69.774,18.583],[-69.774,18.584],[-69.775,18.584],[-69.775,18.583],[-69.776,18.582],[-69.777,18.582],[-69.776,18.583],[-69.777,18.584],[-69.778,18.584],[-69.778,18.582],[-69.78,18.582],[-69.78,18.579],[-69.782,18.579],[-69.782,18.58],[-69.783,18.58],[-69.783,18.578],[-69.784,18.578],[-69.785,18.577],[-69.786,18.576],[-69.786,18.579],[-69.787,18.579],[-69.787,18.58],[-69.788,18.58],[-69.788,18.581],[-69.789,18.581],[-69.789,18.582],[-69.79,18.583],[-69.79,18.589],[-69.791,18.589],[-69.791,18.59],[-69.792,18.59],[-69.792,18.591],[-69.793,18.592],[-69.794,18.593],[-69.793,18.594],[-69.793,18.595],[-69.791,18.597],[-69.791,18.601],[-69.79,18.601],[-69.79,18.603],[-69.791,18.604],[-69.791,18.605],[-69.792,18.605],[-69.792,18.607],[-69.791,18.608],[-69.791,18.61],[-69.792,18.61],[-69.793,18.611],[-69.795,18.611],[-69.796,18.61],[-69.796,18.612],[-69.793,18.612],[-69.793,18.615],[-69.794,18.616],[-69.795,18.617],[-69.796,18.617],[-69.796,18.618],[-69.797,18.618],[-69.797,18.62],[-69.796,18.621],[-69.797,18.621],[-69.797,18.622],[-69.798,18.622],[-69.798,18.624],[-69.799,18.624],[-69.799,18.625],[-69.8,18.625],[-69.8,18.626],[-69.801,18.626],[-69.802,18.625],[-69.803,18.625],[-69.803,18.627],[-69.804,18.626],[-69.805,18.626],[-69.805,18.625],[-69.806,18.626],[-69.806,18.627],[-69.807,18.627],[-69.807,18.628],[-69.809,18.628],[-69.809,18.627],[-69.81,18.627],[-69.81,18.626],[-69.811,18.625],[-69.816,18.625],[-69.817,18.626],[-69.817,18.627],[-69.819,18.627],[-69.819,18.629],[-69.818,18.629],[-69.818,18.63],[-69.819,18.63],[-69.82,18.631],[-69.821,18.631],[-69.822,18.632],[-69.822,18.636],[-69.821,18.636],[-69.821,18.639],[-69.822,18.639],[-69.822,18.64],[-69.821,18.641],[-69.821,18.646],[-69.822,18.647],[-69.822,18.649],[-69.821,18.65],[-69.82,18.65],[-69.82,18.651],[-69.819,18.651],[-69.819,18.653],[-69.821,18.654],[-69.821,18.655],[-69.824,18.655],[-69.824,18.657],[-69.823,18.657],[-69.823,18.659],[-69.821,18.659],[-69.821,18.657],[-69.819,18.657],[-69.819,18.659],[-69.82,18.659],[-69.821,18.66],[-69.821,18.662],[-69.824,18.662],[-69.825,18.661],[-69.826,18.66],[-69.829,18.66],[-69.83,18.659],[-69.83,18.657],[-69.831,18.657],[-69.831,18.656],[-69.832,18.656],[-69.832,18.655],[-69.833,18.654],[-69.834,18.654],[-69.834,18.657],[-69.835,18.657],[-69.836,18.658],[-69.837,18.659],[-69.837,18.66],[-69.838,18.661],[-69.838,18.663],[-69.837,18.664],[-69.837,18.666],[-69.838,18.666],[-69.838,18.665],[-69.841,18.665],[-69.842,18.666],[-69.842,18.667],[-69.841,18.668],[-69.843,18.67],[-69.843,18.671],[-69.844,18.671],[-69.844,18.673],[-69.845,18.673],[-69.845,18.674],[-69.846,18.674],[-69.846,18.676],[-69.847,18.677],[-69.847,18.678],[-69.848,18.678],[-69.849,18.679],[-69.85,18.679],[-69.85,18.68],[-69.851,18.681],[-69.853,18.681],[-69.854,18.682],[-69.855,18.682],[-69.855,18.685],[-69.854,18.685],[-69.854,18.686],[-69.853,18.687],[-69.853,18.689],[-69.858,18.689],[-69.858,18.69],[-69.859,18.691],[-69.857,18.691],[-69.857,18.692],[-69.856,18.693],[-69.856,18.694],[-69.858,18.694],[-69.859,18.695],[-69.859,18.696],[-69.86,18.697],[-69.86,18.699],[-69.859,18.699],[-69.859,18.7],[-69.86,18.701],[-69.861,18.701],[-69.861,18.702],[-69.862,18.702],[-69.862,18.703],[-69.863,18.703],[-69.863,18.702],[-69.866,18.702],[-69.866,18.703],[-69.867,18.703],[-69.867,18.704],[-69.868,18.705],[-69.866,18.705],[-69.866,18.706],[-69.865,18.706],[-69.865,18.708],[-69.867,18.708],[-69.867,18.709],[-69.87,18.709],[-69.87,18.708],[-69.873,18.708],[-69.873,18.706],[-69.874,18.706],[-69.874,18.705],[-69.877,18.705],[-69.877,18.706],[-69.878,18.706],[-69.879,18.707],[-69.882,18.707],[-69.882,18.708],[-69.883,18.708],[-69.883,18.709],[-69.884,18.71],[-69.885,18.71],[-69.885,18.709],[-69.887,18.709],[-69.887,18.708],[-69.888,18.708],[-69.888,18.707],[-69.889,18.707],[-69.889,18.705],[-69.89,18.705],[-69.89,18.706],[-69.891,18.707],[-69.893,18.707],[-69.893,18.706],[-69.894,18.706],[-69.894,18.705],[-69.897,18.705],[-69.897,18.704],[-69.899,18.704],[-69.899,18.703],[-69.9,18.703],[-69.9,18.704],[-69.901,18.704],[-69.901,18.703],[-69.902,18.703],[-69.902,18.702],[-69.903,18.701],[-69.903,18.699],[-69.904,18.699],[-69.904,18.698],[-69.905,18.698],[-69.905,18.699],[-69.906,18.698],[-69.907,18.698],[-69.907,18.697],[-69.908,18.697],[-69.908,18.696],[-69.911,18.696],[-69.912,18.695],[-69.916,18.695],[-69.916,18.696],[-69.917,18.696],[-69.918,18.697],[-69.918,18.698],[-69.919,18.698],[-69.92,18.699],[-69.921,18.7],[-69.922,18.7],[-69.922,18.703],[-69.923,18.703],[-69.924,18.702],[-69.925,18.702],[-69.925,18.701],[-69.927,18.701],[-69.927,18.699],[-69.928,18.698],[-69.928,18.7],[-69.93,18.7],[-69.93,18.701],[-69.932,18.701],[-69.932,18.702],[-69.933,18.702],[-69.933,18.703],[-69.934,18.703],[-69.934,18.701],[-69.935,18.702],[-69.936,18.702],[-69.936,18.701],[-69.938,18.701],[-69.938,18.702],[-69.939,18.702],[-69.939,18.703],[-69.938,18.703],[-69.938,18.704],[-69.939,18.704],[-69.939,18.705],[-69.94,18.705],[-69.94,18.704],[-69.943,18.704],[-69.943,18.705],[-69.944,18.705],[-69.944,18.706],[-69.945,18.707],[-69.945,18.708],[-69.948,18.708],[-69.948,18.707],[-69.949,18.707],[-69.949,18.706],[-69.95,18.706],[-69.95,18.708],[-69.951,18.708],[-69.951,18.706],[-69.953,18.706],[-69.953,18.707],[-69.954,18.707],[-69.954,18.709],[-69.953,18.709],[-69.954,18.71],[-69.954,18.711],[-69.955,18.712],[-69.955,18.714],[-69.956,18.714],[-69.957,18.715],[-69.957,18.714],[-69.958,18.714],[-69.958,18.713],[-69.959,18.713],[-69.959,18.711],[-69.96,18.71],[-69.961,18.71],[-69.961,18.711],[-69.962,18.711],[-69.962,18.708],[-69.96,18.708],[-69.96,18.707],[-69.959,18.707],[-69.957,18.705],[-69.956,18.705],[-69.956,18.704],[-69.955,18.704],[-69.955,18.703],[-69.954,18.702],[-69.954,18.7],[-69.953,18.7],[-69.953,18.695],[-69.954,18.695],[-69.954,18.694],[-69.955,18.693],[-69.957,18.693],[-69.957,18.694],[-69.958,18.694],[-69.959,18.693],[-69.96,18.693],[-69.961,18.692],[-69.961,18.691],[-69.962,18.691],[-69.962,18.686],[-69.963,18.686],[-69.964,18.685],[-69.965,18.685],[-69.965,18.684],[-69.966,18.683],[-69.971,18.683],[-69.971,18.684],[-69.972,18.684],[-69.973,18.685],[-69.974,18.684],[-69.975,18.684],[-69.975,18.685],[-69.977,18.685],[-69.977,18.68],[-69.976,18.68],[-69.977,18.679],[-69.977,18.677],[-69.978,18.677],[-69.978,18.676],[-69.982,18.676],[-69.982,18.674],[-69.983,18.674],[-69.984,18.673],[-69.985,18.673],[-69.985,18.672],[-69.986,18.672],[-69.986,18.669],[-69.988,18.669],[-69.988,18.67],[-69.992,18.67],[-69.992,18.668],[-69.994,18.668],[-69.994,18.671],[-69.993,18.671],[-69.993,18.672],[-69.995,18.672],[-69.995,18.671],[-69.996,18.671],[-69.996,18.67],[-69.997,18.67],[-69.998,18.669],[-69.999,18.669],[-69.999,18.667],[-70,18.667],[-70,18.668],[-70.004,18.668],[-70.004,18.667],[-70.005,18.668],[-70.008,18.668],[-70.008,18.667],[-70.009,18.667],[-70.009,18.666],[-70.012,18.666],[-70.012,18.664],[-70.013,18.664],[-70.014,18.663],[-70.015,18.663],[-70.016,18.662],[-70.018,18.661],[-70.017,18.66],[-70.017,18.659],[-70.019,18.659],[-70.019,18.66],[-70.022,18.66],[-70.022,18.661],[-70.023,18.661],[-70.023,18.662],[-70.031,18.662],[-70.032,18.663],[-70.034,18.663],[-70.035,18.664],[-70.035,18.665],[-70.036,18.664],[-70.036,18.665],[-70.038,18.666],[-70.04,18.666],[-70.041,18.667],[-70.041,18.668],[-70.042,18.668],[-70.043,18.669],[-70.044,18.669],[-70.046,18.671],[-70.048,18.672],[-70.05,18.675],[-70.05,18.676],[-70.052,18.678],[-70.057,18.678],[-70.058,18.679],[-70.059,18.68],[-70.062,18.683],[-70.063,18.685],[-70.065,18.687],[-70.066,18.688],[-70.07,18.688],[-70.073,18.687],[-70.077,18.687],[-70.078,18.686],[-70.087,18.686],[-70.089,18.685],[-70.091,18.684],[-70.092,18.683],[-70.093,18.683],[-70.094,18.684],[-70.095,18.684],[-70.095,18.685],[-70.096,18.686],[-70.096,18.688],[-70.099,18.691],[-70.103,18.696],[-70.106,18.698],[-70.107,18.699],[-70.111,18.699],[-70.113,18.7],[-70.114,18.7],[-70.117,18.701],[-70.117,18.702],[-70.118,18.702],[-70.119,18.704],[-70.119,18.705],[-70.12,18.705],[-70.121,18.706],[-70.122,18.706],[-70.123,18.707],[-70.123,18.708],[-70.124,18.708],[-70.126,18.71],[-70.127,18.712],[-70.127,18.713],[-70.128,18.714],[-70.13,18.714],[-70.13,18.715],[-70.132,18.715],[-70.132,18.718],[-70.133,18.718],[-70.134,18.72],[-70.135,18.721],[-70.136,18.722],[-70.136,18.723],[-70.137,18.723],[-70.137,18.725],[-70.138,18.726],[-70.139,18.726],[-70.14,18.727],[-70.14,18.728],[-70.141,18.729],[-70.15,18.729],[-70.151,18.728],[-70.153,18.728],[-70.154,18.729],[-70.155,18.729],[-70.156,18.728],[-70.16,18.728],[-70.16,18.729],[-70.164,18.729],[-70.165,18.728],[-70.166,18.728],[-70.168,18.726],[-70.17,18.726],[-70.171,18.725],[-70.174,18.725],[-70.174,18.724],[-70.175,18.723],[-70.175,18.719]]],[[[-70.017,18.413],[-70.016,18.413],[-70.016,18.417],[-70.017,18.414],[-70.017,18.413]]],[[[-69.884,18.465],[-69.883,18.465],[-69.883,18.466],[-69.884,18.465]]],[[[-69.722,18.646],[-69.721,18.646],[-69.722,18.647],[-69.722,18.646]]],[[[-69.721,18.643],[-69.72,18.643],[-69.72,18.644],[-69.721,18.644],[-69.721,18.643]]],[[[-69.629,18.438],[-69.625,18.438],[-69.624,18.439],[-69.624,18.442],[-69.626,18.442],[-69.627,18.441],[-69.627,18.44],[-69.628,18.44],[-69.628,18.439],[-69.629,18.439],[-69.629,18.438]]],[[[-69.615,18.443],[-69.614,18.443],[-69.614,18.444],[-69.615,18.444],[-69.615,18.443]]],[[[-69.6,18.506],[-69.599,18.506],[-69.599,18.507],[-69.6,18.506]]],[[[-69.5202,18.40403],[-69.52019,18.40401],[-69.52014,18.404],[-69.52013,18.40402],[-69.52012,18.40403],[-69.52013,18.40405],[-69.52019,18.40405],[-69.52019,18.40404],[-69.5202,18.40403]]],[[[-69.52,18.40378],[-69.51996,18.40377],[-69.51995,18.40378],[-69.51993,18.4038],[-69.51992,18.40384],[-69.51994,18.40386],[-69.51995,18.40387],[-69.51996,18.40386],[-69.51999,18.40382],[-69.52,18.40378]]]]}},{"type":"Feature","properties":{"shapeName":"Distrito Nacional","provinceKey":"distritonacional","shapeType":"ADM1"},"geometry":{"type":"MultiPolygon","coordinates":[[[[-69.999,18.503],[-69.998,18.502],[-69.997,18.502],[-69.997,18.501],[-69.996,18.5],[-69.994,18.499],[-69.993,18.499],[-69.992,18.498],[-69.991,18.497],[-69.99,18.497],[-69.99,18.496],[-69.989,18.495],[-69.987,18.494],[-69.985,18.493],[-69.985,18.492],[-69.984,18.491],[-69.983,18.49],[-69.982,18.49],[-69.98,18.488],[-69.979,18.487],[-69.978,18.486],[-69.977,18.486],[-69.975,18.483],[-69.972,18.481],[-69.972,18.48],[-69.971,18.48],[-69.97,18.479],[-69.968,18.479],[-69.968,18.47],[-69.969,18.466],[-69.969,18.462],[-69.97,18.459],[-69.97,18.458],[-69.971,18.458],[-69.972,18.454],[-69.973,18.453],[-69.973,18.452],[-69.974,18.452],[-69.974,18.449],[-69.975,18.449],[-69.975,18.448],[-69.976,18.448],[-69.976,18.447],[-69.977,18.444],[-69.978,18.442],[-69.978,18.441],[-69.979,18.441],[-69.98,18.44],[-69.98,18.439],[-69.982,18.437],[-69.982,18.436],[-69.983,18.436],[-69.983,18.435],[-69.984,18.435],[-69.984,18.434],[-69.985,18.434],[-69.985,18.433],[-69.987,18.432],[-69.988,18.431],[-69.989,18.43],[-69.99,18.43],[-69.99,18.426],[-69.989,18.426],[-69.989,18.423],[-69.987,18.423],[-69.987,18.424],[-69.985,18.424],[-69.985,18.425],[-69.983,18.425],[-69.983,18.426],[-69.98,18.426],[-69.98,18.427],[-69.979,18.427],[-69.979,18.426],[-69.973,18.426],[-69.973,18.427],[-69.972,18.427],[-69.972,18.426],[-69.971,18.426],[-69.971,18.427],[-69.967,18.427],[-69.967,18.428],[-69.964,18.428],[-69.964,18.429],[-69.963,18.428],[-69.963,18.429],[-69.962,18.429],[-69.962,18.43],[-69.959,18.43],[-69.959,18.431],[-69.956,18.431],[-69.95,18.432],[-69.95,18.433],[-69.946,18.433],[-69.946,18.434],[-69.943,18.434],[-69.943,18.435],[-69.941,18.435],[-69.941,18.436],[-69.94,18.436],[-69.94,18.437],[-69.937,18.437],[-69.937,18.438],[-69.934,18.438],[-69.934,18.439],[-69.933,18.439],[-69.932,18.44],[-69.931,18.44],[-69.931,18.441],[-69.93,18.441],[-69.93,18.442],[-69.928,18.442],[-69.928,18.443],[-69.927,18.443],[-69.927,18.444],[-69.926,18.444],[-69.926,18.445],[-69.925,18.445],[-69.924,18.446],[-69.924,18.447],[-69.923,18.447],[-69.923,18.449],[-69.922,18.449],[-69.922,18.451],[-69.921,18.451],[-69.921,18.452],[-69.92,18.452],[-69.92,18.453],[-69.919,18.453],[-69.919,18.454],[-69.917,18.454],[-69.917,18.455],[-69.916,18.455],[-69.916,18.456],[-69.913,18.456],[-69.912,18.457],[-69.91,18.457],[-69.909,18.458],[-69.907,18.458],[-69.907,18.459],[-69.905,18.459],[-69.904,18.46],[-69.902,18.46],[-69.902,18.461],[-69.898,18.461],[-69.898,18.462],[-69.897,18.462],[-69.897,18.463],[-69.895,18.463],[-69.895,18.464],[-69.892,18.464],[-69.892,18.466],[-69.89,18.466],[-69.89,18.467],[-69.889,18.467],[-69.889,18.468],[-69.888,18.467],[-69.888,18.468],[-69.885,18.468],[-69.884,18.467],[-69.882,18.468],[-69.881,18.469],[-69.88,18.47],[-69.88,18.473],[-69.881,18.474],[-69.881,18.478],[-69.882,18.479],[-69.882,18.481],[-69.883,18.481],[-69.883,18.488],[-69.882,18.489],[-69.882,18.49],[-69.88,18.492],[-69.879,18.492],[-69.879,18.493],[-69.877,18.495],[-69.876,18.497],[-69.875,18.498],[-69.875,18.503],[-69.876,18.504],[-69.876,18.506],[-69.877,18.506],[-69.877,18.507],[-69.878,18.507],[-69.878,18.508],[-69.88,18.508],[-69.882,18.51],[-69.884,18.511],[-69.885,18.511],[-69.887,18.512],[-69.891,18.512],[-69.893,18.513],[-69.894,18.513],[-69.895,18.514],[-69.898,18.514],[-69.9,18.512],[-69.901,18.512],[-69.902,18.511],[-69.904,18.51],[-69.922,18.51],[-69.923,18.511],[-69.925,18.511],[-69.926,18.512],[-69.928,18.512],[-69.928,18.513],[-69.929,18.513],[-69.93,18.514],[-69.931,18.515],[-69.932,18.516],[-69.932,18.517],[-69.933,18.517],[-69.933,18.518],[-69.932,18.518],[-69.933,18.519],[-69.934,18.52],[-69.937,18.52],[-69.937,18.521],[-69.938,18.52],[-69.94,18.52],[-69.94,18.519],[-69.941,18.519],[-69.941,18.518],[-69.942,18.518],[-69.942,18.517],[-69.943,18.517],[-69.943,18.516],[-69.944,18.516],[-69.944,18.515],[-69.945,18.515],[-69.945,18.514],[-69.948,18.514],[-69.949,18.515],[-69.951,18.515],[-69.951,18.516],[-69.953,18.516],[-69.953,18.517],[-69.955,18.517],[-69.956,18.518],[-69.956,18.519],[-69.957,18.519],[-69.959,18.521],[-69.96,18.522],[-69.96,18.523],[-69.961,18.525],[-69.961,18.529],[-69.96,18.53],[-69.96,18.531],[-69.959,18.531],[-69.959,18.533],[-69.96,18.533],[-69.96,18.536],[-69.962,18.536],[-69.962,18.538],[-69.961,18.538],[-69.962,18.539],[-69.962,18.54],[-69.963,18.54],[-69.963,18.541],[-69.966,18.541],[-69.966,18.542],[-69.967,18.542],[-69.967,18.543],[-69.968,18.544],[-69.968,18.545],[-69.969,18.545],[-69.969,18.544],[-69.972,18.544],[-69.972,18.546],[-69.973,18.546],[-69.973,18.545],[-69.976,18.545],[-69.976,18.546],[-69.978,18.546],[-69.978,18.547],[-69.98,18.547],[-69.98,18.548],[-69.981,18.548],[-69.981,18.544],[-69.982,18.544],[-69.982,18.543],[-69.985,18.543],[-69.985,18.544],[-69.987,18.544],[-69.987,18.543],[-69.99,18.543],[-69.991,18.542],[-69.992,18.542],[-69.992,18.541],[-69.991,18.54],[-69.991,18.538],[-69.99,18.538],[-69.99,18.536],[-69.991,18.536],[-69.991,18.535],[-69.992,18.535],[-69.991,18.534],[-69.99,18.533],[-69.99,18.531],[-69.992,18.53],[-69.993,18.529],[-69.994,18.529],[-69.995,18.528],[-69.995,18.526],[-69.994,18.526],[-69.994,18.525],[-69.993,18.524],[-69.993,18.523],[-69.99,18.523],[-69.99,18.511],[-69.991,18.51],[-69.992,18.51],[-69.992,18.507],[-69.994,18.507],[-69.995,18.508],[-69.997,18.508],[-69.997,18.507],[-69.999,18.506],[-69.999,18.503]]]]}},{"type":"Feature","properties":{"shapeName":"La Romana","provinceKey":"laromana","shapeType":"ADM1"},"geometry":{"type":"MultiPolygon","coordinates":[[[[-69.119,18.475],[-69.118,18.475],[-69.118,18.47],[-69.117,18.469],[-69.116,18.469],[-69.116,18.47],[-69.113,18.47],[-69.113,18.466],[-69.114,18.466],[-69.114,18.461],[-69.113,18.46],[-69.113,18.461],[-69.112,18.46],[-69.107,18.46],[-69.107,18.457],[-69.105,18.457],[-69.105,18.456],[-69.104,18.456],[-69.104,18.453],[-69.102,18.453],[-69.101,18.452],[-69.1,18.452],[-69.099,18.451],[-69.098,18.451],[-69.098,18.45],[-69.097,18.449],[-69.096,18.449],[-69.096,18.448],[-69.095,18.448],[-69.095,18.446],[-69.096,18.445],[-69.096,18.443],[-69.095,18.443],[-69.095,18.442],[-69.094,18.442],[-69.094,18.441],[-69.093,18.441],[-69.093,18.439],[-69.092,18.439],[-69.091,18.44],[-69.091,18.441],[-69.088,18.441],[-69.088,18.437],[-69.087,18.437],[-69.087,18.436],[-69.086,18.435],[-69.086,18.433],[-69.087,18.433],[-69.088,18.432],[-69.089,18.432],[-69.089,18.431],[-69.09,18.431],[-69.088,18.429],[-69.088,18.428],[-69.087,18.428],[-69.087,18.425],[-69.088,18.424],[-69.088,18.423],[-69.087,18.422],[-69.086,18.421],[-69.084,18.421],[-69.084,18.42],[-69.083,18.42],[-69.082,18.419],[-69.082,18.417],[-69.083,18.416],[-69.084,18.416],[-69.086,18.415],[-69.088,18.415],[-69.089,18.414],[-69.089,18.411],[-69.088,18.41],[-69.088,18.409],[-69.087,18.409],[-69.087,18.408],[-69.086,18.406],[-69.086,18.405],[-69.085,18.403],[-69.085,18.402],[-69.084,18.4],[-69.084,18.393],[-69.083,18.393],[-69.083,18.394],[-69.082,18.394],[-69.082,18.393],[-69.075,18.393],[-69.075,18.392],[-69.074,18.392],[-69.073,18.393],[-69.072,18.393],[-69.072,18.392],[-69.057,18.392],[-69.057,18.393],[-69.055,18.392],[-69.055,18.393],[-69.048,18.393],[-69.048,18.394],[-69.047,18.393],[-69.046,18.393],[-69.046,18.394],[-69.045,18.393],[-69.045,18.394],[-69.036,18.394],[-69.036,18.395],[-69.035,18.394],[-69.035,18.395],[-69.034,18.394],[-69.034,18.395],[-69.029,18.395],[-69.029,18.396],[-69.021,18.397],[-69.021,18.396],[-69.015,18.396],[-69.015,18.397],[-69.012,18.397],[-69.012,18.398],[-69.01,18.398],[-69.01,18.399],[-69.009,18.398],[-69.009,18.399],[-69.007,18.399],[-69.007,18.4],[-69.004,18.4],[-69.004,18.401],[-69.001,18.401],[-69.001,18.402],[-68.994,18.402],[-68.994,18.403],[-68.991,18.403],[-68.991,18.402],[-68.985,18.402],[-68.985,18.401],[-68.98,18.4],[-68.98,18.401],[-68.977,18.401],[-68.977,18.402],[-68.975,18.402],[-68.975,18.404],[-68.974,18.404],[-68.974,18.408],[-68.973,18.408],[-68.973,18.409],[-68.971,18.409],[-68.971,18.411],[-68.968,18.411],[-68.968,18.412],[-68.965,18.412],[-68.965,18.413],[-68.963,18.413],[-68.963,18.414],[-68.959,18.414],[-68.958,18.415],[-68.957,18.415],[-68.957,18.414],[-68.952,18.414],[-68.952,18.413],[-68.951,18.413],[-68.951,18.412],[-68.95,18.411],[-68.95,18.409],[-68.949,18.409],[-68.949,18.407],[-68.948,18.407],[-68.948,18.406],[-68.947,18.406],[-68.947,18.407],[-68.946,18.407],[-68.945,18.408],[-68.946,18.408],[-68.946,18.409],[-68.945,18.409],[-68.944,18.41],[-68.941,18.41],[-68.94,18.409],[-68.938,18.409],[-68.938,18.408],[-68.936,18.408],[-68.935,18.407],[-68.935,18.406],[-68.933,18.406],[-68.933,18.405],[-68.923,18.405],[-68.923,18.404],[-68.921,18.404],[-68.92,18.403],[-68.917,18.403],[-68.917,18.402],[-68.914,18.402],[-68.913,18.401],[-68.912,18.401],[-68.912,18.4],[-68.915,18.4],[-68.915,18.399],[-68.917,18.399],[-68.917,18.398],[-68.907,18.398],[-68.907,18.399],[-68.906,18.399],[-68.906,18.398],[-68.904,18.398],[-68.904,18.399],[-68.905,18.399],[-68.905,18.401],[-68.903,18.401],[-68.902,18.4],[-68.901,18.4],[-68.901,18.402],[-68.902,18.402],[-68.901,18.403],[-68.9,18.403],[-68.9,18.399],[-68.899,18.399],[-68.899,18.398],[-68.897,18.398],[-68.897,18.401],[-68.898,18.402],[-68.898,18.407],[-68.897,18.408],[-68.896,18.409],[-68.894,18.411],[-68.892,18.412],[-68.892,18.413],[-68.89,18.413],[-68.888,18.414],[-68.887,18.414],[-68.887,18.415],[-68.886,18.416],[-68.886,18.417],[-68.887,18.418],[-68.887,18.421],[-68.888,18.422],[-68.889,18.423],[-68.889,18.427],[-68.888,18.428],[-68.888,18.429],[-68.886,18.431],[-68.885,18.432],[-68.884,18.433],[-68.884,18.435],[-68.885,18.436],[-68.886,18.437],[-68.888,18.437],[-68.888,18.44],[-68.887,18.44],[-68.887,18.441],[-68.886,18.441],[-68.886,18.443],[-68.885,18.444],[-68.883,18.446],[-68.883,18.447],[-68.884,18.448],[-68.885,18.448],[-68.886,18.449],[-68.887,18.449],[-68.887,18.451],[-68.886,18.451],[-68.885,18.452],[-68.884,18.452],[-68.883,18.451],[-68.882,18.451],[-68.881,18.45],[-68.881,18.451],[-68.88,18.451],[-68.879,18.452],[-68.878,18.453],[-68.877,18.454],[-68.876,18.454],[-68.875,18.455],[-68.875,18.456],[-68.874,18.456],[-68.874,18.459],[-68.875,18.459],[-68.876,18.46],[-68.877,18.46],[-68.877,18.462],[-68.878,18.462],[-68.878,18.463],[-68.879,18.463],[-68.879,18.464],[-68.88,18.464],[-68.88,18.467],[-68.876,18.467],[-68.876,18.468],[-68.873,18.468],[-68.873,18.47],[-68.872,18.47],[-68.872,18.471],[-68.869,18.471],[-68.868,18.472],[-68.868,18.474],[-68.869,18.474],[-68.869,18.475],[-68.87,18.475],[-68.87,18.478],[-68.871,18.478],[-68.871,18.479],[-68.872,18.48],[-68.872,18.482],[-68.87,18.482],[-68.869,18.483],[-68.868,18.483],[-68.867,18.484],[-68.863,18.484],[-68.863,18.485],[-68.862,18.486],[-68.861,18.486],[-68.86,18.487],[-68.859,18.488],[-68.859,18.49],[-68.861,18.492],[-68.861,18.493],[-68.86,18.494],[-68.86,18.495],[-68.857,18.495],[-68.856,18.496],[-68.855,18.497],[-68.854,18.498],[-68.854,18.499],[-68.853,18.5],[-68.853,18.502],[-68.852,18.502],[-68.852,18.506],[-68.851,18.507],[-68.85,18.508],[-68.848,18.508],[-68.847,18.509],[-68.846,18.509],[-68.846,18.51],[-68.845,18.51],[-68.844,18.511],[-68.844,18.516],[-68.843,18.516],[-68.843,18.517],[-68.842,18.517],[-68.842,18.519],[-68.843,18.519],[-68.844,18.52],[-68.85,18.52],[-68.85,18.522],[-68.848,18.522],[-68.847,18.523],[-68.847,18.531],[-68.848,18.531],[-68.848,18.532],[-68.849,18.533],[-68.849,18.54],[-68.848,18.541],[-68.847,18.541],[-68.847,18.543],[-68.848,18.544],[-68.847,18.544],[-68.847,18.546],[-68.848,18.547],[-68.848,18.548],[-68.849,18.548],[-68.849,18.551],[-68.848,18.551],[-68.848,18.552],[-68.847,18.553],[-68.847,18.555],[-68.848,18.556],[-68.848,18.557],[-68.849,18.557],[-68.849,18.556],[-68.851,18.556],[-68.851,18.555],[-68.853,18.555],[-68.854,18.556],[-68.854,18.557],[-68.853,18.558],[-68.852,18.559],[-68.852,18.56],[-68.851,18.561],[-68.851,18.564],[-68.852,18.564],[-68.853,18.565],[-68.854,18.565],[-68.855,18.564],[-68.86,18.564],[-68.861,18.565],[-68.862,18.566],[-68.863,18.566],[-68.863,18.567],[-68.862,18.568],[-68.863,18.569],[-68.864,18.57],[-68.866,18.57],[-68.866,18.571],[-68.867,18.571],[-68.868,18.572],[-68.87,18.573],[-68.871,18.573],[-68.872,18.574],[-68.873,18.575],[-68.873,18.576],[-68.875,18.576],[-68.875,18.577],[-68.876,18.577],[-68.876,18.579],[-68.875,18.579],[-68.875,18.585],[-68.878,18.585],[-68.878,18.586],[-68.884,18.586],[-68.884,18.587],[-68.885,18.587],[-68.885,18.589],[-68.884,18.59],[-68.884,18.592],[-68.885,18.594],[-68.886,18.595],[-68.886,18.597],[-68.887,18.598],[-68.887,18.599],[-68.888,18.6],[-68.888,18.602],[-68.889,18.602],[-68.889,18.605],[-68.89,18.605],[-68.891,18.606],[-68.892,18.606],[-68.893,18.607],[-68.895,18.607],[-68.896,18.608],[-68.897,18.608],[-68.898,18.609],[-68.899,18.609],[-68.9,18.61],[-68.901,18.61],[-68.902,18.609],[-68.904,18.608],[-68.905,18.608],[-68.906,18.609],[-68.906,18.613],[-68.905,18.615],[-68.905,18.627],[-68.904,18.628],[-68.903,18.63],[-68.903,18.634],[-68.904,18.635],[-68.904,18.636],[-68.905,18.636],[-68.905,18.639],[-68.906,18.64],[-68.907,18.641],[-68.908,18.641],[-68.908,18.642],[-68.909,18.641],[-68.91,18.641],[-68.911,18.64],[-68.912,18.639],[-68.914,18.639],[-68.915,18.64],[-68.916,18.641],[-68.916,18.644],[-68.915,18.645],[-68.914,18.646],[-68.913,18.647],[-68.912,18.648],[-68.912,18.649],[-68.913,18.649],[-68.914,18.65],[-68.919,18.65],[-68.92,18.651],[-68.921,18.651],[-68.922,18.652],[-68.923,18.652],[-68.923,18.653],[-68.925,18.653],[-68.926,18.654],[-68.926,18.655],[-68.927,18.655],[-68.927,18.657],[-68.929,18.657],[-68.929,18.658],[-68.93,18.658],[-68.93,18.659],[-68.932,18.659],[-68.932,18.658],[-68.933,18.658],[-68.933,18.657],[-68.934,18.657],[-68.935,18.656],[-68.935,18.657],[-68.937,18.657],[-68.938,18.656],[-68.939,18.656],[-68.939,18.657],[-68.94,18.657],[-68.94,18.658],[-68.941,18.658],[-68.941,18.659],[-68.942,18.658],[-68.943,18.658],[-68.943,18.659],[-68.944,18.658],[-68.945,18.658],[-68.945,18.657],[-68.95,18.657],[-68.951,18.658],[-68.952,18.659],[-68.955,18.659],[-68.955,18.657],[-68.956,18.657],[-68.956,18.656],[-68.957,18.656],[-68.957,18.655],[-68.958,18.655],[-68.958,18.654],[-68.959,18.654],[-68.959,18.653],[-68.96,18.652],[-68.96,18.65],[-68.965,18.65],[-68.965,18.647],[-68.973,18.647],[-68.973,18.645],[-68.974,18.644],[-68.974,18.642],[-68.975,18.642],[-68.976,18.641],[-68.976,18.642],[-68.977,18.642],[-68.977,18.641],[-68.98,18.641],[-68.98,18.64],[-68.981,18.64],[-68.981,18.639],[-68.982,18.639],[-68.982,18.634],[-68.983,18.634],[-68.983,18.632],[-68.984,18.632],[-68.984,18.63],[-68.985,18.63],[-68.985,18.629],[-68.984,18.629],[-68.984,18.628],[-68.985,18.628],[-68.985,18.624],[-68.986,18.624],[-68.986,18.622],[-68.987,18.622],[-68.987,18.62],[-68.988,18.62],[-68.988,18.617],[-68.989,18.617],[-68.989,18.616],[-68.99,18.616],[-68.99,18.614],[-68.991,18.614],[-68.991,18.613],[-68.992,18.613],[-68.992,18.611],[-68.993,18.611],[-68.993,18.61],[-68.995,18.61],[-68.995,18.609],[-68.996,18.609],[-68.996,18.607],[-68.997,18.607],[-68.997,18.605],[-68.998,18.605],[-68.998,18.603],[-68.999,18.603],[-68.999,18.6],[-69,18.6],[-69,18.599],[-69.001,18.599],[-69.001,18.596],[-69.002,18.596],[-69.002,18.595],[-69.003,18.594],[-69.004,18.593],[-69.004,18.592],[-69.008,18.592],[-69.008,18.591],[-69.009,18.591],[-69.009,18.59],[-69.01,18.59],[-69.01,18.588],[-69.009,18.587],[-69.009,18.586],[-69.01,18.586],[-69.01,18.584],[-69.011,18.584],[-69.011,18.583],[-69.013,18.583],[-69.013,18.582],[-69.014,18.581],[-69.015,18.58],[-69.015,18.577],[-69.018,18.577],[-69.018,18.576],[-69.019,18.576],[-69.019,18.577],[-69.023,18.577],[-69.024,18.576],[-69.025,18.576],[-69.025,18.575],[-69.026,18.575],[-69.026,18.574],[-69.028,18.574],[-69.028,18.573],[-69.031,18.571],[-69.033,18.571],[-69.033,18.57],[-69.037,18.57],[-69.037,18.569],[-69.038,18.569],[-69.038,18.568],[-69.039,18.569],[-69.039,18.568],[-69.04,18.567],[-69.041,18.567],[-69.041,18.565],[-69.042,18.565],[-69.042,18.56],[-69.041,18.56],[-69.041,18.559],[-69.042,18.559],[-69.041,18.558],[-69.042,18.558],[-69.042,18.555],[-69.043,18.555],[-69.043,18.554],[-69.044,18.554],[-69.044,18.553],[-69.047,18.553],[-69.048,18.552],[-69.048,18.551],[-69.049,18.55],[-69.05,18.55],[-69.05,18.547],[-69.052,18.547],[-69.052,18.546],[-69.053,18.546],[-69.053,18.545],[-69.052,18.545],[-69.052,18.544],[-69.054,18.544],[-69.054,18.543],[-69.053,18.542],[-69.053,18.54],[-69.057,18.54],[-69.057,18.539],[-69.06,18.538],[-69.06,18.536],[-69.062,18.536],[-69.062,18.535],[-69.063,18.535],[-69.064,18.534],[-69.065,18.534],[-69.066,18.533],[-69.067,18.533],[-69.067,18.53],[-69.068,18.53],[-69.069,18.529],[-69.073,18.529],[-69.073,18.53],[-69.075,18.53],[-69.075,18.529],[-69.076,18.528],[-69.078,18.528],[-69.078,18.529],[-69.08,18.529],[-69.081,18.528],[-69.083,18.528],[-69.083,18.527],[-69.084,18.527],[-69.084,18.528],[-69.086,18.528],[-69.086,18.525],[-69.087,18.525],[-69.087,18.523],[-69.09,18.523],[-69.09,18.522],[-69.091,18.522],[-69.091,18.521],[-69.09,18.521],[-69.09,18.517],[-69.091,18.517],[-69.091,18.518],[-69.092,18.518],[-69.092,18.51],[-69.094,18.51],[-69.094,18.509],[-69.095,18.509],[-69.095,18.508],[-69.096,18.507],[-69.096,18.504],[-69.097,18.504],[-69.097,18.505],[-69.1,18.505],[-69.1,18.504],[-69.101,18.504],[-69.101,18.503],[-69.103,18.503],[-69.103,18.502],[-69.104,18.502],[-69.104,18.501],[-69.105,18.501],[-69.105,18.497],[-69.108,18.497],[-69.109,18.496],[-69.109,18.495],[-69.11,18.495],[-69.11,18.494],[-69.111,18.494],[-69.111,18.492],[-69.112,18.492],[-69.112,18.491],[-69.111,18.491],[-69.111,18.488],[-69.11,18.488],[-69.111,18.487],[-69.115,18.487],[-69.115,18.483],[-69.118,18.483],[-69.118,18.482],[-69.117,18.481],[-69.116,18.481],[-69.115,18.48],[-69.115,18.478],[-69.116,18.478],[-69.117,18.479],[-69.117,18.478],[-69.119,18.478],[-69.119,18.475]]],[[[-69.026,18.357],[-69.025,18.356],[-69.025,18.352],[-69.024,18.352],[-69.024,18.351],[-69.023,18.351],[-69.023,18.35],[-69.021,18.35],[-69.021,18.349],[-69.02,18.349],[-69.019,18.348],[-69.017,18.348],[-69.016,18.347],[-69.015,18.346],[-69.013,18.346],[-69.012,18.345],[-69.011,18.345],[-69.01,18.344],[-69.008,18.344],[-69.007,18.343],[-69.005,18.342],[-69.004,18.342],[-69.003,18.341],[-69,18.341],[-68.999,18.34],[-68.994,18.34],[-68.993,18.341],[-68.993,18.342],[-68.992,18.342],[-68.992,18.346],[-68.993,18.346],[-68.994,18.347],[-68.994,18.348],[-68.993,18.349],[-68.993,18.353],[-68.994,18.353],[-68.994,18.355],[-68.995,18.356],[-68.995,18.358],[-68.996,18.359],[-68.996,18.36],[-68.997,18.362],[-68.998,18.362],[-68.999,18.363],[-69,18.365],[-69.001,18.366],[-69.001,18.367],[-69.002,18.368],[-69.004,18.37],[-69.005,18.371],[-69.006,18.372],[-69.006,18.373],[-69.007,18.373],[-69.008,18.374],[-69.01,18.376],[-69.011,18.377],[-69.012,18.378],[-69.014,18.378],[-69.015,18.377],[-69.017,18.377],[-69.019,18.373],[-69.02,18.37],[-69.02,18.367],[-69.021,18.365],[-69.021,18.364],[-69.02,18.363],[-69.02,18.36],[-69.021,18.358],[-69.021,18.357],[-69.022,18.356],[-69.023,18.356],[-69.024,18.357],[-69.026,18.357]]],[[[-68.903,18.398],[-68.902,18.398],[-68.902,18.399],[-68.903,18.399],[-68.903,18.398]]],[[[-68.785,18.173],[-68.784,18.173],[-68.783,18.172],[-68.782,18.172],[-68.781,18.171],[-68.78,18.171],[-68.779,18.17],[-68.778,18.169],[-68.778,18.168],[-68.777,18.167],[-68.776,18.166],[-68.773,18.166],[-68.772,18.165],[-68.772,18.164],[-68.771,18.163],[-68.771,18.162],[-68.77,18.162],[-68.77,18.161],[-68.769,18.161],[-68.769,18.16],[-68.768,18.159],[-68.767,18.158],[-68.766,18.157],[-68.765,18.157],[-68.765,18.156],[-68.764,18.155],[-68.763,18.154],[-68.762,18.153],[-68.761,18.152],[-68.761,18.151],[-68.762,18.151],[-68.762,18.15],[-68.761,18.15],[-68.76,18.149],[-68.758,18.147],[-68.757,18.146],[-68.755,18.144],[-68.754,18.143],[-68.754,18.14],[-68.755,18.14],[-68.755,18.139],[-68.757,18.139],[-68.757,18.137],[-68.754,18.137],[-68.753,18.136],[-68.751,18.136],[-68.751,18.135],[-68.748,18.135],[-68.747,18.134],[-68.744,18.134],[-68.744,18.133],[-68.743,18.133],[-68.743,18.132],[-68.74,18.132],[-68.74,18.131],[-68.737,18.131],[-68.737,18.13],[-68.735,18.13],[-68.734,18.129],[-68.733,18.129],[-68.733,18.128],[-68.73,18.128],[-68.73,18.127],[-68.726,18.127],[-68.725,18.126],[-68.721,18.126],[-68.721,18.125],[-68.718,18.125],[-68.717,18.124],[-68.715,18.124],[-68.715,18.123],[-68.712,18.123],[-68.711,18.122],[-68.71,18.122],[-68.71,18.121],[-68.708,18.121],[-68.708,18.12],[-68.705,18.12],[-68.704,18.119],[-68.703,18.119],[-68.702,18.118],[-68.701,18.118],[-68.7,18.117],[-68.698,18.117],[-68.697,18.116],[-68.695,18.116],[-68.694,18.115],[-68.689,18.115],[-68.688,18.114],[-68.687,18.114],[-68.686,18.115],[-68.685,18.115],[-68.685,18.116],[-68.68,18.117],[-68.679,18.117],[-68.679,18.119],[-68.678,18.119],[-68.678,18.12],[-68.677,18.121],[-68.675,18.121],[-68.675,18.122],[-68.674,18.122],[-68.673,18.123],[-68.669,18.123],[-68.668,18.124],[-68.666,18.124],[-68.665,18.125],[-68.664,18.125],[-68.663,18.126],[-68.658,18.126],[-68.658,18.125],[-68.656,18.125],[-68.656,18.124],[-68.655,18.125],[-68.654,18.125],[-68.654,18.126],[-68.653,18.126],[-68.653,18.127],[-68.652,18.127],[-68.651,18.128],[-68.649,18.128],[-68.649,18.129],[-68.647,18.129],[-68.647,18.13],[-68.644,18.13],[-68.643,18.129],[-68.643,18.13],[-68.642,18.13],[-68.642,18.129],[-68.639,18.129],[-68.639,18.128],[-68.631,18.128],[-68.63,18.127],[-68.624,18.127],[-68.623,18.126],[-68.621,18.126],[-68.621,18.125],[-68.617,18.125],[-68.617,18.124],[-68.615,18.124],[-68.615,18.123],[-68.613,18.123],[-68.613,18.122],[-68.611,18.122],[-68.611,18.121],[-68.61,18.121],[-68.61,18.122],[-68.609,18.121],[-68.607,18.121],[-68.606,18.12],[-68.602,18.12],[-68.6,18.119],[-68.598,18.119],[-68.598,18.118],[-68.589,18.118],[-68.589,18.115],[-68.587,18.115],[-68.587,18.113],[-68.583,18.113],[-68.583,18.112],[-68.582,18.112],[-68.582,18.111],[-68.579,18.111],[-68.579,18.11],[-68.577,18.11],[-68.576,18.111],[-68.573,18.111],[-68.573,18.11],[-68.572,18.11],[-68.572,18.114],[-68.571,18.114],[-68.57,18.115],[-68.57,18.117],[-68.569,18.117],[-68.569,18.124],[-68.57,18.124],[-68.569,18.125],[-68.569,18.127],[-68.57,18.127],[-68.57,18.129],[-68.571,18.13],[-68.571,18.132],[-68.572,18.132],[-68.572,18.134],[-68.573,18.134],[-68.573,18.135],[-68.574,18.136],[-68.574,18.137],[-68.575,18.137],[-68.575,18.138],[-68.576,18.139],[-68.577,18.14],[-68.577,18.141],[-68.578,18.141],[-68.578,18.142],[-68.579,18.142],[-68.579,18.144],[-68.58,18.144],[-68.58,18.145],[-68.581,18.145],[-68.581,18.147],[-68.582,18.147],[-68.584,18.149],[-68.584,18.15],[-68.585,18.15],[-68.587,18.152],[-68.588,18.153],[-68.589,18.154],[-68.59,18.154],[-68.591,18.155],[-68.592,18.156],[-68.594,18.157],[-68.595,18.158],[-68.597,18.159],[-68.597,18.16],[-68.599,18.16],[-68.599,18.161],[-68.601,18.161],[-68.601,18.162],[-68.602,18.162],[-68.604,18.163],[-68.607,18.163],[-68.607,18.164],[-68.608,18.163],[-68.608,18.164],[-68.609,18.164],[-68.609,18.163],[-68.612,18.163],[-68.612,18.162],[-68.616,18.162],[-68.616,18.161],[-68.618,18.161],[-68.619,18.16],[-68.62,18.16],[-68.621,18.159],[-68.625,18.159],[-68.626,18.16],[-68.629,18.16],[-68.629,18.161],[-68.636,18.161],[-68.636,18.16],[-68.644,18.16],[-68.645,18.159],[-68.65,18.159],[-68.651,18.16],[-68.652,18.161],[-68.652,18.162],[-68.653,18.162],[-68.654,18.163],[-68.656,18.163],[-68.656,18.164],[-68.661,18.164],[-68.662,18.165],[-68.663,18.165],[-68.664,18.164],[-68.666,18.164],[-68.666,18.165],[-68.668,18.165],[-68.668,18.166],[-68.669,18.167],[-68.669,18.168],[-68.67,18.169],[-68.671,18.171],[-68.672,18.172],[-68.672,18.173],[-68.673,18.173],[-68.673,18.174],[-68.675,18.174],[-68.675,18.175],[-68.684,18.175],[-68.686,18.176],[-68.687,18.177],[-68.69,18.178],[-68.695,18.178],[-68.695,18.176],[-68.694,18.175],[-68.694,18.176],[-68.692,18.176],[-68.691,18.174],[-68.69,18.174],[-68.689,18.173],[-68.687,18.173],[-68.687,18.172],[-68.688,18.172],[-68.688,18.171],[-68.695,18.171],[-68.695,18.172],[-68.707,18.172],[-68.707,18.173],[-68.71,18.173],[-68.71,18.174],[-68.712,18.174],[-68.712,18.175],[-68.713,18.175],[-68.714,18.176],[-68.715,18.176],[-68.716,18.177],[-68.717,18.178],[-68.718,18.178],[-68.718,18.179],[-68.719,18.179],[-68.72,18.18],[-68.721,18.18],[-68.721,18.181],[-68.722,18.181],[-68.723,18.182],[-68.724,18.182],[-68.724,18.183],[-68.725,18.183],[-68.726,18.184],[-68.727,18.184],[-68.728,18.185],[-68.731,18.185],[-68.731,18.186],[-68.734,18.186],[-68.735,18.187],[-68.738,18.187],[-68.739,18.188],[-68.74,18.188],[-68.742,18.189],[-68.745,18.189],[-68.746,18.19],[-68.747,18.19],[-68.749,18.191],[-68.75,18.191],[-68.751,18.192],[-68.752,18.192],[-68.753,18.193],[-68.759,18.193],[-68.759,18.194],[-68.762,18.194],[-68.762,18.195],[-68.765,18.195],[-68.765,18.196],[-68.767,18.196],[-68.767,18.198],[-68.768,18.199],[-68.769,18.199],[-68.77,18.198],[-68.771,18.197],[-68.773,18.197],[-68.773,18.196],[-68.776,18.196],[-68.777,18.195],[-68.778,18.195],[-68.778,18.194],[-68.78,18.194],[-68.78,18.193],[-68.781,18.192],[-68.782,18.191],[-68.783,18.19],[-68.784,18.189],[-68.784,18.182],[-68.783,18.181],[-68.783,18.177],[-68.784,18.177],[-68.784,18.175],[-68.785,18.175],[-68.785,18.173]]],[[[-68.66,18.097],[-68.658,18.097],[-68.659,18.098],[-68.66,18.097]]]]}},{"type":"Feature","properties":{"shapeName":"Hato Mayor","provinceKey":"hatomayor","shapeType":"ADM1"},"geometry":{"type":"MultiPolygon","coordinates":[[[[-69.60413,19.08113],[-69.60363,19.08077],[-69.60329,19.08075],[-69.60282,19.08087],[-69.60279,19.08109],[-69.60279,19.08115],[-69.60291,19.08127],[-69.60341,19.08125],[-69.60375,19.0814],[-69.60407,19.08144],[-69.60413,19.08113]]],[[[-69.601,19.08],[-69.599,19.08],[-69.599,19.081],[-69.6,19.081],[-69.6,19.082],[-69.601,19.082],[-69.601,19.08]]],[[[-69.592,19.083],[-69.591,19.082],[-69.59,19.082],[-69.59,19.082261428571417],[-69.58998,19.08231],[-69.59,19.082331052631584],[-69.59,19.083],[-69.591,19.083],[-69.591,19.084],[-69.592,19.084],[-69.592,19.083]]],[[[-69.59183,19.08121],[-69.59157,19.0811],[-69.59141,19.08124],[-69.59151,19.08147],[-69.59169,19.08146],[-69.59183,19.08121]]],[[[-69.591,18.983],[-69.59,18.982],[-69.59,18.981],[-69.589,18.981],[-69.588,18.98],[-69.587,18.98],[-69.586,18.979],[-69.582,18.979],[-69.58,18.98],[-69.576,18.98],[-69.575,18.981],[-69.571,18.981],[-69.57,18.98],[-69.568,18.978],[-69.568,18.977],[-69.567,18.977],[-69.566,18.976],[-69.559,18.976],[-69.557,18.975],[-69.553,18.975],[-69.552,18.974],[-69.55,18.974],[-69.548,18.972],[-69.547,18.971],[-69.546,18.971],[-69.546,18.97],[-69.541,18.97],[-69.54,18.969],[-69.539,18.969],[-69.538,18.968],[-69.537,18.967],[-69.536,18.966],[-69.535,18.965],[-69.533,18.964],[-69.531,18.963],[-69.529,18.962],[-69.525,18.959],[-69.523,18.959],[-69.523,18.958],[-69.519,18.958],[-69.518,18.957],[-69.515,18.956],[-69.513,18.955],[-69.512,18.954],[-69.509,18.952],[-69.508,18.951],[-69.506,18.95],[-69.505,18.949],[-69.503,18.948],[-69.5,18.945],[-69.498,18.942],[-69.498,18.941],[-69.497,18.939],[-69.496,18.938],[-69.495,18.936],[-69.493,18.935],[-69.493,18.934],[-69.492,18.934],[-69.492,18.933],[-69.49,18.932],[-69.49,18.931],[-69.489,18.931],[-69.489,18.93],[-69.487,18.93],[-69.487,18.929],[-69.485,18.927],[-69.484,18.926],[-69.482,18.924],[-69.481,18.923],[-69.48,18.923],[-69.479,18.922],[-69.478,18.922],[-69.476,18.921],[-69.474,18.921],[-69.473,18.92],[-69.472,18.92],[-69.47,18.919],[-69.468,18.917],[-69.465,18.916],[-69.464,18.915],[-69.463,18.914],[-69.456,18.914],[-69.456,18.913],[-69.455,18.913],[-69.455,18.911],[-69.453,18.911],[-69.453,18.91],[-69.452,18.91],[-69.452,18.909],[-69.451,18.909],[-69.451,18.907],[-69.447,18.907],[-69.447,18.906],[-69.446,18.906],[-69.446,18.904],[-69.445,18.904],[-69.445,18.901],[-69.444,18.9],[-69.444,18.899],[-69.442,18.899],[-69.442,18.898],[-69.441,18.898],[-69.441,18.897],[-69.44,18.896],[-69.44,18.895],[-69.439,18.895],[-69.439,18.894],[-69.438,18.894],[-69.437,18.893],[-69.435,18.893],[-69.435,18.892],[-69.434,18.892],[-69.433,18.891],[-69.433,18.889],[-69.432,18.889],[-69.432,18.888],[-69.43,18.888],[-69.43,18.887],[-69.428,18.887],[-69.427,18.886],[-69.426,18.885],[-69.425,18.885],[-69.425,18.884],[-69.424,18.885],[-69.424,18.884],[-69.423,18.884],[-69.423,18.882],[-69.421,18.882],[-69.421,18.881],[-69.42,18.88],[-69.418,18.88],[-69.417,18.879],[-69.416,18.878],[-69.415,18.878],[-69.414,18.877],[-69.413,18.877],[-69.413,18.876],[-69.412,18.875],[-69.412,18.874],[-69.411,18.874],[-69.41,18.873],[-69.409,18.873],[-69.408,18.872],[-69.405,18.872],[-69.405,18.87],[-69.403,18.87],[-69.402,18.871],[-69.402,18.87],[-69.401,18.87],[-69.401,18.869],[-69.4,18.869],[-69.399,18.868],[-69.399,18.866],[-69.398,18.866],[-69.398,18.865],[-69.397,18.864],[-69.397,18.862],[-69.396,18.862],[-69.396,18.861],[-69.395,18.861],[-69.395,18.86],[-69.396,18.86],[-69.396,18.858],[-69.397,18.858],[-69.397,18.857],[-69.399,18.857],[-69.399,18.856],[-69.398,18.856],[-69.398,18.855],[-69.399,18.855],[-69.398,18.854],[-69.399,18.854],[-69.399,18.852],[-69.401,18.852],[-69.401,18.849],[-69.4,18.849],[-69.401,18.848],[-69.401,18.847],[-69.402,18.847],[-69.402,18.846],[-69.404,18.846],[-69.404,18.847],[-69.405,18.848],[-69.407,18.848],[-69.407,18.847],[-69.41,18.847],[-69.41,18.846],[-69.412,18.846],[-69.413,18.845],[-69.413,18.846],[-69.415,18.846],[-69.415,18.845],[-69.416,18.845],[-69.416,18.846],[-69.418,18.846],[-69.418,18.845],[-69.419,18.845],[-69.419,18.846],[-69.421,18.846],[-69.421,18.845],[-69.42,18.845],[-69.42,18.844],[-69.421,18.844],[-69.421,18.843],[-69.423,18.843],[-69.424,18.842],[-69.424,18.841],[-69.423,18.841],[-69.423,18.84],[-69.424,18.84],[-69.424,18.838],[-69.425,18.838],[-69.425,18.837],[-69.426,18.837],[-69.426,18.836],[-69.424,18.836],[-69.425,18.835],[-69.425,18.834],[-69.426,18.834],[-69.426,18.835],[-69.429,18.835],[-69.429,18.834],[-69.431,18.834],[-69.431,18.833],[-69.432,18.833],[-69.432,18.832],[-69.434,18.832],[-69.434,18.828],[-69.435,18.828],[-69.435,18.827],[-69.434,18.827],[-69.434,18.826],[-69.436,18.826],[-69.437,18.825],[-69.439,18.825],[-69.439,18.824],[-69.445,18.824],[-69.444,18.823],[-69.444,18.822],[-69.443,18.821],[-69.443,18.82],[-69.442,18.82],[-69.442,18.817],[-69.443,18.817],[-69.443,18.815],[-69.444,18.814],[-69.443,18.814],[-69.443,18.813],[-69.444,18.812],[-69.445,18.812],[-69.445,18.811],[-69.444,18.811],[-69.444,18.81],[-69.445,18.809],[-69.445,18.808],[-69.446,18.809],[-69.447,18.809],[-69.447,18.81],[-69.448,18.81],[-69.448,18.809],[-69.449,18.808],[-69.45,18.808],[-69.451,18.807],[-69.451,18.806],[-69.452,18.806],[-69.452,18.804],[-69.453,18.804],[-69.453,18.805],[-69.454,18.805],[-69.454,18.804],[-69.455,18.803],[-69.457,18.803],[-69.457,18.801],[-69.456,18.8],[-69.455,18.799],[-69.455,18.797],[-69.456,18.797],[-69.457,18.796],[-69.458,18.796],[-69.458,18.794],[-69.457,18.795],[-69.457,18.794],[-69.456,18.794],[-69.456,18.793],[-69.457,18.792],[-69.457,18.791],[-69.458,18.791],[-69.458,18.789],[-69.457,18.789],[-69.457,18.788],[-69.456,18.788],[-69.455,18.787],[-69.455,18.785],[-69.456,18.785],[-69.457,18.784],[-69.457,18.783],[-69.458,18.783],[-69.458,18.782],[-69.457,18.781],[-69.457,18.78],[-69.458,18.779],[-69.458,18.778],[-69.457,18.777],[-69.457,18.769],[-69.456,18.769],[-69.456,18.768],[-69.455,18.768],[-69.455,18.766],[-69.453,18.766],[-69.453,18.764],[-69.446,18.764],[-69.446,18.763],[-69.443,18.763],[-69.443,18.762],[-69.439,18.762],[-69.439,18.761],[-69.438,18.761],[-69.438,18.759],[-69.437,18.759],[-69.438,18.758],[-69.437,18.758],[-69.438,18.757],[-69.438,18.753],[-69.437,18.752],[-69.436,18.752],[-69.436,18.751],[-69.439,18.751],[-69.439,18.75],[-69.44,18.75],[-69.44,18.749],[-69.439,18.749],[-69.439,18.748],[-69.438,18.748],[-69.439,18.747],[-69.44,18.747],[-69.44,18.746],[-69.439,18.745],[-69.439,18.743],[-69.438,18.743],[-69.438,18.741],[-69.436,18.741],[-69.435,18.74],[-69.435,18.738],[-69.433,18.738],[-69.433,18.737],[-69.432,18.737],[-69.432,18.736],[-69.43,18.736],[-69.43,18.735],[-69.431,18.735],[-69.432,18.734],[-69.432,18.732],[-69.431,18.731],[-69.431,18.73],[-69.43,18.73],[-69.429,18.729],[-69.429,18.728],[-69.43,18.728],[-69.43,18.727],[-69.429,18.727],[-69.429,18.726],[-69.43,18.726],[-69.43,18.725],[-69.429,18.725],[-69.429,18.724],[-69.428,18.724],[-69.428,18.722],[-69.429,18.722],[-69.429,18.723],[-69.43,18.723],[-69.43,18.721],[-69.428,18.721],[-69.428,18.719],[-69.429,18.718],[-69.429,18.717],[-69.428,18.717],[-69.428,18.716],[-69.43,18.716],[-69.43,18.714],[-69.429,18.714],[-69.428,18.713],[-69.429,18.713],[-69.429,18.712],[-69.43,18.712],[-69.43,18.711],[-69.428,18.711],[-69.428,18.709],[-69.429,18.709],[-69.43,18.708],[-69.431,18.708],[-69.431,18.707],[-69.428,18.707],[-69.428,18.705],[-69.429,18.705],[-69.429,18.704],[-69.428,18.704],[-69.429,18.702],[-69.43,18.702],[-69.43,18.701],[-69.431,18.701],[-69.431,18.7],[-69.43,18.7],[-69.43,18.699],[-69.429,18.699],[-69.429,18.698],[-69.427,18.698],[-69.427,18.697],[-69.425,18.697],[-69.425,18.694],[-69.424,18.694],[-69.423,18.693],[-69.423,18.691],[-69.424,18.691],[-69.424,18.69],[-69.423,18.69],[-69.424,18.689],[-69.426,18.689],[-69.426,18.688],[-69.425,18.688],[-69.425,18.687],[-69.426,18.686],[-69.426,18.687],[-69.428,18.687],[-69.428,18.686],[-69.43,18.686],[-69.43,18.684],[-69.431,18.684],[-69.431,18.682],[-69.432,18.682],[-69.432,18.681],[-69.433,18.681],[-69.433,18.678],[-69.434,18.678],[-69.435,18.679],[-69.435,18.676],[-69.436,18.676],[-69.436,18.675],[-69.437,18.675],[-69.437,18.673],[-69.436,18.673],[-69.436,18.672],[-69.435,18.671],[-69.434,18.67],[-69.433,18.669],[-69.433,18.668],[-69.432,18.667],[-69.43,18.667],[-69.43,18.666],[-69.429,18.666],[-69.429,18.665],[-69.427,18.665],[-69.427,18.664],[-69.426,18.664],[-69.426,18.663],[-69.425,18.663],[-69.425,18.662],[-69.424,18.662],[-69.424,18.659],[-69.423,18.659],[-69.422,18.658],[-69.421,18.658],[-69.421,18.656],[-69.419,18.656],[-69.419,18.655],[-69.417,18.655],[-69.417,18.654],[-69.416,18.654],[-69.416,18.653],[-69.417,18.653],[-69.417,18.651],[-69.416,18.651],[-69.416,18.648],[-69.417,18.648],[-69.417,18.646],[-69.416,18.645],[-69.413,18.645],[-69.412,18.644],[-69.411,18.644],[-69.411,18.642],[-69.41,18.642],[-69.41,18.643],[-69.409,18.643],[-69.409,18.642],[-69.408,18.642],[-69.408,18.64],[-69.409,18.64],[-69.409,18.639],[-69.405,18.639],[-69.405,18.638],[-69.407,18.638],[-69.407,18.637],[-69.406,18.637],[-69.406,18.635],[-69.405,18.635],[-69.405,18.634],[-69.404,18.634],[-69.404,18.633],[-69.402,18.633],[-69.402,18.634],[-69.401,18.634],[-69.401,18.631],[-69.402,18.631],[-69.403,18.63],[-69.404,18.63],[-69.404,18.629],[-69.405,18.628],[-69.405,18.627],[-69.406,18.627],[-69.405,18.626],[-69.405,18.624],[-69.406,18.624],[-69.406,18.623],[-69.405,18.623],[-69.405,18.622],[-69.406,18.622],[-69.406,18.62],[-69.403,18.62],[-69.403,18.619],[-69.402,18.619],[-69.402,18.618],[-69.401,18.617],[-69.4,18.617],[-69.399,18.616],[-69.399,18.615],[-69.4,18.615],[-69.401,18.614],[-69.4,18.613],[-69.399,18.612],[-69.398,18.612],[-69.397,18.611],[-69.397,18.61],[-69.396,18.61],[-69.396,18.609],[-69.394,18.609],[-69.394,18.607],[-69.393,18.606],[-69.388,18.606],[-69.386,18.604],[-69.386,18.603],[-69.385,18.602],[-69.384,18.602],[-69.384,18.601],[-69.383,18.601],[-69.382,18.6],[-69.382,18.599],[-69.381,18.599],[-69.381,18.596],[-69.38,18.596],[-69.38,18.595],[-69.379,18.595],[-69.379,18.594],[-69.378,18.594],[-69.378,18.592],[-69.377,18.59],[-69.377,18.586],[-69.378,18.584],[-69.379,18.584],[-69.379,18.582],[-69.38,18.581],[-69.38,18.574],[-69.379,18.573],[-69.378,18.572],[-69.376,18.57],[-69.375,18.569],[-69.374,18.568],[-69.373,18.567],[-69.372,18.566],[-69.372,18.565],[-69.371,18.563],[-69.37,18.561],[-69.37,18.559],[-69.369,18.559],[-69.369,18.558],[-69.368,18.557],[-69.368,18.553],[-69.369,18.551],[-69.369,18.548],[-69.368,18.547],[-69.367,18.546],[-69.367,18.545],[-69.366,18.544],[-69.365,18.544],[-69.365,18.543],[-69.361,18.543],[-69.36,18.542],[-69.359,18.542],[-69.359,18.541],[-69.358,18.54],[-69.358,18.539],[-69.357,18.538],[-69.357,18.533],[-69.356,18.533],[-69.355,18.532],[-69.354,18.532],[-69.353,18.531],[-69.349,18.527],[-69.348,18.526],[-69.348,18.528],[-69.347,18.528],[-69.346,18.529],[-69.345,18.53],[-69.344,18.531],[-69.344,18.532],[-69.343,18.532],[-69.343,18.535],[-69.342,18.535],[-69.342,18.537],[-69.343,18.538],[-69.343,18.539],[-69.344,18.539],[-69.344,18.541],[-69.343,18.542],[-69.342,18.542],[-69.342,18.543],[-69.34,18.544],[-69.339,18.545],[-69.338,18.545],[-69.338,18.546],[-69.337,18.546],[-69.336,18.547],[-69.335,18.547],[-69.334,18.548],[-69.333,18.549],[-69.332,18.549],[-69.331,18.55],[-69.33,18.55],[-69.329,18.551],[-69.328,18.552],[-69.327,18.553],[-69.325,18.553],[-69.325,18.554],[-69.324,18.555],[-69.323,18.555],[-69.323,18.556],[-69.322,18.556],[-69.321,18.557],[-69.319,18.557],[-69.318,18.558],[-69.317,18.558],[-69.316,18.559],[-69.314,18.56],[-69.314,18.561],[-69.31,18.561],[-69.309,18.562],[-69.309,18.564],[-69.308,18.567],[-69.308,18.572],[-69.306,18.574],[-69.305,18.574],[-69.305,18.573],[-69.3,18.573],[-69.299,18.574],[-69.298,18.574],[-69.298,18.575],[-69.297,18.575],[-69.297,18.576],[-69.296,18.577],[-69.296,18.578],[-69.297,18.579],[-69.298,18.58],[-69.299,18.58],[-69.299,18.581],[-69.3,18.581],[-69.3,18.583],[-69.299,18.583],[-69.299,18.582],[-69.298,18.582],[-69.298,18.583],[-69.297,18.583],[-69.297,18.585],[-69.296,18.585],[-69.296,18.588],[-69.295,18.588],[-69.295,18.589],[-69.296,18.589],[-69.296,18.59],[-69.297,18.59],[-69.297,18.591],[-69.298,18.591],[-69.298,18.592],[-69.3,18.592],[-69.3,18.596],[-69.299,18.597],[-69.298,18.598],[-69.299,18.599],[-69.299,18.603],[-69.295,18.603],[-69.294,18.604],[-69.294,18.605],[-69.293,18.605],[-69.293,18.608],[-69.292,18.608],[-69.292,18.61],[-69.291,18.61],[-69.291,18.612],[-69.292,18.612],[-69.292,18.617],[-69.293,18.618],[-69.294,18.618],[-69.294,18.619],[-69.295,18.62],[-69.295,18.621],[-69.293,18.621],[-69.293,18.622],[-69.292,18.622],[-69.292,18.625],[-69.29,18.625],[-69.29,18.626],[-69.287,18.626],[-69.286,18.627],[-69.284,18.627],[-69.284,18.626],[-69.282,18.626],[-69.282,18.628],[-69.281,18.628],[-69.281,18.627],[-69.279,18.627],[-69.278,18.626],[-69.278,18.625],[-69.276,18.625],[-69.275,18.626],[-69.275,18.625],[-69.273,18.625],[-69.273,18.624],[-69.272,18.624],[-69.272,18.625],[-69.271,18.625],[-69.271,18.627],[-69.268,18.627],[-69.268,18.626],[-69.267,18.626],[-69.267,18.627],[-69.266,18.628],[-69.265,18.628],[-69.265,18.629],[-69.263,18.629],[-69.263,18.628],[-69.262,18.629],[-69.261,18.629],[-69.261,18.63],[-69.26,18.63],[-69.26,18.631],[-69.257,18.631],[-69.256,18.632],[-69.255,18.633],[-69.251,18.633],[-69.251,18.635],[-69.252,18.635],[-69.251,18.636],[-69.251,18.637],[-69.249,18.637],[-69.249,18.638],[-69.248,18.638],[-69.248,18.639],[-69.247,18.639],[-69.247,18.64],[-69.246,18.64],[-69.246,18.644],[-69.245,18.644],[-69.245,18.645],[-69.244,18.646],[-69.244,18.648],[-69.246,18.648],[-69.246,18.649],[-69.247,18.649],[-69.247,18.65],[-69.245,18.65],[-69.245,18.652],[-69.244,18.653],[-69.244,18.654],[-69.246,18.654],[-69.247,18.655],[-69.247,18.656],[-69.248,18.657],[-69.247,18.657],[-69.247,18.658],[-69.246,18.658],[-69.246,18.659],[-69.243,18.659],[-69.243,18.663],[-69.242,18.663],[-69.242,18.662],[-69.24,18.662],[-69.24,18.664],[-69.239,18.664],[-69.239,18.661],[-69.238,18.661],[-69.238,18.663],[-69.237,18.663],[-69.237,18.664],[-69.236,18.664],[-69.236,18.665],[-69.237,18.665],[-69.237,18.666],[-69.236,18.666],[-69.236,18.667],[-69.234,18.668],[-69.228,18.668],[-69.227,18.669],[-69.228,18.669],[-69.228,18.67],[-69.229,18.67],[-69.23,18.671],[-69.229,18.671],[-69.229,18.672],[-69.228,18.672],[-69.227,18.673],[-69.228,18.673],[-69.227,18.674],[-69.227,18.675],[-69.228,18.675],[-69.228,18.676],[-69.229,18.676],[-69.229,18.677],[-69.227,18.677],[-69.227,18.679],[-69.228,18.679],[-69.227,18.68],[-69.225,18.68],[-69.225,18.682],[-69.226,18.682],[-69.226,18.683],[-69.224,18.683],[-69.224,18.685],[-69.223,18.685],[-69.222,18.688],[-69.221,18.688],[-69.221,18.689],[-69.222,18.69],[-69.223,18.69],[-69.223,18.692],[-69.225,18.692],[-69.225,18.694],[-69.224,18.694],[-69.224,18.695],[-69.225,18.695],[-69.226,18.696],[-69.225,18.696],[-69.225,18.697],[-69.224,18.697],[-69.224,18.7],[-69.223,18.701],[-69.222,18.701],[-69.222,18.702],[-69.221,18.702],[-69.221,18.704],[-69.222,18.704],[-69.223,18.705],[-69.223,18.708],[-69.222,18.708],[-69.222,18.71],[-69.22,18.71],[-69.22,18.713],[-69.218,18.713],[-69.218,18.714],[-69.217,18.714],[-69.217,18.716],[-69.216,18.716],[-69.215,18.717],[-69.216,18.717],[-69.216,18.718],[-69.217,18.718],[-69.218,18.719],[-69.219,18.719],[-69.219,18.72],[-69.217,18.72],[-69.217,18.721],[-69.216,18.721],[-69.216,18.722],[-69.215,18.722],[-69.214,18.723],[-69.215,18.723],[-69.214,18.724],[-69.215,18.725],[-69.212,18.725],[-69.212,18.727],[-69.213,18.727],[-69.213,18.728],[-69.212,18.728],[-69.212,18.732],[-69.213,18.733],[-69.214,18.733],[-69.214,18.735],[-69.213,18.735],[-69.213,18.736],[-69.212,18.735],[-69.212,18.738],[-69.21,18.738],[-69.21,18.74],[-69.209,18.741],[-69.209,18.742],[-69.206,18.742],[-69.206,18.744],[-69.205,18.744],[-69.205,18.746],[-69.206,18.746],[-69.206,18.747],[-69.207,18.747],[-69.207,18.748],[-69.208,18.748],[-69.208,18.75],[-69.207,18.75],[-69.207,18.753],[-69.206,18.753],[-69.205,18.754],[-69.204,18.754],[-69.203,18.755],[-69.203,18.757],[-69.202,18.758],[-69.202,18.759],[-69.201,18.759],[-69.201,18.761],[-69.202,18.761],[-69.202,18.763],[-69.205,18.763],[-69.205,18.768],[-69.207,18.768],[-69.207,18.769],[-69.208,18.769],[-69.208,18.773],[-69.209,18.773],[-69.209,18.774],[-69.208,18.774],[-69.208,18.775],[-69.209,18.775],[-69.209,18.776],[-69.21,18.776],[-69.21,18.78],[-69.212,18.78],[-69.212,18.783],[-69.213,18.784],[-69.213,18.786],[-69.214,18.786],[-69.214,18.788],[-69.213,18.788],[-69.213,18.791],[-69.214,18.791],[-69.214,18.792],[-69.215,18.792],[-69.216,18.793],[-69.217,18.793],[-69.217,18.794],[-69.218,18.795],[-69.22,18.795],[-69.22,18.797],[-69.221,18.797],[-69.221,18.798],[-69.22,18.798],[-69.221,18.799],[-69.222,18.799],[-69.222,18.8],[-69.223,18.801],[-69.224,18.801],[-69.224,18.802],[-69.225,18.802],[-69.226,18.803],[-69.227,18.803],[-69.227,18.804],[-69.228,18.804],[-69.228,18.805],[-69.229,18.805],[-69.229,18.806],[-69.23,18.807],[-69.231,18.808],[-69.232,18.808],[-69.232,18.809],[-69.242,18.809],[-69.243,18.81],[-69.244,18.81],[-69.244,18.811],[-69.247,18.811],[-69.248,18.812],[-69.249,18.812],[-69.249,18.813],[-69.251,18.813],[-69.252,18.814],[-69.253,18.815],[-69.254,18.815],[-69.254,18.816],[-69.256,18.816],[-69.256,18.82],[-69.255,18.82],[-69.255,18.824],[-69.254,18.824],[-69.254,18.828],[-69.256,18.828],[-69.256,18.829],[-69.257,18.829],[-69.257,18.833],[-69.256,18.833],[-69.256,18.834],[-69.257,18.835],[-69.257,18.836],[-69.258,18.837],[-69.26,18.837],[-69.26,18.842],[-69.261,18.842],[-69.261,18.843],[-69.262,18.843],[-69.262,18.845],[-69.263,18.846],[-69.263,18.849],[-69.268,18.849],[-69.271,18.847],[-69.271,18.846],[-69.273,18.845],[-69.274,18.844],[-69.276,18.843],[-69.276,18.842],[-69.279,18.842],[-69.28,18.841],[-69.282,18.841],[-69.282,18.842],[-69.283,18.844],[-69.283,18.845],[-69.284,18.846],[-69.284,18.849],[-69.285,18.852],[-69.286,18.853],[-69.286,18.855],[-69.287,18.858],[-69.288,18.861],[-69.288,18.862],[-69.289,18.862],[-69.289,18.866],[-69.288,18.867],[-69.288,18.87],[-69.287,18.871],[-69.288,18.871],[-69.288,18.873],[-69.293,18.873],[-69.293,18.875],[-69.295,18.875],[-69.297,18.874],[-69.298,18.874],[-69.299,18.875],[-69.304,18.875],[-69.305,18.876],[-69.307,18.876],[-69.309,18.877],[-69.313,18.877],[-69.313,18.876],[-69.314,18.875],[-69.318,18.875],[-69.318,18.877],[-69.319,18.878],[-69.319,18.879],[-69.32,18.879],[-69.32,18.88],[-69.321,18.88],[-69.321,18.881],[-69.322,18.881],[-69.322,18.882],[-69.323,18.882],[-69.324,18.883],[-69.325,18.884],[-69.326,18.886],[-69.326,18.889],[-69.327,18.889],[-69.327,18.892],[-69.326,18.892],[-69.326,18.893],[-69.324,18.893],[-69.324,18.894],[-69.323,18.894],[-69.323,18.897],[-69.322,18.897],[-69.322,18.898],[-69.323,18.898],[-69.323,18.899],[-69.321,18.899],[-69.321,18.9],[-69.32,18.9],[-69.32,18.901],[-69.319,18.901],[-69.319,18.902],[-69.32,18.903],[-69.321,18.903],[-69.321,18.904],[-69.322,18.904],[-69.322,18.905],[-69.323,18.905],[-69.323,18.906],[-69.324,18.906],[-69.324,18.907],[-69.325,18.907],[-69.325,18.91],[-69.324,18.91],[-69.324,18.911],[-69.323,18.911],[-69.323,18.914],[-69.322,18.915],[-69.322,18.916],[-69.321,18.916],[-69.321,18.917],[-69.322,18.917],[-69.322,18.919],[-69.323,18.919],[-69.323,18.921],[-69.324,18.921],[-69.324,18.923],[-69.323,18.924],[-69.323,18.926],[-69.322,18.927],[-69.322,18.937],[-69.321,18.937],[-69.319,18.939],[-69.319,18.94],[-69.316,18.94],[-69.316,18.941],[-69.315,18.941],[-69.315,18.942],[-69.314,18.942],[-69.314,18.943],[-69.313,18.943],[-69.313,18.944],[-69.311,18.944],[-69.311,18.945],[-69.31,18.946],[-69.303,18.946],[-69.303,18.948],[-69.302,18.948],[-69.302,18.949],[-69.3,18.949],[-69.3,18.951],[-69.299,18.951],[-69.299,18.952],[-69.298,18.952],[-69.298,18.953],[-69.297,18.953],[-69.297,18.954],[-69.296,18.955],[-69.296,18.956],[-69.293,18.956],[-69.293,18.957],[-69.292,18.957],[-69.292,18.958],[-69.291,18.958],[-69.287,18.957],[-69.287,18.956],[-69.284,18.956],[-69.284,18.955],[-69.283,18.955],[-69.283,18.954],[-69.278,18.954],[-69.278,18.955],[-69.273,18.955],[-69.272,18.954],[-69.267,18.954],[-69.267,18.953],[-69.266,18.953],[-69.266,18.952],[-69.265,18.952],[-69.265,18.951],[-69.262,18.951],[-69.262,18.95],[-69.261,18.95],[-69.261,18.952],[-69.255,18.953],[-69.253,18.953],[-69.253,18.951],[-69.251,18.951],[-69.251,18.95],[-69.25,18.95],[-69.249,18.949],[-69.247,18.949],[-69.247,18.948],[-69.246,18.948],[-69.246,18.947],[-69.245,18.947],[-69.245,18.945],[-69.244,18.945],[-69.244,18.943],[-69.243,18.942],[-69.243,18.94],[-69.242,18.94],[-69.24,18.938],[-69.24,18.935],[-69.238,18.935],[-69.238,18.934],[-69.234,18.934],[-69.233,18.933],[-69.232,18.933],[-69.232,18.932],[-69.228,18.932],[-69.227,18.933],[-69.223,18.933],[-69.223,18.934],[-69.222,18.934],[-69.222,18.935],[-69.214,18.935],[-69.213,18.934],[-69.211,18.934],[-69.209,18.935],[-69.207,18.934],[-69.203,18.934],[-69.201,18.932],[-69.2,18.931],[-69.2,18.929],[-69.199,18.928],[-69.198,18.928],[-69.197,18.927],[-69.196,18.926],[-69.195,18.925],[-69.194,18.925],[-69.193,18.924],[-69.192,18.924],[-69.192,18.925],[-69.189,18.925],[-69.189,18.923],[-69.186,18.923],[-69.186,18.924],[-69.185,18.924],[-69.185,18.923],[-69.184,18.923],[-69.184,18.922],[-69.182,18.922],[-69.182,18.923],[-69.179,18.923],[-69.179,18.921],[-69.178,18.92],[-69.177,18.92],[-69.177,18.921],[-69.176,18.92],[-69.175,18.92],[-69.175,18.919],[-69.173,18.919],[-69.173,18.918],[-69.172,18.918],[-69.172,18.917],[-69.168,18.917],[-69.168,18.916],[-69.167,18.915],[-69.167,18.916],[-69.163,18.916],[-69.163,18.915],[-69.159,18.915],[-69.159,18.914],[-69.157,18.914],[-69.157,18.915],[-69.148,18.915],[-69.147,18.914],[-69.139,18.914],[-69.139,18.913],[-69.136,18.913],[-69.135,18.912],[-69.133,18.912],[-69.133,18.913],[-69.132,18.913],[-69.132,18.914],[-69.131,18.914],[-69.131,18.915],[-69.13,18.915],[-69.13,18.916],[-69.129,18.916],[-69.129,18.918],[-69.13,18.918],[-69.13,18.919],[-69.129,18.92],[-69.129,18.921],[-69.127,18.921],[-69.127,18.923],[-69.126,18.923],[-69.126,18.926],[-69.127,18.926],[-69.127,18.928],[-69.128,18.928],[-69.128,18.929],[-69.13,18.929],[-69.131,18.93],[-69.132,18.93],[-69.132,18.931],[-69.133,18.931],[-69.133,18.932],[-69.134,18.932],[-69.134,18.933],[-69.137,18.933],[-69.137,18.934],[-69.138,18.934],[-69.138,18.936],[-69.139,18.936],[-69.139,18.937],[-69.144,18.937],[-69.144,18.938],[-69.146,18.938],[-69.146,18.94],[-69.147,18.941],[-69.148,18.941],[-69.149,18.942],[-69.149,18.941],[-69.154,18.941],[-69.154,18.942],[-69.155,18.943],[-69.154,18.943],[-69.155,18.944],[-69.156,18.944],[-69.157,18.945],[-69.159,18.945],[-69.16,18.946],[-69.162,18.948],[-69.163,18.948],[-69.163,18.949],[-69.164,18.949],[-69.164,18.95],[-69.165,18.95],[-69.165,18.952],[-69.166,18.953],[-69.166,18.954],[-69.167,18.955],[-69.168,18.956],[-69.169,18.957],[-69.17,18.957],[-69.17,18.958],[-69.171,18.96],[-69.172,18.961],[-69.174,18.963],[-69.175,18.964],[-69.176,18.964],[-69.176,18.965],[-69.177,18.966],[-69.178,18.966],[-69.178,18.967],[-69.179,18.968],[-69.18,18.968],[-69.181,18.97],[-69.182,18.971],[-69.182,18.972],[-69.183,18.973],[-69.183,18.977],[-69.182,18.977],[-69.182,18.978],[-69.183,18.979],[-69.184,18.979],[-69.184,18.981],[-69.185,18.981],[-69.185,18.986],[-69.184,18.987],[-69.185,18.987],[-69.185,18.988],[-69.186,18.989],[-69.185,18.989],[-69.185,18.991],[-69.184,18.991],[-69.184,18.99],[-69.183,18.99],[-69.183,18.992],[-69.182,18.992],[-69.182,18.993],[-69.181,18.993],[-69.182,18.994],[-69.182,18.995],[-69.181,18.995],[-69.181,18.997],[-69.18,18.997],[-69.18,18.998],[-69.181,18.999],[-69.181,19],[-69.182,19.002],[-69.182,19.005],[-69.181,19.005],[-69.181,19.007],[-69.187,19.007],[-69.188,19.008],[-69.189,19.008],[-69.19,19.009],[-69.192,19.009],[-69.192,19.01],[-69.199,19.01],[-69.2,19.009],[-69.2,19.008],[-69.201,19.008],[-69.201,19.007],[-69.203,19.007],[-69.205,19.008],[-69.206,19.009],[-69.206,19.013],[-69.205,19.013],[-69.206,19.014],[-69.207,19.015],[-69.21,19.015],[-69.21,19.016],[-69.212,19.016],[-69.212,19.017],[-69.214,19.017],[-69.215,19.018],[-69.216,19.018],[-69.216,19.019],[-69.217,19.019],[-69.217,19.022],[-69.218,19.022],[-69.218,19.023],[-69.219,19.023],[-69.219,19.024],[-69.222,19.024],[-69.223,19.025],[-69.223,19.027],[-69.225,19.027],[-69.225,19.026],[-69.228,19.026],[-69.228,19.027],[-69.229,19.027],[-69.229,19.028],[-69.23,19.028],[-69.23,19.027],[-69.232,19.027],[-69.233,19.026],[-69.235,19.025],[-69.236,19.025],[-69.237,19.024],[-69.242,19.024],[-69.243,19.023],[-69.244,19.023],[-69.244,19.022],[-69.246,19.022],[-69.246,19.021],[-69.25,19.021],[-69.251,19.02],[-69.252,19.019],[-69.253,19.019],[-69.254,19.018],[-69.255,19.018],[-69.255,19.017],[-69.257,19.017],[-69.258,19.016],[-69.263,19.016],[-69.263,19.017],[-69.265,19.017],[-69.265,19.018],[-69.266,19.018],[-69.266,19.019],[-69.267,19.019],[-69.267,19.02],[-69.268,19.02],[-69.268,19.021],[-69.27,19.021],[-69.27,19.022],[-69.272,19.022],[-69.272,19.023],[-69.273,19.023],[-69.273,19.024],[-69.274,19.024],[-69.274,19.025],[-69.275,19.025],[-69.275,19.026],[-69.276,19.027],[-69.279,19.027],[-69.279,19.028],[-69.28,19.028],[-69.28,19.031],[-69.282,19.031],[-69.283,19.032],[-69.287,19.032],[-69.288,19.033],[-69.292,19.033],[-69.293,19.034],[-69.296,19.034],[-69.296,19.035],[-69.297,19.035],[-69.298,19.036],[-69.299,19.037],[-69.299,19.041],[-69.3,19.041],[-69.3,19.042],[-69.302,19.042],[-69.302,19.041],[-69.303,19.041],[-69.304,19.042],[-69.304,19.043],[-69.305,19.043],[-69.305,19.044],[-69.306,19.045],[-69.306,19.046],[-69.307,19.046],[-69.307,19.047],[-69.308,19.048],[-69.31,19.048],[-69.311,19.049],[-69.311,19.048],[-69.321,19.048],[-69.321,19.047],[-69.322,19.048],[-69.322,19.047],[-69.325,19.047],[-69.326,19.046],[-69.327,19.046],[-69.328,19.045],[-69.329,19.044],[-69.332,19.044],[-69.332,19.043],[-69.334,19.043],[-69.335,19.044],[-69.336,19.043],[-69.338,19.043],[-69.339,19.044],[-69.34,19.043],[-69.342,19.043],[-69.343,19.044],[-69.344,19.045],[-69.345,19.045],[-69.345,19.046],[-69.346,19.046],[-69.346,19.047],[-69.347,19.048],[-69.347,19.049],[-69.348,19.049],[-69.348,19.05],[-69.349,19.05],[-69.35,19.049],[-69.353,19.049],[-69.353,19.051],[-69.354,19.052],[-69.361,19.052],[-69.361,19.053],[-69.362,19.053],[-69.362,19.054],[-69.363,19.054],[-69.364,19.055],[-69.368,19.055],[-69.373,19.056],[-69.373,19.057],[-69.377,19.057],[-69.378,19.058],[-69.379,19.058],[-69.38,19.059],[-69.381,19.06],[-69.381,19.061],[-69.382,19.062],[-69.382,19.063],[-69.383,19.063],[-69.384,19.066],[-69.384,19.069],[-69.385,19.069],[-69.385,19.073],[-69.384,19.073],[-69.384,19.074],[-69.383,19.074],[-69.383,19.078],[-69.384,19.08],[-69.384,19.081],[-69.385,19.082],[-69.384,19.082],[-69.383,19.083],[-69.383,19.084],[-69.384,19.084],[-69.384,19.085],[-69.389,19.085],[-69.389,19.086],[-69.39,19.086],[-69.39,19.087],[-69.391,19.087],[-69.392,19.088],[-69.393,19.089],[-69.394,19.09],[-69.395,19.091],[-69.395,19.093],[-69.396,19.093],[-69.397,19.094],[-69.397,19.095],[-69.399,19.095],[-69.4,19.096],[-69.401,19.096],[-69.402,19.097],[-69.404,19.098],[-69.405,19.099],[-69.407,19.1],[-69.409,19.101],[-69.41,19.101],[-69.412,19.102],[-69.413,19.103],[-69.418,19.103],[-69.419,19.102],[-69.424,19.102],[-69.425,19.101],[-69.427,19.101],[-69.428,19.1],[-69.43,19.1],[-69.432,19.101],[-69.434,19.1],[-69.445,19.1],[-69.446,19.101],[-69.45,19.101],[-69.454,19.1],[-69.457,19.1],[-69.46,19.099],[-69.469,19.096],[-69.474,19.095],[-69.478,19.094],[-69.478,19.091],[-69.477,19.091],[-69.477,19.092],[-69.476,19.092],[-69.475,19.093],[-69.474,19.094],[-69.473,19.094],[-69.473,19.093],[-69.472,19.094],[-69.47,19.094],[-69.47,19.095],[-69.469,19.095],[-69.468,19.096],[-69.464,19.096],[-69.464,19.095],[-69.463,19.094],[-69.463,19.093],[-69.462,19.094],[-69.462,19.095],[-69.461,19.095],[-69.46,19.094],[-69.46,19.093],[-69.459,19.093],[-69.459,19.094],[-69.46,19.095],[-69.459,19.096],[-69.459,19.097],[-69.458,19.097],[-69.458,19.098],[-69.457,19.098],[-69.457,19.099],[-69.454,19.099],[-69.454,19.098],[-69.453,19.097],[-69.453,19.095],[-69.452,19.095],[-69.452,19.096],[-69.451,19.096],[-69.451,19.097],[-69.45,19.098],[-69.45,19.099],[-69.449,19.1],[-69.448,19.1],[-69.447,19.099],[-69.445,19.099],[-69.443,19.098],[-69.442,19.097],[-69.44,19.097],[-69.44,19.098],[-69.439,19.097],[-69.438,19.094],[-69.438,19.092],[-69.439,19.09],[-69.439,19.088],[-69.44,19.088],[-69.44,19.086],[-69.441,19.084],[-69.441,19.08],[-69.442,19.077],[-69.443,19.075],[-69.445,19.074],[-69.445,19.073],[-69.446,19.073],[-69.446,19.072],[-69.451,19.072],[-69.453,19.071],[-69.454,19.071],[-69.455,19.07],[-69.456,19.071],[-69.457,19.071],[-69.457,19.072],[-69.458,19.073],[-69.458,19.074],[-69.457,19.074],[-69.457,19.076],[-69.456,19.076],[-69.456,19.077],[-69.457,19.077],[-69.457,19.078],[-69.458,19.078],[-69.458,19.076],[-69.459,19.076],[-69.459,19.075],[-69.46,19.075],[-69.46,19.076],[-69.461,19.076],[-69.462,19.077],[-69.462,19.078],[-69.461,19.078],[-69.461,19.079],[-69.463,19.079],[-69.463,19.077],[-69.464,19.076],[-69.464,19.077],[-69.465,19.077],[-69.464,19.078],[-69.464,19.08],[-69.465,19.081],[-69.465,19.083],[-69.466,19.082],[-69.466,19.08],[-69.467,19.081],[-69.468,19.081],[-69.468,19.08],[-69.469,19.08],[-69.469,19.079],[-69.47,19.079],[-69.471,19.08],[-69.472,19.08],[-69.472,19.079],[-69.471,19.079],[-69.471,19.078],[-69.473,19.078],[-69.473,19.08],[-69.474,19.08],[-69.474,19.079],[-69.476,19.079],[-69.476,19.08],[-69.477,19.08],[-69.477,19.078],[-69.479,19.079],[-69.479,19.077],[-69.48,19.077],[-69.48,19.078],[-69.482,19.078],[-69.482,19.079],[-69.484,19.08],[-69.484,19.078],[-69.486,19.078],[-69.486,19.077],[-69.488,19.077],[-69.488,19.076],[-69.49,19.076],[-69.491,19.079],[-69.491,19.078],[-69.492,19.078],[-69.492,19.077],[-69.493,19.077],[-69.493,19.082],[-69.494,19.082],[-69.494,19.081],[-69.496,19.081],[-69.496,19.082],[-69.495,19.082],[-69.496,19.083],[-69.495,19.083],[-69.495,19.084],[-69.496,19.084],[-69.496,19.085],[-69.497,19.085],[-69.497,19.086],[-69.496,19.086],[-69.497,19.087],[-69.499,19.087],[-69.499,19.089],[-69.501,19.089],[-69.5,19.088],[-69.5,19.087],[-69.501,19.088],[-69.502,19.089],[-69.502,19.085],[-69.505,19.085],[-69.505,19.087],[-69.506,19.087],[-69.506,19.088],[-69.507,19.089],[-69.508,19.089],[-69.508,19.088],[-69.507,19.088],[-69.507,19.086],[-69.508,19.086],[-69.508,19.087],[-69.51,19.087],[-69.51,19.089],[-69.511,19.089],[-69.511,19.086],[-69.513,19.086],[-69.513,19.085],[-69.514,19.084],[-69.516,19.084],[-69.516,19.085],[-69.515,19.086],[-69.515,19.087],[-69.517,19.087],[-69.517,19.088],[-69.518,19.088],[-69.518,19.086],[-69.519,19.086],[-69.519,19.085],[-69.52,19.085],[-69.52,19.084],[-69.519,19.084],[-69.519,19.083],[-69.522,19.083],[-69.522,19.082],[-69.524,19.082],[-69.524,19.084],[-69.525,19.084],[-69.525,19.081],[-69.527,19.081],[-69.527,19.082],[-69.529,19.082],[-69.529,19.083],[-69.53,19.083],[-69.531,19.084],[-69.531,19.082],[-69.53,19.082],[-69.53,19.081],[-69.531,19.081],[-69.531,19.08],[-69.532,19.081],[-69.532,19.079],[-69.534,19.079],[-69.534,19.08],[-69.535,19.08],[-69.535,19.083],[-69.537,19.083],[-69.537,19.082],[-69.539,19.082],[-69.539,19.083],[-69.54,19.083],[-69.54,19.082],[-69.541,19.081],[-69.541,19.083],[-69.542,19.083],[-69.542,19.084],[-69.543,19.084],[-69.544,19.083],[-69.544,19.082],[-69.545,19.082],[-69.545,19.083],[-69.546,19.083],[-69.546,19.084],[-69.547,19.084],[-69.546,19.082],[-69.547,19.082],[-69.547,19.083],[-69.549,19.084],[-69.549,19.085],[-69.55,19.085],[-69.55,19.087],[-69.551,19.087],[-69.551,19.086],[-69.552,19.087],[-69.552,19.086],[-69.553,19.087],[-69.554,19.087],[-69.553,19.085],[-69.553,19.084],[-69.554,19.084],[-69.554,19.083],[-69.58,19.013],[-69.587,18.993],[-69.59,18.985],[-69.591,18.983]],[[-69.433,18.738],[-69.432,18.739],[-69.432,18.738],[-69.433,18.738]],[[-69.229,18.672],[-69.23,18.672],[-69.23,18.674],[-69.229,18.674],[-69.229,18.672]],[[-69.468,19.08],[-69.467,19.08],[-69.468,19.079],[-69.468,19.08]],[[-69.518,19.086],[-69.517,19.086],[-69.517,19.085],[-69.518,19.085],[-69.518,19.086]],[[-69.533,19.079],[-69.532,19.078],[-69.533,19.078],[-69.533,19.079]],[[-69.537,19.082],[-69.536,19.082],[-69.536,19.081],[-69.537,19.081],[-69.537,19.082]]],[[[-69.58756,19.08358],[-69.58744,19.08355],[-69.58736,19.08359],[-69.58735,19.08369],[-69.58737,19.08375],[-69.58738,19.08375],[-69.58747,19.08376],[-69.58755,19.08369],[-69.58756,19.08358]]],[[[-69.578,19.087],[-69.577,19.087],[-69.577,19.088],[-69.578,19.088],[-69.578,19.087]]],[[[-69.577,19.088],[-69.576,19.087],[-69.576,19.089],[-69.577,19.089],[-69.577,19.088]]],[[[-69.5695,19.08892],[-69.56946,19.08878],[-69.56946,19.08877],[-69.56932,19.08873],[-69.56924,19.08875],[-69.56916,19.08878],[-69.56908,19.08899],[-69.56919,19.08917],[-69.56931,19.08921],[-69.56945,19.08905],[-69.5695,19.08892]]],[[[-69.56928,19.09149],[-69.56923,19.09104],[-69.56908,19.091],[-69.56892,19.0911],[-69.56894,19.0913],[-69.56903,19.09147],[-69.56897,19.09161],[-69.56899,19.09185],[-69.56879,19.09217],[-69.56909,19.09225],[-69.56915,19.0922],[-69.56914,19.09206],[-69.56928,19.0918],[-69.56928,19.09149]]],[[[-69.568,19.09],[-69.567,19.09],[-69.567,19.091],[-69.568,19.091],[-69.568,19.09]]],[[[-69.56678,19.08884],[-69.5666,19.08866],[-69.56634,19.08865],[-69.56616,19.08873],[-69.56618,19.08908],[-69.56637,19.08927],[-69.56662,19.0893],[-69.56678,19.08905],[-69.56678,19.08884]]],[[[-69.56432,19.09106],[-69.56415,19.09099],[-69.56387,19.09133],[-69.56382,19.09166],[-69.56378,19.09186],[-69.56395,19.09196],[-69.56419,19.09195],[-69.56426,19.09185],[-69.56421,19.09164],[-69.56432,19.09106]]],[[[-69.561,19.09],[-69.559,19.091],[-69.561,19.091],[-69.561,19.09]]],[[[-69.5582,19.09035],[-69.55813,19.09014],[-69.55794,19.09009],[-69.55787,19.09021],[-69.55796,19.09039],[-69.55809,19.09049],[-69.5582,19.09035]]],[[[-69.555,19.085],[-69.554,19.085],[-69.554,19.086],[-69.555,19.086],[-69.555,19.085]]],[[[-69.55111,19.08801],[-69.55106,19.08793],[-69.55096,19.08789],[-69.55086,19.08796],[-69.55091,19.08812],[-69.55104,19.08812],[-69.55111,19.08801]]],[[[-69.549,19.087],[-69.548,19.087],[-69.548,19.088],[-69.549,19.088],[-69.549,19.087]]],[[[-69.548,19.086],[-69.547,19.086],[-69.547,19.087],[-69.548,19.087],[-69.548,19.086]]],[[[-69.54785,19.09334],[-69.54771,19.09304],[-69.54743,19.09303],[-69.54723,19.0933],[-69.54738,19.0935],[-69.54769,19.0935],[-69.54785,19.09334]]],[[[-69.547,19.092],[-69.546,19.092],[-69.546,19.093],[-69.547,19.093],[-69.547,19.092]]],[[[-69.547,19.095],[-69.545,19.095],[-69.545,19.096],[-69.547,19.096],[-69.547,19.095]]],[[[-69.546,19.089],[-69.545,19.089],[-69.545,19.088],[-69.544,19.088],[-69.544,19.089],[-69.545,19.09],[-69.545,19.092],[-69.546,19.092],[-69.546,19.089]]],[[[-69.545,19.092],[-69.544,19.092],[-69.544,19.094],[-69.545,19.093],[-69.545,19.092]]],[[[-69.544,19.086],[-69.543,19.086],[-69.543,19.087],[-69.544,19.088],[-69.544,19.086]]],[[[-69.544,19.089],[-69.543,19.089],[-69.543,19.09],[-69.544,19.09],[-69.544,19.089]]],[[[-69.54334,19.09273],[-69.54329,19.0924],[-69.54332,19.0922],[-69.54311,19.09217],[-69.54297,19.09207],[-69.54284,19.09212],[-69.54296,19.09243],[-69.54284,19.09264],[-69.5429,19.09303],[-69.54334,19.09273]]],[[[-69.54245,19.09411],[-69.54239,19.09396],[-69.54225,19.09393],[-69.54218,19.09382],[-69.54198,19.09376],[-69.54183,19.09383],[-69.54186,19.09399],[-69.54184,19.09456],[-69.54209,19.09461],[-69.54233,19.09454],[-69.54245,19.09444],[-69.54241,19.09426],[-69.54245,19.09411]]],[[[-69.542,19.085],[-69.541,19.084],[-69.541,19.085],[-69.54,19.085],[-69.54,19.087],[-69.541,19.087],[-69.541,19.089],[-69.542,19.089],[-69.542,19.085]]],[[[-69.5418,19.09221],[-69.54175,19.09196],[-69.54148,19.09189],[-69.54141,19.09208],[-69.54139,19.09225],[-69.5418,19.09221]]],[[[-69.53932,19.09128],[-69.53923,19.09107],[-69.53899,19.09111],[-69.53904,19.0914],[-69.53922,19.09148],[-69.53932,19.09128]]],[[[-69.539,19.089],[-69.538,19.089],[-69.538,19.09],[-69.539,19.09],[-69.539,19.089]]],[[[-69.53884,19.08484],[-69.53881,19.08467],[-69.53851,19.08464],[-69.53819,19.08473],[-69.53781,19.08512],[-69.53789,19.08549],[-69.5384,19.08539],[-69.53861,19.0852],[-69.53873,19.085],[-69.53884,19.08484]]],[[[-69.538,19.083],[-69.537,19.083],[-69.537,19.084],[-69.538,19.084],[-69.538,19.083]]],[[[-69.538,19.086],[-69.537,19.086],[-69.537,19.088],[-69.538,19.088],[-69.538,19.086]]],[[[-69.53621,19.08988],[-69.5361,19.08976],[-69.53582,19.08984],[-69.53582,19.09007],[-69.53618,19.09007],[-69.53621,19.08988]]],[[[-69.534,19.081],[-69.532,19.081],[-69.532,19.082],[-69.533,19.082],[-69.533,19.083],[-69.534,19.083],[-69.534,19.081]]],[[[-69.529,19.083],[-69.526,19.083],[-69.526,19.084],[-69.527,19.084],[-69.527,19.085],[-69.528,19.085],[-69.528,19.084],[-69.529,19.084],[-69.529,19.083]]],[[[-69.523,19.082],[-69.522,19.083],[-69.523,19.083],[-69.523,19.082]]],[[[-69.52263,19.09021],[-69.52259,19.09003],[-69.52254,19.08984],[-69.52235,19.08979],[-69.52213,19.08979],[-69.52201,19.09013],[-69.52217,19.0904],[-69.52236,19.09035],[-69.52246,19.09049],[-69.52261,19.09039],[-69.52263,19.09021]]],[[[-69.52,19.09],[-69.519,19.09],[-69.519,19.091],[-69.52,19.091],[-69.52,19.09]]],[[[-69.519,19.089],[-69.518,19.089],[-69.519,19.09],[-69.519,19.089]]],[[[-69.519,19.091],[-69.518,19.091],[-69.518,19.092],[-69.519,19.092],[-69.519,19.091]]],[[[-69.517,19.089],[-69.516,19.09],[-69.516,19.092],[-69.517,19.092],[-69.517,19.089]]],[[[-69.514,19.087],[-69.513,19.088],[-69.513,19.09],[-69.514,19.091],[-69.514,19.087]]],[[[-69.512,19.089],[-69.511,19.089],[-69.511,19.091],[-69.512,19.09],[-69.512,19.089]]],[[[-69.51,19.089],[-69.509,19.089],[-69.509,19.09],[-69.51,19.09],[-69.51,19.089]]],[[[-69.505,19.087],[-69.504,19.087],[-69.504,19.088],[-69.505,19.089],[-69.505,19.087]]],[[[-69.502,19.09],[-69.501,19.089],[-69.501,19.09],[-69.502,19.09]]],[[[-69.502,19.091],[-69.501,19.091],[-69.501,19.092],[-69.502,19.092],[-69.502,19.091]]],[[[-69.501,19.092],[-69.5,19.092],[-69.5,19.093],[-69.501,19.093],[-69.501,19.092]]],[[[-69.49981,19.09065],[-69.49957,19.09058],[-69.49943,19.09107],[-69.49966,19.09098],[-69.49981,19.09065]]],[[[-69.495,19.084],[-69.494,19.084],[-69.495,19.085],[-69.495,19.084]]],[[[-69.49293,19.08288],[-69.49292,19.08265],[-69.49275,19.08263],[-69.49265,19.08276],[-69.49257,19.08298],[-69.49283,19.08303],[-69.49293,19.08288]]],[[[-69.491,19.08],[-69.49,19.079],[-69.49,19.08],[-69.491,19.08]]],[[[-69.487,19.077],[-69.486,19.078],[-69.487,19.078],[-69.487,19.077]]],[[[-69.482,19.079],[-69.481,19.079],[-69.481,19.08],[-69.482,19.079]]],[[[-69.48,19.094],[-69.479,19.093],[-69.479,19.094],[-69.48,19.094]]],[[[-69.47,19.081],[-69.469,19.081],[-69.469,19.082],[-69.47,19.082],[-69.47,19.081]]],[[[-69.464,19.08],[-69.463,19.08],[-69.463,19.081],[-69.464,19.08]]],[[[-69.46,19.076],[-69.459,19.077],[-69.459,19.078],[-69.46,19.078],[-69.46,19.076]]],[[[-69.457,19.075],[-69.456,19.075],[-69.456,19.076],[-69.457,19.075]]],[[[-69.432,18.716],[-69.43,18.716],[-69.43,18.717],[-69.432,18.717],[-69.432,18.716]]],[[[-69.404,18.632],[-69.403,18.632],[-69.404,18.633],[-69.404,18.632]]],[[[-69.19,19.009],[-69.189,19.009],[-69.188,19.008],[-69.185,19.008],[-69.185,19.009],[-69.183,19.009],[-69.182,19.01],[-69.175,19.01],[-69.174,19.011],[-69.176,19.011],[-69.177,19.012],[-69.178,19.013],[-69.18,19.011],[-69.182,19.011],[-69.183,19.01],[-69.184,19.011],[-69.185,19.012],[-69.184,19.015],[-69.183,19.017],[-69.185,19.016],[-69.185,19.015],[-69.186,19.015],[-69.187,19.014],[-69.188,19.013],[-69.188,19.012],[-69.189,19.012],[-69.189,19.011],[-69.19,19.011],[-69.19,19.009]]]]}},{"type":"Feature","properties":{"shapeName":"San Pedro de Macorís","provinceKey":"sanpedrodemacoris","shapeType":"ADM1"},"geometry":{"type":"MultiPolygon","coordinates":[[[[-69.615,18.523],[-69.614,18.523],[-69.614,18.522],[-69.611,18.522],[-69.611,18.521],[-69.61,18.521],[-69.61,18.52],[-69.609,18.52],[-69.609,18.519],[-69.608,18.519],[-69.608,18.517],[-69.607,18.518],[-69.606,18.518],[-69.606,18.517],[-69.605,18.517],[-69.605,18.52],[-69.604,18.521],[-69.603,18.521],[-69.602,18.52],[-69.602,18.519],[-69.601,18.519],[-69.601,18.516],[-69.6,18.516],[-69.6,18.515],[-69.599,18.515],[-69.599,18.513],[-69.6,18.513],[-69.599,18.512],[-69.6,18.512],[-69.6,18.509],[-69.598,18.509],[-69.599,18.508],[-69.599,18.506],[-69.6,18.506],[-69.6,18.505],[-69.599,18.505],[-69.599,18.504],[-69.6,18.503],[-69.599,18.503],[-69.599,18.502],[-69.598,18.502],[-69.598,18.5],[-69.599,18.497],[-69.597,18.497],[-69.597,18.496],[-69.595,18.496],[-69.595,18.495],[-69.593,18.495],[-69.593,18.494],[-69.592,18.494],[-69.592,18.492],[-69.591,18.492],[-69.59,18.491],[-69.589,18.49],[-69.588,18.49],[-69.587,18.489],[-69.586,18.489],[-69.586,18.488],[-69.584,18.488],[-69.583,18.487],[-69.582,18.487],[-69.581,18.486],[-69.58,18.486],[-69.579,18.485],[-69.577,18.485],[-69.577,18.484],[-69.576,18.484],[-69.575,18.483],[-69.573,18.483],[-69.572,18.482],[-69.57,18.482],[-69.569,18.481],[-69.566,18.481],[-69.566,18.48],[-69.565,18.48],[-69.564,18.479],[-69.563,18.479],[-69.563,18.478],[-69.562,18.478],[-69.562,18.477],[-69.56,18.477],[-69.559,18.476],[-69.543,18.476],[-69.542,18.475],[-69.537,18.475],[-69.535,18.474],[-69.527,18.474],[-69.527,18.475],[-69.515,18.475],[-69.515,18.466],[-69.529,18.466],[-69.528,18.462],[-69.528,18.458],[-69.526,18.433],[-69.525,18.422],[-69.526,18.415],[-69.526,18.404],[-69.509,18.404],[-69.509,18.405],[-69.506,18.405],[-69.506,18.406],[-69.502,18.406],[-69.503,18.407],[-69.503,18.408],[-69.502,18.408],[-69.502,18.407],[-69.499,18.407],[-69.499,18.408],[-69.496,18.408],[-69.496,18.409],[-69.494,18.409],[-69.494,18.41],[-69.49,18.41],[-69.49,18.411],[-69.487,18.411],[-69.487,18.412],[-69.486,18.411],[-69.485,18.411],[-69.485,18.412],[-69.481,18.412],[-69.481,18.413],[-69.477,18.413],[-69.477,18.414],[-69.475,18.414],[-69.474,18.415],[-69.47,18.415],[-69.47,18.416],[-69.467,18.416],[-69.467,18.417],[-69.462,18.417],[-69.462,18.418],[-69.461,18.418],[-69.461,18.417],[-69.459,18.417],[-69.459,18.418],[-69.456,18.418],[-69.456,18.419],[-69.455,18.42],[-69.454,18.42],[-69.453,18.421],[-69.452,18.42],[-69.45,18.42],[-69.449,18.421],[-69.449,18.422],[-69.446,18.422],[-69.446,18.423],[-69.438,18.423],[-69.437,18.424],[-69.426,18.424],[-69.425,18.423],[-69.424,18.423],[-69.425,18.424],[-69.424,18.425],[-69.419,18.425],[-69.419,18.426],[-69.418,18.426],[-69.417,18.425],[-69.417,18.426],[-69.414,18.426],[-69.414,18.425],[-69.412,18.425],[-69.412,18.426],[-69.408,18.426],[-69.407,18.427],[-69.404,18.427],[-69.403,18.426],[-69.402,18.427],[-69.398,18.427],[-69.398,18.426],[-69.396,18.426],[-69.396,18.427],[-69.391,18.427],[-69.391,18.426],[-69.386,18.426],[-69.386,18.427],[-69.382,18.427],[-69.381,18.426],[-69.375,18.426],[-69.375,18.425],[-69.366,18.425],[-69.366,18.424],[-69.364,18.424],[-69.363,18.425],[-69.363,18.424],[-69.35,18.424],[-69.35,18.425],[-69.351,18.426],[-69.348,18.426],[-69.348,18.424],[-69.346,18.424],[-69.346,18.425],[-69.338,18.425],[-69.338,18.426],[-69.329,18.426],[-69.329,18.427],[-69.327,18.427],[-69.327,18.428],[-69.326,18.427],[-69.326,18.428],[-69.324,18.428],[-69.324,18.429],[-69.323,18.429],[-69.323,18.43],[-69.324,18.43],[-69.324,18.431],[-69.323,18.431],[-69.323,18.434],[-69.322,18.434],[-69.321,18.435],[-69.32,18.435],[-69.32,18.434],[-69.318,18.434],[-69.318,18.435],[-69.317,18.435],[-69.317,18.437],[-69.321,18.437],[-69.321,18.438],[-69.322,18.438],[-69.322,18.44],[-69.321,18.44],[-69.321,18.443],[-69.322,18.443],[-69.322,18.444],[-69.321,18.444],[-69.321,18.445],[-69.32,18.445],[-69.32,18.446],[-69.318,18.446],[-69.318,18.447],[-69.317,18.447],[-69.316,18.448],[-69.314,18.448],[-69.314,18.449],[-69.312,18.45],[-69.311,18.45],[-69.311,18.449],[-69.31,18.448],[-69.31,18.446],[-69.311,18.446],[-69.311,18.444],[-69.312,18.444],[-69.312,18.443],[-69.313,18.443],[-69.313,18.44],[-69.309,18.44],[-69.309,18.439],[-69.308,18.44],[-69.308,18.439],[-69.307,18.439],[-69.307,18.44],[-69.304,18.44],[-69.304,18.439],[-69.299,18.439],[-69.299,18.438],[-69.298,18.438],[-69.298,18.435],[-69.3,18.435],[-69.3,18.434],[-69.293,18.434],[-69.293,18.435],[-69.29,18.435],[-69.29,18.436],[-69.289,18.436],[-69.289,18.437],[-69.283,18.437],[-69.283,18.438],[-69.277,18.438],[-69.277,18.439],[-69.275,18.439],[-69.275,18.44],[-69.273,18.44],[-69.272,18.441],[-69.27,18.441],[-69.27,18.442],[-69.268,18.442],[-69.267,18.443],[-69.266,18.442],[-69.265,18.442],[-69.265,18.443],[-69.264,18.443],[-69.263,18.442],[-69.243,18.442],[-69.243,18.443],[-69.235,18.444],[-69.232,18.444],[-69.232,18.445],[-69.23,18.445],[-69.23,18.446],[-69.228,18.446],[-69.228,18.448],[-69.225,18.448],[-69.225,18.449],[-69.218,18.449],[-69.218,18.45],[-69.215,18.45],[-69.214,18.451],[-69.212,18.451],[-69.212,18.453],[-69.21,18.453],[-69.209,18.452],[-69.206,18.452],[-69.205,18.451],[-69.204,18.451],[-69.203,18.45],[-69.202,18.45],[-69.2,18.449],[-69.199,18.449],[-69.198,18.448],[-69.198,18.447],[-69.197,18.447],[-69.197,18.442],[-69.196,18.441],[-69.197,18.44],[-69.197,18.439],[-69.196,18.439],[-69.196,18.438],[-69.195,18.438],[-69.195,18.437],[-69.194,18.437],[-69.194,18.436],[-69.193,18.435],[-69.193,18.433],[-69.194,18.433],[-69.194,18.432],[-69.198,18.432],[-69.198,18.43],[-69.197,18.43],[-69.197,18.429],[-69.196,18.429],[-69.196,18.428],[-69.195,18.428],[-69.195,18.427],[-69.193,18.427],[-69.193,18.426],[-69.192,18.426],[-69.192,18.425],[-69.19,18.425],[-69.19,18.424],[-69.188,18.424],[-69.188,18.423],[-69.187,18.423],[-69.186,18.422],[-69.185,18.422],[-69.185,18.421],[-69.183,18.421],[-69.183,18.42],[-69.181,18.42],[-69.18,18.419],[-69.179,18.419],[-69.178,18.418],[-69.175,18.418],[-69.175,18.419],[-69.173,18.419],[-69.173,18.418],[-69.172,18.418],[-69.172,18.417],[-69.173,18.417],[-69.173,18.415],[-69.17,18.415],[-69.17,18.414],[-69.167,18.414],[-69.167,18.413],[-69.163,18.413],[-69.163,18.412],[-69.161,18.412],[-69.16,18.411],[-69.157,18.411],[-69.157,18.41],[-69.154,18.41],[-69.154,18.409],[-69.15,18.409],[-69.149,18.408],[-69.146,18.408],[-69.146,18.407],[-69.142,18.407],[-69.142,18.406],[-69.138,18.406],[-69.138,18.405],[-69.128,18.405],[-69.128,18.406],[-69.127,18.405],[-69.127,18.406],[-69.125,18.406],[-69.125,18.405],[-69.119,18.405],[-69.119,18.404],[-69.116,18.404],[-69.116,18.403],[-69.114,18.403],[-69.114,18.402],[-69.111,18.402],[-69.111,18.401],[-69.109,18.401],[-69.109,18.4],[-69.108,18.4],[-69.108,18.399],[-69.104,18.399],[-69.104,18.398],[-69.101,18.398],[-69.101,18.397],[-69.099,18.397],[-69.099,18.396],[-69.096,18.396],[-69.096,18.395],[-69.095,18.395],[-69.095,18.396],[-69.094,18.396],[-69.094,18.395],[-69.092,18.395],[-69.092,18.394],[-69.088,18.394],[-69.088,18.395],[-69.087,18.395],[-69.087,18.394],[-69.086,18.394],[-69.086,18.393],[-69.084,18.393],[-69.084,18.4],[-69.085,18.402],[-69.085,18.403],[-69.086,18.405],[-69.086,18.406],[-69.087,18.408],[-69.087,18.409],[-69.088,18.409],[-69.088,18.41],[-69.089,18.411],[-69.089,18.414],[-69.088,18.415],[-69.086,18.415],[-69.084,18.416],[-69.083,18.416],[-69.082,18.417],[-69.082,18.419],[-69.083,18.42],[-69.084,18.42],[-69.084,18.421],[-69.086,18.421],[-69.087,18.422],[-69.088,18.423],[-69.088,18.424],[-69.087,18.425],[-69.087,18.428],[-69.088,18.428],[-69.088,18.429],[-69.09,18.431],[-69.089,18.431],[-69.089,18.432],[-69.088,18.432],[-69.087,18.433],[-69.086,18.433],[-69.086,18.435],[-69.087,18.436],[-69.087,18.437],[-69.088,18.437],[-69.088,18.441],[-69.091,18.441],[-69.091,18.44],[-69.092,18.439],[-69.093,18.439],[-69.093,18.441],[-69.094,18.441],[-69.094,18.442],[-69.095,18.442],[-69.095,18.443],[-69.096,18.443],[-69.096,18.445],[-69.095,18.446],[-69.095,18.448],[-69.096,18.448],[-69.096,18.449],[-69.097,18.449],[-69.098,18.45],[-69.098,18.451],[-69.099,18.451],[-69.1,18.452],[-69.101,18.452],[-69.102,18.453],[-69.104,18.453],[-69.104,18.456],[-69.105,18.456],[-69.105,18.457],[-69.107,18.457],[-69.107,18.46],[-69.112,18.46],[-69.113,18.461],[-69.113,18.46],[-69.114,18.461],[-69.114,18.466],[-69.113,18.466],[-69.113,18.47],[-69.116,18.47],[-69.116,18.469],[-69.117,18.469],[-69.118,18.47],[-69.118,18.475],[-69.119,18.475],[-69.119,18.478],[-69.117,18.478],[-69.117,18.479],[-69.116,18.478],[-69.115,18.478],[-69.115,18.48],[-69.116,18.481],[-69.117,18.481],[-69.118,18.482],[-69.118,18.483],[-69.115,18.483],[-69.115,18.487],[-69.111,18.487],[-69.11,18.488],[-69.111,18.488],[-69.111,18.491],[-69.112,18.491],[-69.112,18.492],[-69.111,18.492],[-69.111,18.494],[-69.11,18.494],[-69.11,18.495],[-69.109,18.495],[-69.109,18.496],[-69.108,18.497],[-69.105,18.497],[-69.105,18.501],[-69.104,18.501],[-69.104,18.502],[-69.103,18.502],[-69.103,18.503],[-69.101,18.503],[-69.101,18.504],[-69.1,18.504],[-69.1,18.505],[-69.097,18.505],[-69.097,18.504],[-69.096,18.504],[-69.096,18.507],[-69.095,18.508],[-69.095,18.509],[-69.094,18.509],[-69.094,18.51],[-69.092,18.51],[-69.092,18.518],[-69.091,18.518],[-69.091,18.517],[-69.09,18.517],[-69.09,18.521],[-69.091,18.521],[-69.091,18.522],[-69.09,18.522],[-69.09,18.523],[-69.087,18.523],[-69.087,18.525],[-69.086,18.525],[-69.086,18.528],[-69.085,18.528],[-69.085,18.529],[-69.084,18.53],[-69.084,18.536],[-69.083,18.537],[-69.084,18.538],[-69.084,18.539],[-69.083,18.539],[-69.083,18.542],[-69.082,18.542],[-69.082,18.543],[-69.083,18.543],[-69.083,18.544],[-69.082,18.545],[-69.082,18.546],[-69.083,18.546],[-69.083,18.547],[-69.084,18.547],[-69.085,18.548],[-69.085,18.55],[-69.086,18.55],[-69.086,18.551],[-69.085,18.552],[-69.085,18.553],[-69.084,18.553],[-69.084,18.554],[-69.085,18.554],[-69.085,18.555],[-69.084,18.555],[-69.084,18.557],[-69.083,18.557],[-69.083,18.558],[-69.082,18.558],[-69.082,18.562],[-69.083,18.562],[-69.083,18.564],[-69.084,18.564],[-69.084,18.567],[-69.083,18.567],[-69.083,18.568],[-69.082,18.568],[-69.082,18.569],[-69.079,18.569],[-69.079,18.57],[-69.078,18.57],[-69.078,18.571],[-69.075,18.571],[-69.074,18.572],[-69.072,18.572],[-69.072,18.573],[-69.071,18.573],[-69.071,18.574],[-69.072,18.574],[-69.072,18.575],[-69.071,18.575],[-69.071,18.576],[-69.072,18.576],[-69.072,18.577],[-69.073,18.578],[-69.073,18.579],[-69.074,18.579],[-69.074,18.58],[-69.072,18.58],[-69.072,18.582],[-69.071,18.582],[-69.071,18.585],[-69.07,18.585],[-69.07,18.586],[-69.069,18.586],[-69.069,18.588],[-69.068,18.589],[-69.068,18.59],[-69.067,18.59],[-69.067,18.593],[-69.073,18.593],[-69.089,18.594],[-69.097,18.594],[-69.1,18.595],[-69.106,18.595],[-69.127,18.596],[-69.133,18.596],[-69.133,18.595],[-69.134,18.595],[-69.135,18.594],[-69.136,18.593],[-69.137,18.592],[-69.139,18.592],[-69.139,18.59],[-69.14,18.589],[-69.14,18.588],[-69.141,18.588],[-69.142,18.587],[-69.143,18.587],[-69.144,18.589],[-69.147,18.589],[-69.148,18.588],[-69.15,18.588],[-69.15,18.587],[-69.151,18.587],[-69.151,18.585],[-69.152,18.585],[-69.152,18.584],[-69.155,18.584],[-69.155,18.585],[-69.156,18.585],[-69.156,18.584],[-69.157,18.584],[-69.157,18.585],[-69.156,18.586],[-69.156,18.588],[-69.155,18.589],[-69.155,18.59],[-69.154,18.59],[-69.154,18.591],[-69.153,18.591],[-69.153,18.592],[-69.152,18.592],[-69.152,18.594],[-69.155,18.594],[-69.156,18.595],[-69.157,18.595],[-69.157,18.596],[-69.158,18.596],[-69.158,18.597],[-69.157,18.597],[-69.157,18.598],[-69.156,18.598],[-69.156,18.602],[-69.158,18.602],[-69.159,18.601],[-69.159,18.602],[-69.16,18.602],[-69.16,18.603],[-69.159,18.604],[-69.159,18.605],[-69.16,18.606],[-69.16,18.607],[-69.158,18.607],[-69.158,18.608],[-69.159,18.608],[-69.16,18.609],[-69.162,18.609],[-69.162,18.61],[-69.164,18.61],[-69.164,18.611],[-69.163,18.612],[-69.164,18.612],[-69.164,18.613],[-69.167,18.613],[-69.167,18.614],[-69.17,18.614],[-69.17,18.613],[-69.171,18.613],[-69.171,18.614],[-69.172,18.614],[-69.172,18.617],[-69.173,18.617],[-69.173,18.618],[-69.174,18.618],[-69.174,18.619],[-69.175,18.62],[-69.177,18.62],[-69.177,18.621],[-69.178,18.622],[-69.179,18.622],[-69.179,18.623],[-69.18,18.623],[-69.18,18.624],[-69.181,18.624],[-69.181,18.625],[-69.183,18.625],[-69.183,18.626],[-69.184,18.626],[-69.185,18.627],[-69.187,18.627],[-69.188,18.628],[-69.189,18.628],[-69.189,18.627],[-69.193,18.627],[-69.193,18.626],[-69.196,18.626],[-69.197,18.625],[-69.199,18.625],[-69.199,18.626],[-69.201,18.626],[-69.202,18.627],[-69.202,18.628],[-69.201,18.629],[-69.201,18.632],[-69.2,18.633],[-69.201,18.633],[-69.201,18.634],[-69.202,18.635],[-69.203,18.636],[-69.203,18.637],[-69.205,18.637],[-69.205,18.638],[-69.207,18.638],[-69.207,18.639],[-69.21,18.639],[-69.21,18.638],[-69.213,18.638],[-69.213,18.639],[-69.214,18.639],[-69.214,18.638],[-69.215,18.638],[-69.215,18.637],[-69.216,18.637],[-69.217,18.636],[-69.218,18.636],[-69.218,18.641],[-69.219,18.645],[-69.219,18.649],[-69.218,18.649],[-69.218,18.651],[-69.219,18.651],[-69.218,18.653],[-69.217,18.653],[-69.22,18.655],[-69.219,18.655],[-69.219,18.657],[-69.22,18.657],[-69.22,18.658],[-69.219,18.658],[-69.219,18.659],[-69.22,18.66],[-69.221,18.66],[-69.222,18.661],[-69.222,18.662],[-69.23,18.662],[-69.231,18.661],[-69.232,18.661],[-69.232,18.663],[-69.231,18.664],[-69.231,18.665],[-69.232,18.665],[-69.232,18.667],[-69.233,18.667],[-69.233,18.668],[-69.234,18.668],[-69.236,18.667],[-69.236,18.666],[-69.237,18.666],[-69.237,18.665],[-69.236,18.665],[-69.236,18.664],[-69.237,18.664],[-69.237,18.663],[-69.238,18.663],[-69.238,18.661],[-69.239,18.661],[-69.239,18.664],[-69.24,18.664],[-69.24,18.662],[-69.242,18.662],[-69.242,18.663],[-69.243,18.663],[-69.243,18.659],[-69.246,18.659],[-69.246,18.658],[-69.247,18.658],[-69.247,18.657],[-69.248,18.657],[-69.247,18.656],[-69.247,18.655],[-69.246,18.654],[-69.244,18.654],[-69.244,18.653],[-69.245,18.652],[-69.245,18.65],[-69.247,18.65],[-69.247,18.649],[-69.246,18.649],[-69.246,18.648],[-69.244,18.648],[-69.244,18.646],[-69.245,18.645],[-69.245,18.644],[-69.246,18.644],[-69.246,18.64],[-69.247,18.64],[-69.247,18.639],[-69.248,18.639],[-69.248,18.638],[-69.249,18.638],[-69.249,18.637],[-69.251,18.637],[-69.251,18.636],[-69.252,18.635],[-69.251,18.635],[-69.251,18.633],[-69.255,18.633],[-69.256,18.632],[-69.257,18.631],[-69.26,18.631],[-69.26,18.63],[-69.261,18.63],[-69.261,18.629],[-69.262,18.629],[-69.263,18.628],[-69.263,18.629],[-69.265,18.629],[-69.265,18.628],[-69.266,18.628],[-69.267,18.627],[-69.267,18.626],[-69.268,18.626],[-69.268,18.627],[-69.271,18.627],[-69.271,18.625],[-69.272,18.625],[-69.272,18.624],[-69.273,18.624],[-69.273,18.625],[-69.275,18.625],[-69.275,18.626],[-69.276,18.625],[-69.278,18.625],[-69.278,18.626],[-69.279,18.627],[-69.281,18.627],[-69.281,18.628],[-69.282,18.628],[-69.282,18.626],[-69.284,18.626],[-69.284,18.627],[-69.286,18.627],[-69.287,18.626],[-69.29,18.626],[-69.29,18.625],[-69.292,18.625],[-69.292,18.622],[-69.293,18.622],[-69.293,18.621],[-69.295,18.621],[-69.295,18.62],[-69.294,18.619],[-69.294,18.618],[-69.293,18.618],[-69.292,18.617],[-69.292,18.612],[-69.291,18.612],[-69.291,18.61],[-69.292,18.61],[-69.292,18.608],[-69.293,18.608],[-69.293,18.605],[-69.294,18.605],[-69.294,18.604],[-69.295,18.603],[-69.299,18.603],[-69.299,18.599],[-69.298,18.598],[-69.299,18.597],[-69.3,18.596],[-69.3,18.592],[-69.298,18.592],[-69.298,18.591],[-69.297,18.591],[-69.297,18.59],[-69.296,18.59],[-69.296,18.589],[-69.295,18.589],[-69.295,18.588],[-69.296,18.588],[-69.296,18.585],[-69.297,18.585],[-69.297,18.583],[-69.298,18.583],[-69.298,18.582],[-69.299,18.582],[-69.299,18.583],[-69.3,18.583],[-69.3,18.581],[-69.299,18.581],[-69.299,18.58],[-69.298,18.58],[-69.297,18.579],[-69.296,18.578],[-69.296,18.577],[-69.297,18.576],[-69.297,18.575],[-69.298,18.575],[-69.298,18.574],[-69.299,18.574],[-69.3,18.573],[-69.305,18.573],[-69.305,18.574],[-69.306,18.574],[-69.308,18.572],[-69.308,18.567],[-69.309,18.564],[-69.309,18.562],[-69.31,18.561],[-69.314,18.561],[-69.314,18.56],[-69.316,18.559],[-69.317,18.558],[-69.318,18.558],[-69.319,18.557],[-69.321,18.557],[-69.322,18.556],[-69.323,18.556],[-69.323,18.555],[-69.324,18.555],[-69.325,18.554],[-69.325,18.553],[-69.327,18.553],[-69.328,18.552],[-69.329,18.551],[-69.33,18.55],[-69.331,18.55],[-69.332,18.549],[-69.333,18.549],[-69.334,18.548],[-69.335,18.547],[-69.336,18.547],[-69.337,18.546],[-69.338,18.546],[-69.338,18.545],[-69.339,18.545],[-69.34,18.544],[-69.342,18.543],[-69.342,18.542],[-69.343,18.542],[-69.344,18.541],[-69.344,18.539],[-69.343,18.539],[-69.343,18.538],[-69.342,18.537],[-69.342,18.535],[-69.343,18.535],[-69.343,18.532],[-69.344,18.532],[-69.344,18.531],[-69.345,18.53],[-69.346,18.529],[-69.347,18.528],[-69.348,18.528],[-69.348,18.526],[-69.349,18.527],[-69.353,18.531],[-69.354,18.532],[-69.355,18.532],[-69.356,18.533],[-69.357,18.533],[-69.357,18.538],[-69.358,18.539],[-69.358,18.54],[-69.359,18.541],[-69.359,18.542],[-69.36,18.542],[-69.361,18.543],[-69.365,18.543],[-69.365,18.544],[-69.366,18.544],[-69.367,18.545],[-69.367,18.546],[-69.368,18.547],[-69.369,18.548],[-69.369,18.551],[-69.368,18.553],[-69.368,18.557],[-69.369,18.558],[-69.369,18.559],[-69.37,18.559],[-69.37,18.561],[-69.371,18.563],[-69.372,18.565],[-69.372,18.566],[-69.373,18.567],[-69.374,18.568],[-69.375,18.569],[-69.376,18.57],[-69.378,18.572],[-69.379,18.573],[-69.38,18.574],[-69.38,18.581],[-69.379,18.582],[-69.379,18.584],[-69.378,18.584],[-69.377,18.586],[-69.377,18.59],[-69.378,18.592],[-69.378,18.594],[-69.379,18.594],[-69.379,18.595],[-69.38,18.595],[-69.38,18.596],[-69.381,18.596],[-69.381,18.599],[-69.382,18.599],[-69.382,18.6],[-69.383,18.601],[-69.384,18.601],[-69.384,18.602],[-69.385,18.602],[-69.386,18.603],[-69.386,18.604],[-69.388,18.606],[-69.393,18.606],[-69.394,18.607],[-69.394,18.609],[-69.396,18.609],[-69.396,18.61],[-69.397,18.61],[-69.397,18.611],[-69.398,18.612],[-69.399,18.612],[-69.4,18.613],[-69.401,18.614],[-69.4,18.615],[-69.399,18.615],[-69.399,18.616],[-69.4,18.617],[-69.401,18.617],[-69.402,18.618],[-69.402,18.619],[-69.403,18.619],[-69.403,18.62],[-69.406,18.62],[-69.406,18.622],[-69.405,18.622],[-69.405,18.623],[-69.406,18.623],[-69.406,18.624],[-69.405,18.624],[-69.405,18.626],[-69.406,18.627],[-69.405,18.627],[-69.405,18.628],[-69.404,18.629],[-69.404,18.63],[-69.403,18.63],[-69.402,18.631],[-69.401,18.631],[-69.401,18.634],[-69.402,18.634],[-69.402,18.633],[-69.404,18.633],[-69.404,18.634],[-69.405,18.634],[-69.405,18.635],[-69.406,18.635],[-69.406,18.637],[-69.407,18.637],[-69.407,18.638],[-69.405,18.638],[-69.405,18.639],[-69.409,18.639],[-69.409,18.64],[-69.408,18.64],[-69.408,18.642],[-69.409,18.642],[-69.409,18.643],[-69.41,18.643],[-69.41,18.642],[-69.411,18.642],[-69.411,18.644],[-69.412,18.644],[-69.413,18.645],[-69.416,18.645],[-69.417,18.646],[-69.417,18.648],[-69.416,18.648],[-69.416,18.651],[-69.417,18.651],[-69.417,18.653],[-69.416,18.653],[-69.416,18.654],[-69.417,18.654],[-69.417,18.655],[-69.419,18.655],[-69.419,18.656],[-69.421,18.656],[-69.421,18.658],[-69.422,18.658],[-69.423,18.659],[-69.424,18.659],[-69.424,18.662],[-69.425,18.662],[-69.425,18.663],[-69.426,18.663],[-69.426,18.664],[-69.427,18.664],[-69.427,18.665],[-69.429,18.665],[-69.429,18.666],[-69.43,18.666],[-69.43,18.667],[-69.432,18.667],[-69.433,18.668],[-69.433,18.669],[-69.434,18.67],[-69.435,18.671],[-69.436,18.672],[-69.436,18.673],[-69.437,18.673],[-69.437,18.675],[-69.436,18.675],[-69.436,18.676],[-69.435,18.676],[-69.435,18.679],[-69.434,18.678],[-69.433,18.678],[-69.433,18.681],[-69.432,18.681],[-69.432,18.682],[-69.431,18.682],[-69.431,18.684],[-69.43,18.684],[-69.43,18.686],[-69.428,18.686],[-69.428,18.687],[-69.426,18.687],[-69.426,18.686],[-69.425,18.687],[-69.425,18.688],[-69.426,18.688],[-69.426,18.689],[-69.424,18.689],[-69.423,18.69],[-69.424,18.69],[-69.424,18.691],[-69.423,18.691],[-69.423,18.693],[-69.424,18.694],[-69.425,18.694],[-69.425,18.697],[-69.427,18.697],[-69.427,18.698],[-69.429,18.698],[-69.429,18.699],[-69.43,18.699],[-69.43,18.7],[-69.431,18.7],[-69.431,18.701],[-69.43,18.701],[-69.43,18.702],[-69.429,18.702],[-69.428,18.704],[-69.429,18.704],[-69.429,18.705],[-69.428,18.705],[-69.428,18.707],[-69.431,18.707],[-69.431,18.708],[-69.43,18.708],[-69.429,18.709],[-69.428,18.709],[-69.428,18.711],[-69.43,18.711],[-69.43,18.712],[-69.429,18.712],[-69.429,18.713],[-69.428,18.713],[-69.429,18.714],[-69.43,18.714],[-69.43,18.716],[-69.428,18.716],[-69.428,18.717],[-69.429,18.717],[-69.429,18.718],[-69.428,18.719],[-69.428,18.721],[-69.43,18.721],[-69.43,18.723],[-69.429,18.723],[-69.429,18.722],[-69.428,18.722],[-69.428,18.724],[-69.429,18.724],[-69.429,18.725],[-69.43,18.725],[-69.43,18.726],[-69.429,18.726],[-69.429,18.727],[-69.43,18.727],[-69.43,18.728],[-69.429,18.728],[-69.429,18.729],[-69.43,18.73],[-69.431,18.73],[-69.431,18.731],[-69.432,18.732],[-69.432,18.734],[-69.431,18.735],[-69.43,18.735],[-69.43,18.736],[-69.432,18.736],[-69.432,18.737],[-69.433,18.737],[-69.433,18.738],[-69.435,18.738],[-69.435,18.74],[-69.436,18.741],[-69.438,18.741],[-69.438,18.743],[-69.439,18.743],[-69.439,18.745],[-69.44,18.746],[-69.44,18.747],[-69.439,18.747],[-69.438,18.748],[-69.439,18.748],[-69.439,18.749],[-69.44,18.749],[-69.44,18.75],[-69.439,18.75],[-69.439,18.751],[-69.436,18.751],[-69.436,18.752],[-69.437,18.752],[-69.438,18.753],[-69.438,18.757],[-69.437,18.758],[-69.438,18.758],[-69.437,18.759],[-69.438,18.759],[-69.438,18.761],[-69.439,18.761],[-69.439,18.762],[-69.443,18.762],[-69.443,18.763],[-69.446,18.763],[-69.446,18.764],[-69.453,18.764],[-69.453,18.766],[-69.455,18.766],[-69.455,18.768],[-69.456,18.768],[-69.456,18.769],[-69.457,18.769],[-69.457,18.777],[-69.458,18.778],[-69.458,18.779],[-69.457,18.78],[-69.457,18.781],[-69.458,18.782],[-69.458,18.783],[-69.457,18.783],[-69.457,18.784],[-69.456,18.785],[-69.455,18.785],[-69.455,18.787],[-69.456,18.788],[-69.457,18.788],[-69.457,18.789],[-69.458,18.789],[-69.458,18.791],[-69.457,18.791],[-69.457,18.792],[-69.456,18.793],[-69.456,18.794],[-69.457,18.794],[-69.457,18.795],[-69.458,18.794],[-69.458,18.796],[-69.457,18.796],[-69.456,18.797],[-69.455,18.797],[-69.455,18.799],[-69.456,18.8],[-69.457,18.801],[-69.457,18.803],[-69.455,18.803],[-69.454,18.804],[-69.454,18.805],[-69.453,18.805],[-69.453,18.804],[-69.452,18.804],[-69.452,18.806],[-69.451,18.806],[-69.451,18.807],[-69.45,18.808],[-69.449,18.808],[-69.448,18.809],[-69.449,18.809],[-69.45,18.81],[-69.451,18.811],[-69.451,18.813],[-69.452,18.813],[-69.452,18.814],[-69.451,18.814],[-69.451,18.82],[-69.452,18.821],[-69.453,18.821],[-69.453,18.822],[-69.455,18.822],[-69.457,18.823],[-69.459,18.823],[-69.46,18.822],[-69.46,18.821],[-69.461,18.82],[-69.461,18.819],[-69.462,18.819],[-69.462,18.818],[-69.463,18.817],[-69.463,18.815],[-69.464,18.814],[-69.465,18.814],[-69.465,18.813],[-69.466,18.814],[-69.471,18.814],[-69.471,18.813],[-69.472,18.812],[-69.472,18.81],[-69.473,18.81],[-69.473,18.809],[-69.474,18.809],[-69.475,18.808],[-69.476,18.808],[-69.476,18.807],[-69.477,18.806],[-69.478,18.805],[-69.479,18.805],[-69.479,18.804],[-69.48,18.804],[-69.48,18.802],[-69.481,18.802],[-69.482,18.801],[-69.483,18.801],[-69.483,18.8],[-69.485,18.8],[-69.485,18.799],[-69.486,18.799],[-69.486,18.798],[-69.489,18.798],[-69.489,18.796],[-69.49,18.795],[-69.49,18.791],[-69.489,18.79],[-69.489,18.787],[-69.49,18.787],[-69.49,18.785],[-69.492,18.785],[-69.492,18.784],[-69.493,18.784],[-69.493,18.783],[-69.492,18.783],[-69.492,18.782],[-69.493,18.781],[-69.494,18.781],[-69.493,18.78],[-69.493,18.779],[-69.494,18.779],[-69.494,18.778],[-69.495,18.778],[-69.495,18.777],[-69.496,18.777],[-69.496,18.771],[-69.497,18.771],[-69.497,18.77],[-69.499,18.77],[-69.499,18.769],[-69.504,18.769],[-69.509,18.767],[-69.511,18.766],[-69.512,18.766],[-69.513,18.765],[-69.513,18.762],[-69.511,18.762],[-69.511,18.761],[-69.512,18.761],[-69.512,18.76],[-69.514,18.76],[-69.514,18.759],[-69.516,18.758],[-69.517,18.757],[-69.519,18.757],[-69.519,18.755],[-69.52,18.754],[-69.52,18.753],[-69.521,18.752],[-69.522,18.751],[-69.522,18.75],[-69.523,18.749],[-69.524,18.748],[-69.525,18.747],[-69.526,18.746],[-69.527,18.745],[-69.527,18.744],[-69.528,18.744],[-69.528,18.743],[-69.529,18.743],[-69.529,18.742],[-69.531,18.742],[-69.531,18.741],[-69.532,18.741],[-69.531,18.735],[-69.531,18.731],[-69.532,18.73],[-69.532,18.722],[-69.533,18.722],[-69.533,18.72],[-69.534,18.719],[-69.534,18.717],[-69.535,18.717],[-69.535,18.716],[-69.534,18.716],[-69.534,18.715],[-69.535,18.714],[-69.535,18.712],[-69.536,18.712],[-69.535,18.711],[-69.535,18.709],[-69.536,18.709],[-69.536,18.705],[-69.537,18.705],[-69.537,18.702],[-69.538,18.702],[-69.538,18.696],[-69.539,18.696],[-69.539,18.694],[-69.54,18.694],[-69.54,18.693],[-69.541,18.693],[-69.541,18.691],[-69.542,18.691],[-69.542,18.689],[-69.543,18.689],[-69.544,18.688],[-69.544,18.687],[-69.545,18.687],[-69.545,18.686],[-69.546,18.686],[-69.547,18.685],[-69.547,18.684],[-69.548,18.684],[-69.548,18.683],[-69.549,18.682],[-69.55,18.681],[-69.55,18.677],[-69.551,18.677],[-69.551,18.674],[-69.552,18.674],[-69.552,18.673],[-69.553,18.672],[-69.554,18.672],[-69.554,18.671],[-69.555,18.671],[-69.555,18.669],[-69.557,18.669],[-69.557,18.666],[-69.556,18.666],[-69.557,18.665],[-69.557,18.663],[-69.558,18.663],[-69.558,18.662],[-69.559,18.662],[-69.559,18.661],[-69.56,18.661],[-69.56,18.659],[-69.561,18.659],[-69.561,18.658],[-69.563,18.658],[-69.564,18.657],[-69.564,18.656],[-69.565,18.656],[-69.566,18.655],[-69.567,18.654],[-69.568,18.654],[-69.568,18.653],[-69.57,18.653],[-69.57,18.652],[-69.571,18.652],[-69.571,18.651],[-69.572,18.651],[-69.572,18.65],[-69.574,18.65],[-69.574,18.649],[-69.575,18.649],[-69.575,18.647],[-69.576,18.647],[-69.576,18.646],[-69.577,18.646],[-69.577,18.643],[-69.578,18.643],[-69.578,18.642],[-69.579,18.641],[-69.58,18.64],[-69.58,18.639],[-69.581,18.639],[-69.581,18.636],[-69.582,18.636],[-69.582,18.635],[-69.583,18.635],[-69.583,18.636],[-69.584,18.636],[-69.584,18.635],[-69.585,18.635],[-69.585,18.634],[-69.588,18.634],[-69.588,18.632],[-69.587,18.632],[-69.587,18.631],[-69.588,18.631],[-69.588,18.63],[-69.59,18.63],[-69.59,18.629],[-69.591,18.629],[-69.591,18.627],[-69.59,18.627],[-69.589,18.626],[-69.589,18.627],[-69.588,18.627],[-69.588,18.624],[-69.589,18.624],[-69.589,18.623],[-69.587,18.623],[-69.586,18.624],[-69.586,18.623],[-69.585,18.623],[-69.585,18.622],[-69.584,18.622],[-69.584,18.624],[-69.583,18.624],[-69.583,18.626],[-69.582,18.627],[-69.579,18.627],[-69.578,18.626],[-69.577,18.626],[-69.577,18.625],[-69.576,18.624],[-69.576,18.618],[-69.577,18.618],[-69.577,18.615],[-69.578,18.615],[-69.579,18.614],[-69.579,18.613],[-69.58,18.613],[-69.58,18.61],[-69.581,18.609],[-69.581,18.608],[-69.583,18.608],[-69.583,18.605],[-69.584,18.605],[-69.584,18.6],[-69.583,18.6],[-69.583,18.594],[-69.581,18.594],[-69.581,18.593],[-69.58,18.593],[-69.58,18.592],[-69.579,18.592],[-69.579,18.59],[-69.578,18.59],[-69.577,18.589],[-69.575,18.589],[-69.575,18.588],[-69.574,18.588],[-69.574,18.585],[-69.573,18.585],[-69.573,18.584],[-69.572,18.584],[-69.571,18.583],[-69.571,18.581],[-69.572,18.579],[-69.573,18.578],[-69.574,18.577],[-69.575,18.576],[-69.576,18.577],[-69.577,18.577],[-69.577,18.576],[-69.578,18.576],[-69.578,18.574],[-69.579,18.574],[-69.579,18.572],[-69.58,18.571],[-69.581,18.57],[-69.582,18.569],[-69.582,18.567],[-69.584,18.567],[-69.584,18.565],[-69.585,18.565],[-69.585,18.563],[-69.586,18.563],[-69.586,18.562],[-69.587,18.562],[-69.587,18.561],[-69.588,18.561],[-69.588,18.558],[-69.589,18.558],[-69.59,18.556],[-69.59,18.554],[-69.591,18.554],[-69.591,18.553],[-69.592,18.552],[-69.595,18.552],[-69.595,18.548],[-69.596,18.548],[-69.596,18.547],[-69.595,18.547],[-69.595,18.543],[-69.596,18.543],[-69.596,18.538],[-69.597,18.538],[-69.597,18.537],[-69.598,18.537],[-69.598,18.536],[-69.599,18.536],[-69.599,18.534],[-69.6,18.534],[-69.6,18.533],[-69.601,18.533],[-69.602,18.532],[-69.603,18.532],[-69.604,18.531],[-69.605,18.531],[-69.605,18.53],[-69.606,18.531],[-69.608,18.531],[-69.608,18.53],[-69.611,18.53],[-69.611,18.529],[-69.612,18.529],[-69.613,18.528],[-69.615,18.528],[-69.615,18.525],[-69.614,18.525],[-69.614,18.524],[-69.615,18.524],[-69.615,18.523]],[[-69.499,18.408],[-69.5,18.408],[-69.499,18.409],[-69.499,18.408]],[[-69.404,18.633],[-69.403,18.632],[-69.404,18.632],[-69.404,18.633]],[[-69.43,18.716],[-69.432,18.716],[-69.432,18.717],[-69.43,18.717],[-69.43,18.716]]],[[[-69.6,18.506],[-69.599,18.507],[-69.6,18.507],[-69.6,18.506]]],[[[-69.433,18.738],[-69.432,18.738],[-69.432,18.739],[-69.433,18.738]]],[[[-69.323,18.43],[-69.321,18.43],[-69.322,18.431],[-69.323,18.431],[-69.323,18.43]]]]}},{"type":"Feature","properties":{"shapeName":"El Seibo","provinceKey":"elseibo","shapeType":"ADM1"},"geometry":{"type":"MultiPolygon","coordinates":[[[[-69.327,18.889],[-69.326,18.889],[-69.326,18.886],[-69.325,18.884],[-69.324,18.883],[-69.323,18.882],[-69.322,18.882],[-69.322,18.881],[-69.321,18.881],[-69.321,18.88],[-69.32,18.88],[-69.32,18.879],[-69.319,18.879],[-69.319,18.878],[-69.318,18.877],[-69.318,18.875],[-69.314,18.875],[-69.313,18.876],[-69.313,18.877],[-69.309,18.877],[-69.307,18.876],[-69.305,18.876],[-69.304,18.875],[-69.299,18.875],[-69.298,18.874],[-69.297,18.874],[-69.295,18.875],[-69.293,18.875],[-69.293,18.873],[-69.288,18.873],[-69.288,18.871],[-69.287,18.871],[-69.288,18.87],[-69.288,18.867],[-69.289,18.866],[-69.289,18.862],[-69.288,18.862],[-69.288,18.861],[-69.287,18.858],[-69.286,18.855],[-69.286,18.853],[-69.285,18.852],[-69.284,18.849],[-69.284,18.846],[-69.283,18.845],[-69.283,18.844],[-69.282,18.842],[-69.282,18.841],[-69.28,18.841],[-69.279,18.842],[-69.276,18.842],[-69.276,18.843],[-69.274,18.844],[-69.273,18.845],[-69.271,18.846],[-69.271,18.847],[-69.268,18.849],[-69.263,18.849],[-69.263,18.846],[-69.262,18.845],[-69.262,18.843],[-69.261,18.843],[-69.261,18.842],[-69.26,18.842],[-69.26,18.837],[-69.258,18.837],[-69.257,18.836],[-69.257,18.835],[-69.256,18.834],[-69.256,18.833],[-69.257,18.833],[-69.257,18.829],[-69.256,18.829],[-69.256,18.828],[-69.254,18.828],[-69.254,18.824],[-69.255,18.824],[-69.255,18.82],[-69.256,18.82],[-69.256,18.816],[-69.254,18.816],[-69.254,18.815],[-69.253,18.815],[-69.252,18.814],[-69.251,18.813],[-69.249,18.813],[-69.249,18.812],[-69.248,18.812],[-69.247,18.811],[-69.244,18.811],[-69.244,18.81],[-69.243,18.81],[-69.242,18.809],[-69.232,18.809],[-69.232,18.808],[-69.231,18.808],[-69.23,18.807],[-69.229,18.806],[-69.229,18.805],[-69.228,18.805],[-69.228,18.804],[-69.227,18.804],[-69.227,18.803],[-69.226,18.803],[-69.225,18.802],[-69.224,18.802],[-69.224,18.801],[-69.223,18.801],[-69.222,18.8],[-69.222,18.799],[-69.221,18.799],[-69.22,18.798],[-69.221,18.798],[-69.221,18.797],[-69.22,18.797],[-69.22,18.795],[-69.218,18.795],[-69.217,18.794],[-69.217,18.793],[-69.216,18.793],[-69.215,18.792],[-69.214,18.792],[-69.214,18.791],[-69.213,18.791],[-69.213,18.788],[-69.214,18.788],[-69.214,18.786],[-69.213,18.786],[-69.213,18.784],[-69.212,18.783],[-69.212,18.78],[-69.21,18.78],[-69.21,18.776],[-69.209,18.776],[-69.209,18.775],[-69.208,18.775],[-69.208,18.774],[-69.209,18.774],[-69.209,18.773],[-69.208,18.773],[-69.208,18.769],[-69.207,18.769],[-69.207,18.768],[-69.205,18.768],[-69.205,18.763],[-69.202,18.763],[-69.202,18.761],[-69.201,18.761],[-69.201,18.759],[-69.202,18.759],[-69.202,18.758],[-69.203,18.757],[-69.203,18.755],[-69.204,18.754],[-69.205,18.754],[-69.206,18.753],[-69.207,18.753],[-69.207,18.75],[-69.208,18.75],[-69.208,18.748],[-69.207,18.748],[-69.207,18.747],[-69.206,18.747],[-69.206,18.746],[-69.205,18.746],[-69.205,18.744],[-69.206,18.744],[-69.206,18.742],[-69.209,18.742],[-69.209,18.741],[-69.21,18.74],[-69.21,18.738],[-69.212,18.738],[-69.212,18.735],[-69.213,18.736],[-69.213,18.735],[-69.214,18.735],[-69.214,18.733],[-69.213,18.733],[-69.212,18.732],[-69.212,18.728],[-69.213,18.728],[-69.213,18.727],[-69.212,18.727],[-69.212,18.725],[-69.215,18.725],[-69.214,18.724],[-69.215,18.723],[-69.214,18.723],[-69.215,18.722],[-69.216,18.722],[-69.216,18.721],[-69.217,18.721],[-69.217,18.72],[-69.219,18.72],[-69.219,18.719],[-69.218,18.719],[-69.217,18.718],[-69.216,18.718],[-69.216,18.717],[-69.215,18.717],[-69.216,18.716],[-69.217,18.716],[-69.217,18.714],[-69.218,18.714],[-69.218,18.713],[-69.22,18.713],[-69.22,18.71],[-69.222,18.71],[-69.222,18.708],[-69.223,18.708],[-69.223,18.705],[-69.222,18.704],[-69.221,18.704],[-69.221,18.702],[-69.222,18.702],[-69.222,18.701],[-69.223,18.701],[-69.224,18.7],[-69.224,18.697],[-69.225,18.697],[-69.225,18.696],[-69.226,18.696],[-69.225,18.695],[-69.224,18.695],[-69.224,18.694],[-69.225,18.694],[-69.225,18.692],[-69.223,18.692],[-69.223,18.69],[-69.222,18.69],[-69.221,18.689],[-69.221,18.688],[-69.222,18.688],[-69.223,18.685],[-69.224,18.685],[-69.224,18.683],[-69.226,18.683],[-69.226,18.682],[-69.225,18.682],[-69.225,18.68],[-69.227,18.68],[-69.228,18.679],[-69.227,18.679],[-69.227,18.677],[-69.229,18.677],[-69.229,18.676],[-69.228,18.676],[-69.228,18.675],[-69.227,18.675],[-69.227,18.674],[-69.228,18.673],[-69.227,18.673],[-69.228,18.672],[-69.229,18.672],[-69.229,18.671],[-69.23,18.671],[-69.229,18.67],[-69.228,18.67],[-69.228,18.669],[-69.227,18.669],[-69.228,18.668],[-69.233,18.668],[-69.233,18.667],[-69.232,18.667],[-69.232,18.665],[-69.231,18.665],[-69.231,18.664],[-69.232,18.663],[-69.232,18.661],[-69.231,18.661],[-69.23,18.662],[-69.222,18.662],[-69.222,18.661],[-69.221,18.66],[-69.22,18.66],[-69.219,18.659],[-69.219,18.658],[-69.22,18.658],[-69.22,18.657],[-69.219,18.657],[-69.219,18.655],[-69.22,18.655],[-69.217,18.653],[-69.218,18.653],[-69.219,18.651],[-69.218,18.651],[-69.218,18.649],[-69.219,18.649],[-69.219,18.645],[-69.218,18.641],[-69.218,18.636],[-69.217,18.636],[-69.216,18.637],[-69.215,18.637],[-69.215,18.638],[-69.214,18.638],[-69.214,18.639],[-69.213,18.639],[-69.213,18.638],[-69.21,18.638],[-69.21,18.639],[-69.207,18.639],[-69.207,18.638],[-69.205,18.638],[-69.205,18.637],[-69.203,18.637],[-69.203,18.636],[-69.202,18.635],[-69.201,18.634],[-69.201,18.633],[-69.2,18.633],[-69.201,18.632],[-69.201,18.629],[-69.202,18.628],[-69.202,18.627],[-69.201,18.626],[-69.199,18.626],[-69.199,18.625],[-69.197,18.625],[-69.196,18.626],[-69.193,18.626],[-69.193,18.627],[-69.189,18.627],[-69.189,18.628],[-69.188,18.628],[-69.187,18.627],[-69.185,18.627],[-69.184,18.626],[-69.183,18.626],[-69.183,18.625],[-69.181,18.625],[-69.181,18.624],[-69.18,18.624],[-69.18,18.623],[-69.179,18.623],[-69.179,18.622],[-69.178,18.622],[-69.177,18.621],[-69.177,18.62],[-69.175,18.62],[-69.174,18.619],[-69.174,18.618],[-69.173,18.618],[-69.173,18.617],[-69.172,18.617],[-69.172,18.614],[-69.171,18.614],[-69.171,18.613],[-69.17,18.613],[-69.17,18.614],[-69.167,18.614],[-69.167,18.613],[-69.164,18.613],[-69.164,18.612],[-69.163,18.612],[-69.164,18.611],[-69.164,18.61],[-69.162,18.61],[-69.162,18.609],[-69.16,18.609],[-69.159,18.608],[-69.158,18.608],[-69.158,18.607],[-69.16,18.607],[-69.16,18.606],[-69.159,18.605],[-69.159,18.604],[-69.16,18.603],[-69.16,18.602],[-69.159,18.602],[-69.159,18.601],[-69.158,18.602],[-69.156,18.602],[-69.156,18.598],[-69.157,18.598],[-69.157,18.597],[-69.158,18.597],[-69.158,18.596],[-69.157,18.596],[-69.157,18.595],[-69.156,18.595],[-69.155,18.594],[-69.152,18.594],[-69.152,18.592],[-69.153,18.592],[-69.153,18.591],[-69.154,18.591],[-69.154,18.59],[-69.155,18.59],[-69.155,18.589],[-69.156,18.588],[-69.156,18.586],[-69.157,18.585],[-69.157,18.584],[-69.156,18.584],[-69.156,18.585],[-69.155,18.585],[-69.155,18.584],[-69.152,18.584],[-69.152,18.585],[-69.151,18.585],[-69.151,18.587],[-69.15,18.587],[-69.15,18.588],[-69.148,18.588],[-69.147,18.589],[-69.144,18.589],[-69.143,18.587],[-69.142,18.587],[-69.141,18.588],[-69.14,18.588],[-69.14,18.589],[-69.139,18.59],[-69.139,18.592],[-69.137,18.592],[-69.136,18.593],[-69.135,18.594],[-69.134,18.595],[-69.133,18.595],[-69.133,18.596],[-69.127,18.596],[-69.106,18.595],[-69.1,18.595],[-69.097,18.594],[-69.089,18.594],[-69.073,18.593],[-69.067,18.593],[-69.067,18.59],[-69.068,18.59],[-69.068,18.589],[-69.069,18.588],[-69.069,18.586],[-69.07,18.586],[-69.07,18.585],[-69.071,18.585],[-69.071,18.582],[-69.072,18.582],[-69.072,18.58],[-69.074,18.58],[-69.074,18.579],[-69.073,18.579],[-69.073,18.578],[-69.072,18.577],[-69.072,18.576],[-69.071,18.576],[-69.071,18.575],[-69.072,18.575],[-69.072,18.574],[-69.071,18.574],[-69.071,18.573],[-69.072,18.573],[-69.072,18.572],[-69.074,18.572],[-69.075,18.571],[-69.078,18.571],[-69.078,18.57],[-69.079,18.57],[-69.079,18.569],[-69.082,18.569],[-69.082,18.568],[-69.083,18.568],[-69.083,18.567],[-69.084,18.567],[-69.084,18.564],[-69.083,18.564],[-69.083,18.562],[-69.082,18.562],[-69.082,18.558],[-69.083,18.558],[-69.083,18.557],[-69.084,18.557],[-69.084,18.555],[-69.085,18.555],[-69.085,18.554],[-69.084,18.554],[-69.084,18.553],[-69.085,18.553],[-69.085,18.552],[-69.086,18.551],[-69.086,18.55],[-69.085,18.55],[-69.085,18.548],[-69.084,18.547],[-69.083,18.547],[-69.083,18.546],[-69.082,18.546],[-69.082,18.545],[-69.083,18.544],[-69.083,18.543],[-69.082,18.543],[-69.082,18.542],[-69.083,18.542],[-69.083,18.539],[-69.084,18.539],[-69.084,18.538],[-69.083,18.537],[-69.084,18.536],[-69.084,18.53],[-69.085,18.529],[-69.085,18.528],[-69.084,18.528],[-69.084,18.527],[-69.083,18.527],[-69.083,18.528],[-69.081,18.528],[-69.08,18.529],[-69.078,18.529],[-69.078,18.528],[-69.076,18.528],[-69.075,18.529],[-69.075,18.53],[-69.073,18.53],[-69.073,18.529],[-69.069,18.529],[-69.068,18.53],[-69.067,18.53],[-69.067,18.533],[-69.066,18.533],[-69.065,18.534],[-69.064,18.534],[-69.063,18.535],[-69.062,18.535],[-69.062,18.536],[-69.06,18.536],[-69.06,18.538],[-69.057,18.539],[-69.057,18.54],[-69.053,18.54],[-69.053,18.542],[-69.054,18.543],[-69.054,18.544],[-69.052,18.544],[-69.052,18.545],[-69.053,18.545],[-69.053,18.546],[-69.052,18.546],[-69.052,18.547],[-69.05,18.547],[-69.05,18.55],[-69.049,18.55],[-69.048,18.551],[-69.048,18.552],[-69.047,18.553],[-69.044,18.553],[-69.044,18.554],[-69.043,18.554],[-69.043,18.555],[-69.042,18.555],[-69.042,18.558],[-69.041,18.558],[-69.042,18.559],[-69.041,18.559],[-69.041,18.56],[-69.042,18.56],[-69.042,18.565],[-69.041,18.565],[-69.041,18.567],[-69.04,18.567],[-69.039,18.568],[-69.039,18.569],[-69.038,18.568],[-69.038,18.569],[-69.037,18.569],[-69.037,18.57],[-69.033,18.57],[-69.033,18.571],[-69.031,18.571],[-69.028,18.573],[-69.028,18.574],[-69.026,18.574],[-69.026,18.575],[-69.025,18.575],[-69.025,18.576],[-69.024,18.576],[-69.023,18.577],[-69.019,18.577],[-69.019,18.576],[-69.018,18.576],[-69.018,18.577],[-69.015,18.577],[-69.015,18.58],[-69.014,18.581],[-69.013,18.582],[-69.013,18.583],[-69.011,18.583],[-69.011,18.584],[-69.01,18.584],[-69.01,18.586],[-69.009,18.586],[-69.009,18.587],[-69.01,18.588],[-69.01,18.59],[-69.009,18.59],[-69.009,18.591],[-69.008,18.591],[-69.008,18.592],[-69.004,18.592],[-69.004,18.593],[-69.003,18.594],[-69.002,18.595],[-69.002,18.596],[-69.001,18.596],[-69.001,18.599],[-69,18.599],[-69,18.6],[-68.999,18.6],[-68.999,18.603],[-68.998,18.603],[-68.998,18.605],[-68.997,18.605],[-68.997,18.607],[-68.996,18.607],[-68.996,18.609],[-68.995,18.609],[-68.995,18.61],[-68.993,18.61],[-68.993,18.611],[-68.992,18.611],[-68.992,18.613],[-68.991,18.613],[-68.991,18.614],[-68.99,18.614],[-68.99,18.616],[-68.989,18.616],[-68.989,18.617],[-68.988,18.617],[-68.988,18.62],[-68.987,18.62],[-68.987,18.622],[-68.986,18.622],[-68.986,18.624],[-68.985,18.624],[-68.985,18.628],[-68.984,18.628],[-68.984,18.629],[-68.985,18.629],[-68.985,18.63],[-68.984,18.63],[-68.984,18.632],[-68.983,18.632],[-68.983,18.634],[-68.982,18.634],[-68.982,18.639],[-68.981,18.639],[-68.981,18.64],[-68.98,18.64],[-68.98,18.641],[-68.977,18.641],[-68.977,18.642],[-68.976,18.642],[-68.976,18.641],[-68.975,18.642],[-68.974,18.642],[-68.974,18.644],[-68.973,18.645],[-68.973,18.647],[-68.965,18.647],[-68.965,18.65],[-68.96,18.65],[-68.96,18.652],[-68.959,18.653],[-68.959,18.654],[-68.958,18.654],[-68.958,18.655],[-68.957,18.655],[-68.957,18.656],[-68.956,18.656],[-68.956,18.657],[-68.955,18.657],[-68.955,18.659],[-68.952,18.659],[-68.951,18.658],[-68.95,18.657],[-68.945,18.657],[-68.945,18.658],[-68.944,18.658],[-68.943,18.659],[-68.943,18.658],[-68.942,18.658],[-68.941,18.659],[-68.941,18.658],[-68.94,18.658],[-68.94,18.657],[-68.939,18.657],[-68.939,18.656],[-68.938,18.656],[-68.937,18.657],[-68.935,18.657],[-68.935,18.656],[-68.934,18.657],[-68.933,18.657],[-68.933,18.658],[-68.932,18.658],[-68.932,18.659],[-68.93,18.659],[-68.93,18.658],[-68.929,18.658],[-68.929,18.657],[-68.927,18.657],[-68.927,18.664],[-68.926,18.665],[-68.925,18.666],[-68.924,18.666],[-68.924,18.668],[-68.925,18.669],[-68.926,18.67],[-68.927,18.671],[-68.927,18.673],[-68.928,18.673],[-68.929,18.674],[-68.93,18.674],[-68.93,18.675],[-68.932,18.675],[-68.932,18.676],[-68.934,18.676],[-68.934,18.677],[-68.935,18.677],[-68.936,18.678],[-68.937,18.678],[-68.937,18.679],[-68.938,18.68],[-68.938,18.681],[-68.937,18.682],[-68.937,18.684],[-68.936,18.685],[-68.936,18.687],[-68.935,18.687],[-68.935,18.688],[-68.934,18.688],[-68.934,18.687],[-68.933,18.687],[-68.932,18.688],[-68.931,18.688],[-68.931,18.689],[-68.93,18.689],[-68.93,18.69],[-68.929,18.69],[-68.929,18.691],[-68.928,18.691],[-68.928,18.693],[-68.927,18.694],[-68.927,18.695],[-68.926,18.696],[-68.925,18.697],[-68.924,18.698],[-68.927,18.698],[-68.927,18.697],[-68.928,18.697],[-68.929,18.698],[-68.929,18.699],[-68.93,18.699],[-68.931,18.7],[-68.931,18.701],[-68.93,18.702],[-68.93,18.703],[-68.931,18.703],[-68.931,18.704],[-68.933,18.704],[-68.933,18.705],[-68.932,18.706],[-68.932,18.708],[-68.931,18.709],[-68.929,18.709],[-68.929,18.713],[-68.93,18.714],[-68.93,18.715],[-68.929,18.716],[-68.929,18.717],[-68.928,18.718],[-68.927,18.718],[-68.927,18.719],[-68.926,18.719],[-68.926,18.722],[-68.925,18.722],[-68.925,18.723],[-68.922,18.723],[-68.922,18.722],[-68.92,18.722],[-68.92,18.723],[-68.919,18.722],[-68.918,18.722],[-68.918,18.723],[-68.915,18.723],[-68.915,18.722],[-68.91,18.722],[-68.91,18.723],[-68.904,18.723],[-68.904,18.724],[-68.903,18.723],[-68.898,18.723],[-68.898,18.722],[-68.897,18.722],[-68.896,18.723],[-68.894,18.723],[-68.894,18.724],[-68.893,18.724],[-68.893,18.725],[-68.892,18.725],[-68.892,18.726],[-68.891,18.726],[-68.891,18.725],[-68.89,18.725],[-68.89,18.724],[-68.889,18.724],[-68.888,18.723],[-68.887,18.723],[-68.887,18.721],[-68.885,18.721],[-68.884,18.72],[-68.885,18.719],[-68.879,18.719],[-68.879,18.72],[-68.878,18.72],[-68.878,18.721],[-68.875,18.721],[-68.875,18.722],[-68.874,18.722],[-68.874,18.723],[-68.871,18.723],[-68.871,18.722],[-68.87,18.722],[-68.87,18.724],[-68.869,18.724],[-68.869,18.727],[-68.868,18.727],[-68.867,18.728],[-68.867,18.729],[-68.866,18.729],[-68.866,18.73],[-68.865,18.73],[-68.865,18.731],[-68.864,18.731],[-68.864,18.732],[-68.863,18.733],[-68.863,18.734],[-68.862,18.734],[-68.862,18.735],[-68.861,18.736],[-68.861,18.737],[-68.86,18.737],[-68.86,18.738],[-68.859,18.738],[-68.859,18.739],[-68.857,18.739],[-68.857,18.74],[-68.856,18.74],[-68.856,18.741],[-68.855,18.742],[-68.855,18.743],[-68.854,18.743],[-68.854,18.744],[-68.855,18.744],[-68.855,18.746],[-68.856,18.747],[-68.857,18.747],[-68.857,18.751],[-68.858,18.751],[-68.859,18.752],[-68.859,18.753],[-68.86,18.753],[-68.86,18.755],[-68.859,18.755],[-68.859,18.757],[-68.858,18.757],[-68.858,18.758],[-68.856,18.758],[-68.856,18.759],[-68.855,18.759],[-68.855,18.761],[-68.854,18.761],[-68.854,18.762],[-68.853,18.762],[-68.853,18.763],[-68.852,18.763],[-68.852,18.764],[-68.851,18.764],[-68.851,18.766],[-68.85,18.766],[-68.85,18.769],[-68.851,18.769],[-68.851,18.77],[-68.852,18.771],[-68.85,18.771],[-68.85,18.772],[-68.84,18.772],[-68.839,18.773],[-68.84,18.773],[-68.84,18.775],[-68.839,18.775],[-68.839,18.777],[-68.838,18.777],[-68.838,18.778],[-68.837,18.779],[-68.837,18.78],[-68.836,18.78],[-68.836,18.781],[-68.834,18.781],[-68.834,18.782],[-68.832,18.782],[-68.832,18.783],[-68.831,18.783],[-68.831,18.785],[-68.83,18.785],[-68.83,18.786],[-68.828,18.786],[-68.828,18.787],[-68.825,18.787],[-68.825,18.789],[-68.823,18.789],[-68.823,18.79],[-68.822,18.79],[-68.822,18.791],[-68.821,18.791],[-68.821,18.79],[-68.819,18.79],[-68.818,18.791],[-68.817,18.791],[-68.817,18.79],[-68.812,18.79],[-68.812,18.791],[-68.811,18.791],[-68.811,18.792],[-68.81,18.792],[-68.811,18.793],[-68.81,18.793],[-68.81,18.797],[-68.809,18.797],[-68.809,18.798],[-68.808,18.798],[-68.808,18.799],[-68.807,18.799],[-68.806,18.8],[-68.805,18.801],[-68.804,18.802],[-68.805,18.802],[-68.805,18.805],[-68.806,18.805],[-68.806,18.806],[-68.807,18.807],[-68.807,18.811],[-68.808,18.811],[-68.809,18.812],[-68.81,18.813],[-68.81,18.814],[-68.811,18.814],[-68.811,18.815],[-68.812,18.815],[-68.812,18.821],[-68.813,18.821],[-68.813,18.824],[-68.814,18.824],[-68.814,18.826],[-68.813,18.826],[-68.812,18.827],[-68.812,18.829],[-68.811,18.829],[-68.811,18.83],[-68.81,18.83],[-68.81,18.831],[-68.809,18.831],[-68.809,18.835],[-68.81,18.836],[-68.81,18.837],[-68.811,18.838],[-68.81,18.839],[-68.81,18.84],[-68.811,18.84],[-68.811,18.841],[-68.812,18.841],[-68.812,18.842],[-68.813,18.842],[-68.813,18.843],[-68.815,18.843],[-68.815,18.844],[-68.816,18.844],[-68.816,18.845],[-68.817,18.845],[-68.817,18.846],[-68.816,18.846],[-68.816,18.848],[-68.817,18.849],[-68.817,18.85],[-68.818,18.85],[-68.818,18.851],[-68.819,18.853],[-68.819,18.855],[-68.82,18.855],[-68.82,18.856],[-68.821,18.856],[-68.821,18.857],[-68.822,18.857],[-68.822,18.864],[-68.823,18.864],[-68.824,18.865],[-68.825,18.865],[-68.825,18.866],[-68.826,18.866],[-68.826,18.871],[-68.827,18.871],[-68.827,18.872],[-68.826,18.872],[-68.826,18.873],[-68.825,18.874],[-68.826,18.874],[-68.825,18.875],[-68.825,18.877],[-68.828,18.877],[-68.828,18.878],[-68.829,18.878],[-68.83,18.879],[-68.831,18.88],[-68.832,18.881],[-68.832,18.886],[-68.831,18.887],[-68.831,18.89],[-68.832,18.89],[-68.832,18.891],[-68.833,18.891],[-68.833,18.892],[-68.835,18.892],[-68.835,18.893],[-68.837,18.893],[-68.837,18.892],[-68.84,18.892],[-68.84,18.893],[-68.841,18.893],[-68.841,18.892],[-68.842,18.893],[-68.842,18.895],[-68.841,18.895],[-68.842,18.896],[-68.841,18.897],[-68.841,18.898],[-68.84,18.898],[-68.84,18.899],[-68.841,18.899],[-68.841,18.9],[-68.84,18.9],[-68.84,18.901],[-68.839,18.901],[-68.839,18.902],[-68.838,18.903],[-68.838,18.904],[-68.837,18.904],[-68.837,18.905],[-68.835,18.905],[-68.835,18.906],[-68.831,18.906],[-68.831,18.907],[-68.83,18.907],[-68.83,18.908],[-68.831,18.909],[-68.83,18.909],[-68.83,18.91],[-68.829,18.91],[-68.829,18.911],[-68.83,18.911],[-68.83,18.912],[-68.827,18.912],[-68.826,18.911],[-68.825,18.912],[-68.826,18.912],[-68.826,18.914],[-68.819,18.914],[-68.819,18.916],[-68.818,18.916],[-68.818,18.915],[-68.817,18.915],[-68.817,18.917],[-68.816,18.918],[-68.816,18.919],[-68.817,18.919],[-68.817,18.921],[-68.818,18.922],[-68.817,18.922],[-68.817,18.923],[-68.818,18.923],[-68.818,18.925],[-68.817,18.925],[-68.817,18.927],[-68.818,18.927],[-68.818,18.928],[-68.819,18.928],[-68.819,18.929],[-68.821,18.929],[-68.821,18.93],[-68.822,18.93],[-68.821,18.931],[-68.821,18.932],[-68.822,18.932],[-68.822,18.933],[-68.82,18.933],[-68.82,18.934],[-68.818,18.934],[-68.818,18.936],[-68.819,18.936],[-68.819,18.937],[-68.818,18.937],[-68.818,18.938],[-68.819,18.938],[-68.819,18.939],[-68.818,18.939],[-68.818,18.94],[-68.814,18.94],[-68.814,18.941],[-68.815,18.941],[-68.815,18.942],[-68.813,18.942],[-68.813,18.941],[-68.81,18.941],[-68.81,18.94],[-68.809,18.94],[-68.809,18.942],[-68.808,18.943],[-68.808,18.944],[-68.806,18.944],[-68.806,18.945],[-68.807,18.945],[-68.807,18.946],[-68.805,18.946],[-68.805,18.947],[-68.804,18.947],[-68.804,18.948],[-68.803,18.948],[-68.802,18.949],[-68.801,18.949],[-68.801,18.952],[-68.8,18.952],[-68.8,18.954],[-68.799,18.954],[-68.799,18.953],[-68.796,18.953],[-68.796,18.952],[-68.794,18.952],[-68.794,18.951],[-68.788,18.951],[-68.788,18.949],[-68.785,18.949],[-68.785,18.951],[-68.784,18.951],[-68.784,18.952],[-68.782,18.952],[-68.782,18.953],[-68.781,18.953],[-68.781,18.954],[-68.78,18.954],[-68.78,18.956],[-68.781,18.956],[-68.781,18.955],[-68.782,18.955],[-68.782,18.956],[-68.783,18.956],[-68.783,18.958],[-68.784,18.958],[-68.784,18.957],[-68.785,18.957],[-68.785,18.959],[-68.787,18.959],[-68.787,18.961],[-68.786,18.961],[-68.786,18.964],[-68.785,18.964],[-68.785,18.965],[-68.784,18.965],[-68.784,18.966],[-68.783,18.965],[-68.783,18.964],[-68.782,18.964],[-68.782,18.962],[-68.781,18.962],[-68.781,18.961],[-68.78,18.961],[-68.78,18.96],[-68.779,18.96],[-68.779,18.958],[-68.778,18.958],[-68.778,18.957],[-68.776,18.957],[-68.776,18.962],[-68.775,18.963],[-68.775,18.964],[-68.774,18.965],[-68.774,18.967],[-68.775,18.968],[-68.776,18.968],[-68.776,18.969],[-68.777,18.969],[-68.777,18.971],[-68.778,18.972],[-68.777,18.973],[-68.776,18.973],[-68.776,18.974],[-68.778,18.974],[-68.778,18.973],[-68.779,18.973],[-68.781,18.974],[-68.782,18.974],[-68.784,18.975],[-68.786,18.976],[-68.787,18.976],[-68.787,18.977],[-68.788,18.977],[-68.789,18.978],[-68.791,18.978],[-68.792,18.979],[-68.793,18.98],[-68.794,18.98],[-68.795,18.981],[-68.8,18.981],[-68.8,18.982],[-68.801,18.982],[-68.801,18.981],[-68.803,18.981],[-68.804,18.982],[-68.81,18.982],[-68.811,18.981],[-68.814,18.981],[-68.815,18.982],[-68.817,18.982],[-68.817,18.983],[-68.819,18.984],[-68.822,18.985],[-68.823,18.985],[-68.826,18.987],[-68.827,18.988],[-68.829,18.989],[-68.829,18.99],[-68.83,18.99],[-68.831,18.991],[-68.832,18.992],[-68.833,18.992],[-68.833,18.993],[-68.834,18.994],[-68.835,18.995],[-68.84,18.995],[-68.841,18.996],[-68.851,18.996],[-68.851,18.995],[-68.852,18.995],[-68.852,18.994],[-68.853,18.993],[-68.854,18.993],[-68.855,18.992],[-68.861,18.992],[-68.861,18.991],[-68.862,18.992],[-68.866,18.992],[-68.866,18.993],[-68.868,18.993],[-68.87,18.995],[-68.872,18.995],[-68.873,18.996],[-68.874,18.996],[-68.874,18.997],[-68.875,18.997],[-68.875,18.998],[-68.876,18.998],[-68.877,18.999],[-68.877,19],[-68.879,19],[-68.879,19.001],[-68.88,19.002],[-68.881,19.002],[-68.882,19.003],[-68.883,19.004],[-68.884,19.005],[-68.885,19.005],[-68.886,19.006],[-68.887,19.007],[-68.888,19.007],[-68.889,19.008],[-68.891,19.009],[-68.892,19.01],[-68.893,19.01],[-68.894,19.011],[-68.896,19.012],[-68.897,19.013],[-68.898,19.013],[-68.898,19.014],[-68.9,19.015],[-68.901,19.016],[-68.904,19.017],[-68.905,19.018],[-68.907,19.019],[-68.909,19.021],[-68.912,19.022],[-68.913,19.023],[-68.913,19.024],[-68.914,19.024],[-68.914,19.025],[-68.915,19.025],[-68.916,19.026],[-68.917,19.026],[-68.917,19.027],[-68.919,19.027],[-68.919,19.028],[-68.922,19.028],[-68.922,19.027],[-68.929,19.027],[-68.93,19.028],[-68.932,19.028],[-68.933,19.029],[-68.935,19.029],[-68.936,19.03],[-68.937,19.03],[-68.938,19.031],[-68.949,19.031],[-68.949,19.03],[-68.95,19.03],[-68.95,19.029],[-68.951,19.029],[-68.951,19.028],[-68.952,19.028],[-68.952,19.027],[-68.953,19.027],[-68.953,19.026],[-68.958,19.026],[-68.959,19.027],[-68.96,19.026],[-68.96,19.027],[-68.961,19.027],[-68.962,19.028],[-68.963,19.028],[-68.963,19.029],[-68.964,19.029],[-68.964,19.03],[-68.967,19.03],[-68.967,19.031],[-68.969,19.031],[-68.969,19.03],[-68.97,19.03],[-68.971,19.029],[-68.972,19.029],[-68.972,19.028],[-68.976,19.028],[-68.976,19.027],[-68.977,19.027],[-68.978,19.026],[-68.979,19.025],[-68.979,19.024],[-68.978,19.024],[-68.978,19.021],[-68.979,19.019],[-68.979,19.018],[-68.98,19.017],[-68.981,19.017],[-68.982,19.016],[-68.983,19.016],[-68.984,19.015],[-68.985,19.015],[-68.986,19.014],[-68.993,19.014],[-68.996,19.015],[-68.998,19.015],[-68.999,19.016],[-69.001,19.016],[-69.002,19.017],[-69.002,19.018],[-69.003,19.019],[-69.005,19.019],[-69.006,19.018],[-69.007,19.018],[-69.007,19.017],[-69.009,19.017],[-69.009,19.016],[-69.011,19.016],[-69.011,19.015],[-69.015,19.015],[-69.015,19.012],[-69.014,19.012],[-69.014,19.011],[-69.013,19.011],[-69.013,19.009],[-69.012,19.009],[-69.011,19.008],[-69.01,19.008],[-69.009,19.007],[-69.008,19.006],[-69.007,19.006],[-69.006,19.005],[-69.006,19.004],[-69.005,19.004],[-69.005,19.003],[-69.004,19.003],[-69.004,19.002],[-69.003,19.002],[-69.003,19],[-69.002,19],[-69.003,18.999],[-69.003,18.996],[-69.004,18.995],[-69.006,18.992],[-69.008,18.99],[-69.01,18.99],[-69.011,18.989],[-69.013,18.988],[-69.015,18.988],[-69.016,18.987],[-69.02,18.987],[-69.022,18.986],[-69.024,18.986],[-69.026,18.985],[-69.031,18.985],[-69.033,18.986],[-69.038,18.986],[-69.039,18.987],[-69.04,18.988],[-69.041,18.987],[-69.042,18.988],[-69.042,18.987],[-69.043,18.987],[-69.044,18.986],[-69.051,18.986],[-69.051,18.985],[-69.052,18.985],[-69.053,18.986],[-69.053,18.985],[-69.057,18.985],[-69.057,18.986],[-69.059,18.986],[-69.059,18.985],[-69.066,18.985],[-69.066,18.986],[-69.067,18.986],[-69.069,18.987],[-69.069,18.988],[-69.07,18.987],[-69.075,18.987],[-69.075,18.988],[-69.076,18.988],[-69.076,18.989],[-69.077,18.989],[-69.078,18.99],[-69.079,18.991],[-69.08,18.991],[-69.08,18.992],[-69.081,18.993],[-69.081,18.994],[-69.082,18.994],[-69.082,18.996],[-69.085,18.996],[-69.085,18.995],[-69.087,18.995],[-69.088,18.996],[-69.09,18.996],[-69.091,18.997],[-69.092,18.997],[-69.092,18.998],[-69.094,18.998],[-69.094,18.999],[-69.095,18.999],[-69.096,19],[-69.096,19.001],[-69.097,19.002],[-69.097,19.003],[-69.098,19.004],[-69.098,19.008],[-69.099,19.009],[-69.099,19.011],[-69.105,19.011],[-69.105,19.01],[-69.106,19.01],[-69.106,19.009],[-69.107,19.01],[-69.108,19.01],[-69.109,19.009],[-69.109,19.01],[-69.11,19.01],[-69.112,19.011],[-69.112,19.01],[-69.113,19.01],[-69.114,19.011],[-69.116,19.011],[-69.116,19.012],[-69.117,19.013],[-69.117,19.014],[-69.118,19.014],[-69.118,19.015],[-69.119,19.015],[-69.119,19.016],[-69.12,19.016],[-69.12,19.017],[-69.121,19.018],[-69.121,19.019],[-69.123,19.019],[-69.122,19.02],[-69.122,19.021],[-69.123,19.021],[-69.123,19.023],[-69.124,19.024],[-69.124,19.026],[-69.125,19.026],[-69.125,19.029],[-69.126,19.029],[-69.126,19.03],[-69.127,19.031],[-69.127,19.032],[-69.129,19.033],[-69.13,19.034],[-69.131,19.036],[-69.132,19.037],[-69.132,19.038],[-69.133,19.038],[-69.133,19.039],[-69.134,19.04],[-69.135,19.042],[-69.137,19.042],[-69.143,19.043],[-69.143,19.044],[-69.144,19.044],[-69.144,19.043],[-69.145,19.043],[-69.145,19.044],[-69.146,19.044],[-69.147,19.043],[-69.15,19.042],[-69.151,19.041],[-69.152,19.04],[-69.153,19.04],[-69.153,19.039],[-69.154,19.039],[-69.154,19.038],[-69.155,19.038],[-69.155,19.037],[-69.153,19.037],[-69.153,19.038],[-69.152,19.039],[-69.151,19.039],[-69.15,19.04],[-69.142,19.04],[-69.142,19.039],[-69.141,19.039],[-69.141,19.038],[-69.14,19.038],[-69.139,19.037],[-69.139,19.036],[-69.138,19.035],[-69.138,19.034],[-69.137,19.032],[-69.137,19.031],[-69.136,19.03],[-69.136,19.016],[-69.135,19.014],[-69.135,19.01],[-69.136,19.009],[-69.136,19.006],[-69.137,19.004],[-69.138,19.004],[-69.138,19.002],[-69.139,19.002],[-69.139,19.001],[-69.141,18.999],[-69.142,18.998],[-69.143,18.997],[-69.147,18.997],[-69.148,18.998],[-69.149,18.998],[-69.15,18.999],[-69.151,18.999],[-69.151,19],[-69.152,19.001],[-69.152,19.003],[-69.151,19.003],[-69.151,19.004],[-69.15,19.004],[-69.15,19.006],[-69.149,19.006],[-69.149,19.007],[-69.152,19.007],[-69.154,19.009],[-69.155,19.01],[-69.155,19.011],[-69.154,19.011],[-69.154,19.013],[-69.156,19.013],[-69.156,19.012],[-69.157,19.012],[-69.157,19.011],[-69.16,19.011],[-69.16,19.012],[-69.161,19.012],[-69.161,19.013],[-69.164,19.013],[-69.164,19.012],[-69.165,19.012],[-69.165,19.011],[-69.166,19.011],[-69.167,19.01],[-69.168,19.009],[-69.168,19.01],[-69.169,19.01],[-69.169,19.009],[-69.172,19.009],[-69.173,19.008],[-69.176,19.008],[-69.177,19.007],[-69.179,19.007],[-69.181,19.006],[-69.181,19.005],[-69.182,19.005],[-69.182,19.002],[-69.181,19],[-69.181,18.999],[-69.18,18.998],[-69.18,18.997],[-69.181,18.997],[-69.181,18.995],[-69.182,18.995],[-69.182,18.994],[-69.181,18.993],[-69.182,18.993],[-69.182,18.992],[-69.183,18.992],[-69.183,18.99],[-69.184,18.99],[-69.184,18.991],[-69.185,18.991],[-69.185,18.989],[-69.186,18.989],[-69.185,18.988],[-69.185,18.987],[-69.184,18.987],[-69.185,18.986],[-69.185,18.981],[-69.184,18.981],[-69.184,18.979],[-69.183,18.979],[-69.182,18.978],[-69.182,18.977],[-69.183,18.977],[-69.183,18.973],[-69.182,18.972],[-69.182,18.971],[-69.181,18.97],[-69.18,18.968],[-69.179,18.968],[-69.178,18.967],[-69.178,18.966],[-69.177,18.966],[-69.176,18.965],[-69.176,18.964],[-69.175,18.964],[-69.174,18.963],[-69.172,18.961],[-69.171,18.96],[-69.17,18.958],[-69.17,18.957],[-69.169,18.957],[-69.168,18.956],[-69.167,18.955],[-69.166,18.954],[-69.166,18.953],[-69.165,18.952],[-69.165,18.95],[-69.164,18.95],[-69.164,18.949],[-69.163,18.949],[-69.163,18.948],[-69.162,18.948],[-69.16,18.946],[-69.159,18.945],[-69.157,18.945],[-69.156,18.944],[-69.155,18.944],[-69.154,18.943],[-69.155,18.943],[-69.154,18.942],[-69.154,18.941],[-69.149,18.941],[-69.149,18.942],[-69.148,18.941],[-69.147,18.941],[-69.146,18.94],[-69.146,18.938],[-69.144,18.938],[-69.144,18.937],[-69.139,18.937],[-69.139,18.936],[-69.138,18.936],[-69.138,18.934],[-69.137,18.934],[-69.137,18.933],[-69.134,18.933],[-69.134,18.932],[-69.133,18.932],[-69.133,18.931],[-69.132,18.931],[-69.132,18.93],[-69.131,18.93],[-69.13,18.929],[-69.128,18.929],[-69.128,18.928],[-69.127,18.928],[-69.127,18.926],[-69.126,18.926],[-69.126,18.923],[-69.127,18.923],[-69.127,18.921],[-69.129,18.921],[-69.129,18.92],[-69.13,18.919],[-69.13,18.918],[-69.129,18.918],[-69.129,18.916],[-69.13,18.916],[-69.13,18.915],[-69.131,18.915],[-69.131,18.914],[-69.132,18.914],[-69.132,18.913],[-69.133,18.913],[-69.133,18.912],[-69.135,18.912],[-69.136,18.913],[-69.139,18.913],[-69.139,18.914],[-69.147,18.914],[-69.148,18.915],[-69.157,18.915],[-69.157,18.914],[-69.159,18.914],[-69.159,18.915],[-69.163,18.915],[-69.163,18.916],[-69.167,18.916],[-69.167,18.915],[-69.168,18.916],[-69.168,18.917],[-69.172,18.917],[-69.172,18.918],[-69.173,18.918],[-69.173,18.919],[-69.175,18.919],[-69.175,18.92],[-69.176,18.92],[-69.177,18.921],[-69.177,18.92],[-69.178,18.92],[-69.179,18.921],[-69.179,18.923],[-69.182,18.923],[-69.182,18.922],[-69.184,18.922],[-69.184,18.923],[-69.185,18.923],[-69.185,18.924],[-69.186,18.924],[-69.186,18.923],[-69.189,18.923],[-69.189,18.925],[-69.192,18.925],[-69.192,18.924],[-69.193,18.924],[-69.194,18.925],[-69.195,18.925],[-69.196,18.926],[-69.197,18.927],[-69.198,18.928],[-69.199,18.928],[-69.2,18.929],[-69.2,18.931],[-69.201,18.932],[-69.203,18.934],[-69.207,18.934],[-69.209,18.935],[-69.211,18.934],[-69.213,18.934],[-69.214,18.935],[-69.222,18.935],[-69.222,18.934],[-69.223,18.934],[-69.223,18.933],[-69.227,18.933],[-69.228,18.932],[-69.232,18.932],[-69.232,18.933],[-69.233,18.933],[-69.234,18.934],[-69.238,18.934],[-69.238,18.935],[-69.24,18.935],[-69.24,18.938],[-69.242,18.94],[-69.243,18.94],[-69.243,18.942],[-69.244,18.943],[-69.244,18.945],[-69.245,18.945],[-69.245,18.947],[-69.246,18.947],[-69.246,18.948],[-69.247,18.948],[-69.247,18.949],[-69.249,18.949],[-69.25,18.95],[-69.251,18.95],[-69.251,18.951],[-69.253,18.951],[-69.253,18.953],[-69.255,18.953],[-69.261,18.952],[-69.261,18.95],[-69.262,18.95],[-69.262,18.951],[-69.265,18.951],[-69.265,18.952],[-69.266,18.952],[-69.266,18.953],[-69.267,18.953],[-69.267,18.954],[-69.272,18.954],[-69.273,18.955],[-69.278,18.955],[-69.278,18.954],[-69.283,18.954],[-69.283,18.955],[-69.284,18.955],[-69.284,18.956],[-69.287,18.956],[-69.287,18.957],[-69.291,18.958],[-69.292,18.958],[-69.292,18.957],[-69.293,18.957],[-69.293,18.956],[-69.296,18.956],[-69.296,18.955],[-69.297,18.954],[-69.297,18.953],[-69.298,18.953],[-69.298,18.952],[-69.299,18.952],[-69.299,18.951],[-69.3,18.951],[-69.3,18.949],[-69.302,18.949],[-69.302,18.948],[-69.303,18.948],[-69.303,18.946],[-69.31,18.946],[-69.311,18.945],[-69.311,18.944],[-69.313,18.944],[-69.313,18.943],[-69.314,18.943],[-69.314,18.942],[-69.315,18.942],[-69.315,18.941],[-69.316,18.941],[-69.316,18.94],[-69.319,18.94],[-69.319,18.939],[-69.321,18.937],[-69.322,18.937],[-69.322,18.927],[-69.323,18.926],[-69.323,18.924],[-69.324,18.923],[-69.324,18.921],[-69.323,18.921],[-69.323,18.919],[-69.322,18.919],[-69.322,18.917],[-69.321,18.917],[-69.321,18.916],[-69.322,18.916],[-69.322,18.915],[-69.323,18.914],[-69.323,18.911],[-69.324,18.911],[-69.324,18.91],[-69.325,18.91],[-69.325,18.907],[-69.324,18.907],[-69.324,18.906],[-69.323,18.906],[-69.323,18.905],[-69.322,18.905],[-69.322,18.904],[-69.321,18.904],[-69.321,18.903],[-69.32,18.903],[-69.319,18.902],[-69.319,18.901],[-69.32,18.901],[-69.32,18.9],[-69.321,18.9],[-69.321,18.899],[-69.323,18.899],[-69.323,18.898],[-69.322,18.898],[-69.322,18.897],[-69.323,18.897],[-69.323,18.894],[-69.324,18.894],[-69.324,18.893],[-69.326,18.893],[-69.326,18.892],[-69.327,18.892],[-69.327,18.889]],[[-68.899,18.723],[-68.9,18.724],[-68.899,18.724],[-68.899,18.723]],[[-68.815,18.942],[-68.816,18.942],[-68.815,18.943],[-68.815,18.942]]],[[[-69.23,18.672],[-69.229,18.672],[-69.229,18.674],[-69.23,18.674],[-69.23,18.672]]],[[[-69.174,19.014],[-69.169,19.014],[-69.169,19.015],[-69.168,19.015],[-69.169,19.016],[-69.17,19.015],[-69.171,19.015],[-69.171,19.016],[-69.173,19.016],[-69.173,19.015],[-69.174,19.015],[-69.174,19.014]]],[[[-68.818,18.936],[-68.817,18.936],[-68.817,18.937],[-68.818,18.937],[-68.818,18.936]]]]}},{"type":"Feature","properties":{"shapeName":"San Cristóbal","provinceKey":"sancristobal","shapeType":"ADM1"},"geometry":{"type":"MultiPolygon","coordinates":[[[[-70.382,18.553],[-70.381,18.552],[-70.38,18.552],[-70.379,18.551],[-70.38,18.55],[-70.38,18.548],[-70.379,18.548],[-70.378,18.547],[-70.377,18.546],[-70.376,18.546],[-70.375,18.545],[-70.374,18.545],[-70.374,18.544],[-70.373,18.544],[-70.373,18.542],[-70.377,18.542],[-70.377,18.541],[-70.378,18.541],[-70.377,18.54],[-70.376,18.539],[-70.376,18.538],[-70.375,18.537],[-70.372,18.537],[-70.371,18.536],[-70.371,18.533],[-70.37,18.532],[-70.364,18.532],[-70.364,18.531],[-70.365,18.53],[-70.365,18.528],[-70.364,18.528],[-70.362,18.53],[-70.361,18.53],[-70.36,18.529],[-70.36,18.527],[-70.362,18.527],[-70.362,18.526],[-70.361,18.526],[-70.361,18.525],[-70.359,18.525],[-70.358,18.524],[-70.355,18.524],[-70.355,18.523],[-70.356,18.523],[-70.356,18.522],[-70.358,18.522],[-70.358,18.52],[-70.354,18.52],[-70.354,18.517],[-70.353,18.517],[-70.352,18.516],[-70.352,18.514],[-70.353,18.513],[-70.354,18.513],[-70.354,18.511],[-70.349,18.511],[-70.349,18.51],[-70.35,18.509],[-70.351,18.509],[-70.351,18.508],[-70.352,18.507],[-70.351,18.506],[-70.35,18.506],[-70.349,18.505],[-70.347,18.503],[-70.346,18.502],[-70.346,18.503],[-70.342,18.503],[-70.342,18.504],[-70.339,18.504],[-70.339,18.502],[-70.34,18.502],[-70.34,18.5],[-70.338,18.5],[-70.337,18.501],[-70.336,18.502],[-70.336,18.504],[-70.335,18.504],[-70.335,18.505],[-70.336,18.505],[-70.336,18.507],[-70.335,18.507],[-70.335,18.508],[-70.334,18.508],[-70.333,18.509],[-70.331,18.509],[-70.331,18.51],[-70.33,18.51],[-70.33,18.507],[-70.329,18.507],[-70.33,18.506],[-70.33,18.504],[-70.331,18.503],[-70.33,18.503],[-70.33,18.502],[-70.328,18.502],[-70.327,18.503],[-70.327,18.502],[-70.326,18.502],[-70.326,18.498],[-70.325,18.497],[-70.322,18.497],[-70.321,18.498],[-70.321,18.496],[-70.32,18.496],[-70.319,18.495],[-70.318,18.494],[-70.317,18.494],[-70.316,18.493],[-70.313,18.493],[-70.313,18.494],[-70.312,18.495],[-70.31,18.495],[-70.309,18.494],[-70.31,18.493],[-70.31,18.49],[-70.306,18.49],[-70.306,18.488],[-70.307,18.488],[-70.306,18.487],[-70.302,18.487],[-70.302,18.486],[-70.303,18.485],[-70.303,18.483],[-70.301,18.483],[-70.301,18.481],[-70.302,18.48],[-70.302,18.479],[-70.301,18.479],[-70.3,18.478],[-70.296,18.478],[-70.295,18.479],[-70.294,18.479],[-70.293,18.478],[-70.292,18.478],[-70.292,18.477],[-70.29,18.477],[-70.289,18.476],[-70.288,18.475],[-70.289,18.474],[-70.292,18.474],[-70.292,18.473],[-70.291,18.473],[-70.291,18.472],[-70.288,18.472],[-70.288,18.471],[-70.287,18.471],[-70.288,18.47],[-70.289,18.469],[-70.29,18.469],[-70.29,18.467],[-70.289,18.466],[-70.289,18.465],[-70.292,18.465],[-70.292,18.462],[-70.291,18.461],[-70.29,18.46],[-70.29,18.459],[-70.289,18.458],[-70.288,18.457],[-70.287,18.456],[-70.287,18.454],[-70.286,18.454],[-70.286,18.453],[-70.285,18.454],[-70.285,18.456],[-70.284,18.456],[-70.284,18.457],[-70.283,18.457],[-70.282,18.458],[-70.281,18.458],[-70.281,18.459],[-70.278,18.459],[-70.278,18.457],[-70.276,18.455],[-70.275,18.455],[-70.274,18.454],[-70.27,18.454],[-70.269,18.455],[-70.269,18.456],[-70.268,18.457],[-70.267,18.458],[-70.266,18.458],[-70.265,18.457],[-70.265,18.456],[-70.264,18.456],[-70.263,18.455],[-70.263,18.452],[-70.264,18.452],[-70.264,18.451],[-70.266,18.451],[-70.266,18.448],[-70.265,18.448],[-70.263,18.447],[-70.263,18.446],[-70.26,18.446],[-70.26,18.444],[-70.261,18.444],[-70.262,18.443],[-70.263,18.443],[-70.264,18.442],[-70.265,18.441],[-70.266,18.441],[-70.266,18.439],[-70.265,18.439],[-70.265,18.438],[-70.264,18.438],[-70.263,18.437],[-70.261,18.437],[-70.26,18.438],[-70.259,18.438],[-70.258,18.437],[-70.258,18.436],[-70.259,18.436],[-70.259,18.435],[-70.26,18.435],[-70.262,18.434],[-70.262,18.433],[-70.263,18.432],[-70.263,18.431],[-70.262,18.43],[-70.262,18.429],[-70.26,18.428],[-70.255,18.428],[-70.252,18.427],[-70.247,18.425],[-70.246,18.424],[-70.245,18.423],[-70.243,18.419],[-70.245,18.417],[-70.246,18.415],[-70.249,18.415],[-70.25,18.414],[-70.252,18.413],[-70.255,18.413],[-70.258,18.412],[-70.259,18.409],[-70.26,18.409],[-70.26,18.406],[-70.261,18.405],[-70.261,18.404],[-70.262,18.403],[-70.263,18.402],[-70.268,18.402],[-70.27,18.403],[-70.273,18.403],[-70.274,18.404],[-70.278,18.404],[-70.279,18.403],[-70.278,18.402],[-70.278,18.401],[-70.277,18.4],[-70.278,18.399],[-70.278,18.398],[-70.279,18.398],[-70.28,18.397],[-70.281,18.397],[-70.281,18.395],[-70.28,18.395],[-70.28,18.392],[-70.281,18.391],[-70.281,18.39],[-70.282,18.389],[-70.285,18.389],[-70.286,18.388],[-70.287,18.388],[-70.288,18.387],[-70.289,18.387],[-70.289,18.385],[-70.288,18.385],[-70.288,18.384],[-70.287,18.383],[-70.286,18.382],[-70.285,18.38],[-70.284,18.38],[-70.284,18.379],[-70.282,18.379],[-70.282,18.38],[-70.281,18.381],[-70.281,18.382],[-70.28,18.383],[-70.279,18.384],[-70.278,18.385],[-70.276,18.385],[-70.276,18.384],[-70.275,18.384],[-70.274,18.382],[-70.273,18.381],[-70.272,18.378],[-70.272,18.376],[-70.273,18.373],[-70.272,18.373],[-70.272,18.366],[-70.271,18.364],[-70.271,18.361],[-70.27,18.361],[-70.27,18.36],[-70.266,18.36],[-70.264,18.361],[-70.264,18.362],[-70.263,18.363],[-70.261,18.364],[-70.26,18.364],[-70.259,18.365],[-70.257,18.366],[-70.256,18.367],[-70.253,18.367],[-70.251,18.366],[-70.25,18.365],[-70.25,18.364],[-70.249,18.363],[-70.248,18.362],[-70.247,18.36],[-70.246,18.359],[-70.246,18.358],[-70.247,18.356],[-70.246,18.355],[-70.247,18.354],[-70.247,18.353],[-70.248,18.353],[-70.248,18.352],[-70.249,18.352],[-70.249,18.35],[-70.248,18.35],[-70.248,18.348],[-70.247,18.348],[-70.247,18.345],[-70.246,18.345],[-70.246,18.344],[-70.243,18.344],[-70.243,18.34],[-70.242,18.34],[-70.242,18.335],[-70.24,18.333],[-70.239,18.332],[-70.239,18.331],[-70.238,18.331],[-70.237,18.329],[-70.236,18.329],[-70.235,18.328],[-70.233,18.327],[-70.232,18.327],[-70.231,18.326],[-70.23,18.326],[-70.229,18.325],[-70.229,18.317],[-70.228,18.316],[-70.228,18.315],[-70.227,18.314],[-70.219,18.314],[-70.218,18.313],[-70.218,18.31],[-70.217,18.309],[-70.217,18.308],[-70.216,18.307],[-70.212,18.307],[-70.212,18.306],[-70.211,18.304],[-70.211,18.303],[-70.21,18.302],[-70.21,18.301],[-70.209,18.3],[-70.209,18.298],[-70.208,18.297],[-70.208,18.287],[-70.207,18.286],[-70.206,18.285],[-70.205,18.284],[-70.204,18.284],[-70.204,18.283],[-70.197,18.283],[-70.196,18.284],[-70.193,18.284],[-70.192,18.283],[-70.191,18.283],[-70.19,18.282],[-70.189,18.282],[-70.188,18.281],[-70.187,18.28],[-70.187,18.277],[-70.186,18.276],[-70.186,18.275],[-70.184,18.274],[-70.185,18.274],[-70.185,18.271],[-70.186,18.27],[-70.186,18.259],[-70.187,18.259],[-70.187,18.258],[-70.189,18.258],[-70.189,18.257],[-70.19,18.256],[-70.19,18.254],[-70.189,18.254],[-70.189,18.249],[-70.19,18.248],[-70.19,18.247],[-70.192,18.245],[-70.192,18.24],[-70.191,18.239],[-70.191,18.238],[-70.19,18.237],[-70.189,18.236],[-70.188,18.236],[-70.188,18.235],[-70.187,18.234],[-70.187,18.232],[-70.188,18.231],[-70.188,18.23],[-70.186,18.23],[-70.185,18.231],[-70.184,18.231],[-70.183,18.232],[-70.181,18.232],[-70.181,18.233],[-70.179,18.233],[-70.178,18.234],[-70.176,18.235],[-70.175,18.235],[-70.174,18.236],[-70.172,18.236],[-70.171,18.237],[-70.169,18.237],[-70.168,18.236],[-70.167,18.236],[-70.167,18.234],[-70.166,18.233],[-70.165,18.234],[-70.163,18.234],[-70.163,18.233],[-70.161,18.232],[-70.161,18.231],[-70.159,18.229],[-70.157,18.229],[-70.157,18.23],[-70.155,18.23],[-70.154,18.231],[-70.153,18.231],[-70.153,18.232],[-70.152,18.232],[-70.152,18.233],[-70.151,18.234],[-70.151,18.235],[-70.149,18.235],[-70.149,18.237],[-70.148,18.237],[-70.148,18.239],[-70.147,18.24],[-70.147,18.241],[-70.146,18.242],[-70.145,18.243],[-70.145,18.245],[-70.144,18.245],[-70.143,18.246],[-70.143,18.247],[-70.142,18.248],[-70.141,18.249],[-70.141,18.25],[-70.14,18.25],[-70.14,18.253],[-70.139,18.253],[-70.139,18.256],[-70.138,18.256],[-70.138,18.258],[-70.137,18.259],[-70.137,18.26],[-70.136,18.261],[-70.136,18.262],[-70.135,18.263],[-70.135,18.264],[-70.134,18.264],[-70.134,18.265],[-70.133,18.265],[-70.133,18.266],[-70.132,18.266],[-70.131,18.267],[-70.129,18.269],[-70.128,18.269],[-70.128,18.27],[-70.126,18.271],[-70.125,18.272],[-70.124,18.272],[-70.124,18.273],[-70.123,18.272],[-70.122,18.273],[-70.122,18.274],[-70.121,18.275],[-70.121,18.276],[-70.12,18.276],[-70.119,18.278],[-70.118,18.278],[-70.117,18.28],[-70.116,18.282],[-70.115,18.283],[-70.113,18.286],[-70.112,18.287],[-70.112,18.288],[-70.111,18.289],[-70.111,18.29],[-70.11,18.29],[-70.11,18.292],[-70.111,18.292],[-70.111,18.295],[-70.11,18.296],[-70.11,18.297],[-70.109,18.298],[-70.108,18.299],[-70.107,18.299],[-70.107,18.3],[-70.106,18.3],[-70.106,18.301],[-70.105,18.301],[-70.105,18.302],[-70.104,18.303],[-70.103,18.304],[-70.103,18.305],[-70.1,18.305],[-70.1,18.304],[-70.099,18.304],[-70.099,18.303],[-70.098,18.303],[-70.098,18.304],[-70.097,18.303],[-70.096,18.303],[-70.095,18.304],[-70.094,18.305],[-70.093,18.304],[-70.093,18.306],[-70.091,18.306],[-70.089,18.307],[-70.088,18.309],[-70.088,18.31],[-70.087,18.31],[-70.086,18.311],[-70.086,18.312],[-70.084,18.314],[-70.082,18.317],[-70.081,18.319],[-70.08,18.32],[-70.08,18.321],[-70.079,18.321],[-70.079,18.322],[-70.078,18.323],[-70.078,18.324],[-70.077,18.324],[-70.077,18.325],[-70.076,18.326],[-70.076,18.327],[-70.075,18.329],[-70.075,18.331],[-70.074,18.331],[-70.074,18.332],[-70.073,18.333],[-70.073,18.335],[-70.072,18.335],[-70.072,18.338],[-70.071,18.341],[-70.07,18.341],[-70.07,18.342],[-70.069,18.344],[-70.067,18.348],[-70.065,18.35],[-70.062,18.354],[-70.061,18.357],[-70.059,18.36],[-70.055,18.366],[-70.055,18.367],[-70.054,18.368],[-70.053,18.369],[-70.052,18.371],[-70.051,18.371],[-70.05,18.372],[-70.049,18.373],[-70.048,18.374],[-70.047,18.375],[-70.045,18.377],[-70.044,18.379],[-70.043,18.38],[-70.042,18.38],[-70.041,18.381],[-70.039,18.384],[-70.037,18.386],[-70.037,18.39],[-70.035,18.39],[-70.035,18.388],[-70.034,18.389],[-70.034,18.39],[-70.033,18.391],[-70.033,18.392],[-70.032,18.393],[-70.032,18.394],[-70.031,18.395],[-70.03,18.396],[-70.03,18.397],[-70.029,18.398],[-70.028,18.4],[-70.027,18.402],[-70.026,18.404],[-70.026,18.407],[-70.025,18.407],[-70.025,18.408],[-70.024,18.41],[-70.022,18.412],[-70.021,18.413],[-70.02,18.413],[-70.021,18.414],[-70.02,18.416],[-70.02,18.418],[-70.021,18.418],[-70.02,18.42],[-70.02,18.421],[-70.019,18.421],[-70.019,18.425],[-70.018,18.426],[-70.017,18.428],[-70.015,18.429],[-70.007,18.429],[-70.006,18.43],[-70.006,18.435],[-70.007,18.436],[-70.007,18.437],[-70.008,18.438],[-70.007,18.439],[-70.007,18.444],[-70.006,18.445],[-70.005,18.445],[-70.004,18.446],[-70.003,18.445],[-70.002,18.446],[-70.002,18.448],[-70.003,18.449],[-70.004,18.449],[-70.005,18.45],[-70.006,18.45],[-70.007,18.451],[-70.009,18.452],[-70.01,18.453],[-70.011,18.453],[-70.011,18.454],[-70.01,18.454],[-70.01,18.456],[-70.009,18.456],[-70.009,18.457],[-70.008,18.457],[-70.008,18.459],[-70.009,18.46],[-70.011,18.46],[-70.011,18.459],[-70.013,18.459],[-70.013,18.458],[-70.014,18.458],[-70.015,18.459],[-70.016,18.459],[-70.016,18.462],[-70.014,18.462],[-70.014,18.463],[-70.013,18.464],[-70.013,18.476],[-70.017,18.476],[-70.017,18.477],[-70.019,18.477],[-70.019,18.474],[-70.02,18.473],[-70.02,18.469],[-70.022,18.467],[-70.023,18.467],[-70.023,18.465],[-70.024,18.465],[-70.024,18.464],[-70.025,18.464],[-70.025,18.463],[-70.026,18.462],[-70.027,18.462],[-70.027,18.461],[-70.032,18.461],[-70.032,18.462],[-70.033,18.462],[-70.034,18.463],[-70.035,18.464],[-70.037,18.466],[-70.037,18.467],[-70.04,18.467],[-70.04,18.468],[-70.041,18.468],[-70.041,18.469],[-70.042,18.469],[-70.042,18.47],[-70.043,18.47],[-70.043,18.474],[-70.044,18.474],[-70.045,18.475],[-70.046,18.475],[-70.046,18.476],[-70.047,18.476],[-70.048,18.477],[-70.05,18.477],[-70.051,18.476],[-70.052,18.476],[-70.052,18.475],[-70.053,18.475],[-70.053,18.474],[-70.054,18.474],[-70.054,18.473],[-70.057,18.473],[-70.058,18.472],[-70.06,18.472],[-70.06,18.471],[-70.061,18.47],[-70.062,18.47],[-70.062,18.465],[-70.063,18.464],[-70.064,18.463],[-70.065,18.463],[-70.065,18.464],[-70.066,18.465],[-70.066,18.466],[-70.067,18.467],[-70.068,18.468],[-70.068,18.473],[-70.067,18.474],[-70.066,18.475],[-70.065,18.476],[-70.064,18.476],[-70.064,18.48],[-70.065,18.48],[-70.065,18.481],[-70.067,18.481],[-70.067,18.48],[-70.074,18.48],[-70.074,18.484],[-70.073,18.485],[-70.071,18.485],[-70.07,18.486],[-70.069,18.486],[-70.068,18.487],[-70.065,18.487],[-70.064,18.488],[-70.064,18.489],[-70.063,18.489],[-70.063,18.492],[-70.064,18.492],[-70.064,18.493],[-70.065,18.493],[-70.065,18.494],[-70.067,18.494],[-70.068,18.495],[-70.069,18.495],[-70.069,18.496],[-70.07,18.496],[-70.071,18.497],[-70.071,18.499],[-70.072,18.499],[-70.072,18.508],[-70.071,18.509],[-70.071,18.512],[-70.072,18.513],[-70.073,18.513],[-70.074,18.514],[-70.074,18.515],[-70.075,18.515],[-70.075,18.516],[-70.076,18.516],[-70.077,18.517],[-70.078,18.517],[-70.078,18.518],[-70.081,18.518],[-70.082,18.519],[-70.082,18.52],[-70.083,18.521],[-70.084,18.522],[-70.084,18.523],[-70.085,18.524],[-70.085,18.526],[-70.086,18.527],[-70.086,18.529],[-70.087,18.53],[-70.088,18.531],[-70.088,18.532],[-70.089,18.532],[-70.09,18.533],[-70.09,18.534],[-70.091,18.534],[-70.091,18.535],[-70.094,18.535],[-70.094,18.534],[-70.095,18.534],[-70.095,18.533],[-70.096,18.532],[-70.097,18.532],[-70.097,18.53],[-70.096,18.53],[-70.095,18.529],[-70.094,18.529],[-70.094,18.527],[-70.096,18.525],[-70.097,18.524],[-70.099,18.524],[-70.101,18.525],[-70.102,18.526],[-70.104,18.527],[-70.112,18.527],[-70.112,18.526],[-70.113,18.525],[-70.113,18.524],[-70.114,18.523],[-70.115,18.523],[-70.116,18.524],[-70.121,18.524],[-70.122,18.525],[-70.123,18.525],[-70.124,18.526],[-70.125,18.526],[-70.125,18.527],[-70.126,18.528],[-70.125,18.529],[-70.125,18.53],[-70.124,18.53],[-70.124,18.531],[-70.123,18.531],[-70.123,18.533],[-70.122,18.534],[-70.122,18.536],[-70.121,18.539],[-70.12,18.54],[-70.12,18.541],[-70.119,18.541],[-70.119,18.542],[-70.12,18.543],[-70.121,18.543],[-70.121,18.544],[-70.122,18.544],[-70.123,18.545],[-70.125,18.545],[-70.125,18.546],[-70.126,18.546],[-70.126,18.547],[-70.125,18.547],[-70.125,18.548],[-70.124,18.548],[-70.124,18.549],[-70.123,18.55],[-70.124,18.551],[-70.125,18.552],[-70.126,18.552],[-70.126,18.553],[-70.127,18.553],[-70.128,18.554],[-70.129,18.555],[-70.129,18.556],[-70.13,18.557],[-70.13,18.558],[-70.132,18.558],[-70.132,18.559],[-70.133,18.559],[-70.132,18.56],[-70.132,18.561],[-70.131,18.561],[-70.13,18.562],[-70.129,18.563],[-70.128,18.564],[-70.128,18.566],[-70.131,18.566],[-70.131,18.565],[-70.132,18.565],[-70.133,18.564],[-70.135,18.564],[-70.136,18.565],[-70.137,18.565],[-70.137,18.566],[-70.138,18.567],[-70.139,18.569],[-70.139,18.571],[-70.138,18.572],[-70.137,18.573],[-70.137,18.576],[-70.138,18.576],[-70.138,18.577],[-70.139,18.577],[-70.14,18.578],[-70.141,18.579],[-70.142,18.58],[-70.144,18.582],[-70.144,18.583],[-70.145,18.584],[-70.147,18.584],[-70.147,18.585],[-70.148,18.585],[-70.148,18.587],[-70.149,18.587],[-70.149,18.594],[-70.153,18.594],[-70.153,18.596],[-70.152,18.596],[-70.151,18.597],[-70.15,18.598],[-70.149,18.599],[-70.148,18.599],[-70.147,18.6],[-70.147,18.603],[-70.148,18.604],[-70.148,18.605],[-70.147,18.605],[-70.146,18.606],[-70.145,18.606],[-70.145,18.607],[-70.144,18.608],[-70.145,18.608],[-70.145,18.61],[-70.144,18.61],[-70.145,18.613],[-70.146,18.614],[-70.146,18.616],[-70.145,18.616],[-70.145,18.617],[-70.146,18.618],[-70.146,18.619],[-70.147,18.62],[-70.147,18.621],[-70.148,18.622],[-70.149,18.623],[-70.149,18.624],[-70.15,18.625],[-70.15,18.627],[-70.151,18.628],[-70.151,18.629],[-70.15,18.63],[-70.149,18.63],[-70.149,18.631],[-70.146,18.631],[-70.144,18.629],[-70.143,18.629],[-70.142,18.628],[-70.141,18.628],[-70.141,18.629],[-70.14,18.629],[-70.139,18.628],[-70.133,18.628],[-70.132,18.629],[-70.131,18.63],[-70.126,18.63],[-70.126,18.631],[-70.127,18.631],[-70.127,18.632],[-70.13,18.632],[-70.131,18.633],[-70.132,18.634],[-70.133,18.634],[-70.134,18.633],[-70.134,18.634],[-70.135,18.634],[-70.135,18.633],[-70.136,18.633],[-70.136,18.634],[-70.139,18.634],[-70.139,18.635],[-70.137,18.635],[-70.137,18.636],[-70.14,18.636],[-70.14,18.637],[-70.139,18.637],[-70.139,18.638],[-70.137,18.639],[-70.137,18.641],[-70.139,18.641],[-70.139,18.643],[-70.14,18.643],[-70.14,18.644],[-70.142,18.644],[-70.142,18.647],[-70.143,18.648],[-70.143,18.65],[-70.144,18.651],[-70.145,18.651],[-70.145,18.652],[-70.144,18.652],[-70.144,18.654],[-70.145,18.654],[-70.145,18.653],[-70.146,18.653],[-70.147,18.654],[-70.148,18.654],[-70.148,18.655],[-70.149,18.655],[-70.149,18.656],[-70.15,18.656],[-70.15,18.655],[-70.151,18.655],[-70.151,18.657],[-70.152,18.657],[-70.152,18.658],[-70.153,18.658],[-70.153,18.659],[-70.152,18.66],[-70.155,18.66],[-70.155,18.664],[-70.154,18.664],[-70.153,18.663],[-70.152,18.664],[-70.153,18.664],[-70.153,18.665],[-70.154,18.666],[-70.154,18.667],[-70.153,18.667],[-70.153,18.668],[-70.154,18.669],[-70.155,18.669],[-70.155,18.671],[-70.154,18.671],[-70.154,18.672],[-70.156,18.672],[-70.156,18.673],[-70.154,18.673],[-70.154,18.674],[-70.153,18.674],[-70.153,18.679],[-70.152,18.679],[-70.152,18.68],[-70.155,18.68],[-70.155,18.683],[-70.156,18.684],[-70.156,18.685],[-70.157,18.685],[-70.157,18.687],[-70.156,18.687],[-70.156,18.69],[-70.157,18.689],[-70.158,18.689],[-70.158,18.69],[-70.157,18.69],[-70.158,18.691],[-70.159,18.691],[-70.159,18.692],[-70.16,18.693],[-70.159,18.693],[-70.159,18.694],[-70.16,18.694],[-70.16,18.695],[-70.159,18.695],[-70.159,18.697],[-70.158,18.697],[-70.158,18.699],[-70.16,18.699],[-70.16,18.701],[-70.161,18.701],[-70.161,18.702],[-70.163,18.702],[-70.163,18.706],[-70.164,18.706],[-70.164,18.708],[-70.165,18.708],[-70.165,18.709],[-70.166,18.71],[-70.167,18.71],[-70.167,18.711],[-70.169,18.711],[-70.169,18.712],[-70.17,18.712],[-70.17,18.713],[-70.172,18.713],[-70.172,18.715],[-70.173,18.715],[-70.173,18.717],[-70.174,18.717],[-70.174,18.719],[-70.175,18.719],[-70.175,18.723],[-70.174,18.724],[-70.174,18.725],[-70.171,18.725],[-70.17,18.726],[-70.168,18.726],[-70.166,18.728],[-70.165,18.728],[-70.165,18.729],[-70.164,18.73],[-70.164,18.735],[-70.165,18.737],[-70.166,18.738],[-70.168,18.739],[-70.168,18.741],[-70.169,18.743],[-70.17,18.745],[-70.171,18.746],[-70.173,18.746],[-70.175,18.747],[-70.175,18.75],[-70.176,18.752],[-70.178,18.752],[-70.179,18.753],[-70.181,18.754],[-70.182,18.755],[-70.183,18.757],[-70.184,18.757],[-70.185,18.758],[-70.186,18.759],[-70.188,18.76],[-70.19,18.76],[-70.192,18.761],[-70.193,18.761],[-70.195,18.763],[-70.196,18.764],[-70.197,18.766],[-70.198,18.767],[-70.2,18.767],[-70.201,18.768],[-70.205,18.768],[-70.205,18.767],[-70.206,18.767],[-70.206,18.766],[-70.208,18.766],[-70.209,18.767],[-70.212,18.767],[-70.213,18.768],[-70.215,18.768],[-70.215,18.767],[-70.216,18.768],[-70.217,18.769],[-70.218,18.769],[-70.218,18.778],[-70.219,18.779],[-70.22,18.781],[-70.22,18.782],[-70.222,18.782],[-70.223,18.784],[-70.224,18.785],[-70.227,18.785],[-70.228,18.786],[-70.228,18.788],[-70.229,18.788],[-70.229,18.791],[-70.23,18.792],[-70.231,18.792],[-70.232,18.793],[-70.234,18.795],[-70.235,18.796],[-70.236,18.798],[-70.238,18.8],[-70.239,18.802],[-70.24,18.804],[-70.241,18.805],[-70.242,18.805],[-70.243,18.806],[-70.245,18.807],[-70.246,18.808],[-70.248,18.809],[-70.248,18.81],[-70.249,18.809],[-70.249,18.808],[-70.25,18.808],[-70.252,18.806],[-70.253,18.804],[-70.256,18.803],[-70.262,18.801],[-70.263,18.801],[-70.265,18.8],[-70.272,18.8],[-70.274,18.798],[-70.275,18.796],[-70.276,18.795],[-70.282,18.793],[-70.286,18.792],[-70.286,18.791],[-70.289,18.79],[-70.29,18.789],[-70.291,18.788],[-70.291,18.785],[-70.293,18.783],[-70.294,18.78],[-70.297,18.78],[-70.299,18.779],[-70.301,18.778],[-70.302,18.777],[-70.303,18.776],[-70.303,18.77],[-70.302,18.767],[-70.301,18.764],[-70.3,18.763],[-70.298,18.759],[-70.296,18.756],[-70.295,18.755],[-70.295,18.751],[-70.296,18.751],[-70.296,18.75],[-70.297,18.749],[-70.298,18.748],[-70.298,18.747],[-70.297,18.747],[-70.297,18.742],[-70.298,18.74],[-70.298,18.739],[-70.299,18.738],[-70.3,18.737],[-70.301,18.737],[-70.301,18.736],[-70.302,18.736],[-70.302,18.735],[-70.303,18.735],[-70.303,18.734],[-70.305,18.734],[-70.306,18.733],[-70.307,18.733],[-70.308,18.732],[-70.308,18.731],[-70.309,18.73],[-70.309,18.729],[-70.31,18.729],[-70.311,18.728],[-70.312,18.727],[-70.312,18.726],[-70.313,18.724],[-70.314,18.723],[-70.314,18.722],[-70.315,18.722],[-70.316,18.721],[-70.318,18.721],[-70.319,18.72],[-70.32,18.72],[-70.321,18.719],[-70.322,18.719],[-70.324,18.718],[-70.325,18.718],[-70.326,18.717],[-70.328,18.716],[-70.33,18.715],[-70.331,18.717],[-70.332,18.717],[-70.332,18.718],[-70.334,18.718],[-70.335,18.719],[-70.336,18.72],[-70.337,18.721],[-70.338,18.721],[-70.339,18.722],[-70.341,18.723],[-70.343,18.725],[-70.343,18.726],[-70.345,18.726],[-70.345,18.725],[-70.346,18.724],[-70.347,18.724],[-70.349,18.721],[-70.349,18.72],[-70.351,18.718],[-70.352,18.717],[-70.353,18.715],[-70.353,18.714],[-70.354,18.713],[-70.355,18.713],[-70.355,18.712],[-70.356,18.712],[-70.356,18.711],[-70.357,18.71],[-70.357,18.709],[-70.358,18.709],[-70.359,18.708],[-70.359,18.707],[-70.358,18.707],[-70.358,18.703],[-70.359,18.703],[-70.359,18.7],[-70.36,18.7],[-70.359,18.699],[-70.359,18.696],[-70.358,18.695],[-70.358,18.693],[-70.359,18.693],[-70.36,18.692],[-70.361,18.692],[-70.361,18.689],[-70.36,18.688],[-70.361,18.688],[-70.361,18.685],[-70.359,18.685],[-70.359,18.684],[-70.358,18.684],[-70.358,18.682],[-70.359,18.681],[-70.361,18.681],[-70.361,18.679],[-70.362,18.679],[-70.362,18.677],[-70.363,18.676],[-70.363,18.671],[-70.365,18.671],[-70.365,18.672],[-70.366,18.672],[-70.366,18.673],[-70.367,18.673],[-70.367,18.672],[-70.368,18.672],[-70.368,18.671],[-70.367,18.671],[-70.367,18.67],[-70.366,18.67],[-70.366,18.669],[-70.367,18.668],[-70.366,18.667],[-70.366,18.666],[-70.367,18.665],[-70.368,18.665],[-70.368,18.664],[-70.37,18.664],[-70.37,18.663],[-70.372,18.663],[-70.372,18.662],[-70.373,18.661],[-70.374,18.66],[-70.375,18.659],[-70.376,18.659],[-70.376,18.657],[-70.375,18.656],[-70.375,18.651],[-70.376,18.651],[-70.376,18.65],[-70.377,18.65],[-70.377,18.649],[-70.376,18.648],[-70.376,18.647],[-70.375,18.647],[-70.376,18.646],[-70.376,18.645],[-70.377,18.645],[-70.377,18.644],[-70.378,18.644],[-70.378,18.643],[-70.377,18.642],[-70.376,18.641],[-70.375,18.641],[-70.374,18.64],[-70.373,18.64],[-70.374,18.639],[-70.375,18.639],[-70.375,18.638],[-70.374,18.638],[-70.374,18.637],[-70.375,18.637],[-70.376,18.636],[-70.375,18.636],[-70.374,18.635],[-70.372,18.635],[-70.372,18.634],[-70.373,18.634],[-70.374,18.633],[-70.374,18.632],[-70.372,18.632],[-70.372,18.633],[-70.371,18.633],[-70.371,18.632],[-70.372,18.631],[-70.372,18.629],[-70.371,18.629],[-70.371,18.63],[-70.37,18.631],[-70.369,18.631],[-70.369,18.632],[-70.367,18.632],[-70.367,18.629],[-70.369,18.629],[-70.369,18.628],[-70.37,18.628],[-70.37,18.627],[-70.369,18.627],[-70.369,18.624],[-70.368,18.623],[-70.365,18.623],[-70.365,18.622],[-70.364,18.622],[-70.364,18.619],[-70.365,18.619],[-70.365,18.617],[-70.363,18.617],[-70.363,18.616],[-70.365,18.616],[-70.366,18.615],[-70.365,18.615],[-70.365,18.614],[-70.364,18.614],[-70.364,18.613],[-70.363,18.613],[-70.363,18.611],[-70.364,18.611],[-70.365,18.61],[-70.365,18.609],[-70.363,18.609],[-70.362,18.61],[-70.359,18.61],[-70.359,18.606],[-70.361,18.606],[-70.361,18.605],[-70.362,18.605],[-70.362,18.604],[-70.364,18.604],[-70.365,18.605],[-70.366,18.605],[-70.366,18.601],[-70.365,18.601],[-70.365,18.599],[-70.367,18.599],[-70.367,18.598],[-70.366,18.598],[-70.366,18.596],[-70.369,18.596],[-70.369,18.595],[-70.367,18.595],[-70.367,18.594],[-70.366,18.594],[-70.366,18.593],[-70.365,18.593],[-70.365,18.591],[-70.366,18.59],[-70.367,18.59],[-70.367,18.591],[-70.368,18.592],[-70.37,18.592],[-70.37,18.591],[-70.369,18.59],[-70.369,18.589],[-70.368,18.589],[-70.368,18.588],[-70.369,18.588],[-70.369,18.587],[-70.37,18.586],[-70.37,18.585],[-70.367,18.585],[-70.367,18.586],[-70.366,18.586],[-70.365,18.585],[-70.367,18.583],[-70.368,18.582],[-70.368,18.581],[-70.367,18.581],[-70.367,18.582],[-70.366,18.582],[-70.366,18.581],[-70.365,18.581],[-70.366,18.58],[-70.367,18.58],[-70.367,18.579],[-70.366,18.578],[-70.367,18.578],[-70.367,18.575],[-70.368,18.574],[-70.369,18.574],[-70.37,18.573],[-70.37,18.571],[-70.372,18.571],[-70.372,18.572],[-70.374,18.572],[-70.374,18.568],[-70.376,18.568],[-70.376,18.569],[-70.377,18.569],[-70.377,18.567],[-70.376,18.567],[-70.376,18.566],[-70.374,18.566],[-70.374,18.565],[-70.373,18.565],[-70.373,18.564],[-70.37,18.564],[-70.369,18.563],[-70.37,18.562],[-70.371,18.562],[-70.371,18.561],[-70.372,18.561],[-70.373,18.559],[-70.376,18.559],[-70.376,18.557],[-70.377,18.557],[-70.378,18.558],[-70.378,18.559],[-70.38,18.559],[-70.38,18.558],[-70.381,18.557],[-70.382,18.556],[-70.382,18.553]]]]}},{"type":"Feature","properties":{"shapeName":"Monte Plata","provinceKey":"monteplata","shapeType":"ADM1"},"geometry":{"type":"MultiPolygon","coordinates":[[[[-70.248,18.809],[-70.246,18.808],[-70.245,18.807],[-70.243,18.806],[-70.242,18.805],[-70.241,18.805],[-70.24,18.804],[-70.239,18.802],[-70.238,18.8],[-70.236,18.798],[-70.235,18.796],[-70.234,18.795],[-70.232,18.793],[-70.231,18.792],[-70.23,18.792],[-70.229,18.791],[-70.229,18.788],[-70.228,18.788],[-70.228,18.786],[-70.227,18.785],[-70.224,18.785],[-70.223,18.784],[-70.222,18.782],[-70.22,18.782],[-70.22,18.781],[-70.219,18.779],[-70.218,18.778],[-70.218,18.769],[-70.217,18.769],[-70.216,18.768],[-70.215,18.767],[-70.215,18.768],[-70.213,18.768],[-70.212,18.767],[-70.209,18.767],[-70.208,18.766],[-70.206,18.766],[-70.206,18.767],[-70.205,18.767],[-70.205,18.768],[-70.201,18.768],[-70.2,18.767],[-70.198,18.767],[-70.197,18.766],[-70.196,18.764],[-70.195,18.763],[-70.193,18.761],[-70.192,18.761],[-70.19,18.76],[-70.188,18.76],[-70.186,18.759],[-70.185,18.758],[-70.184,18.757],[-70.183,18.757],[-70.182,18.755],[-70.181,18.754],[-70.179,18.753],[-70.178,18.752],[-70.176,18.752],[-70.175,18.75],[-70.175,18.747],[-70.173,18.746],[-70.171,18.746],[-70.17,18.745],[-70.169,18.743],[-70.168,18.741],[-70.168,18.739],[-70.166,18.738],[-70.165,18.737],[-70.164,18.735],[-70.164,18.73],[-70.165,18.729],[-70.165,18.728],[-70.164,18.729],[-70.16,18.729],[-70.16,18.728],[-70.156,18.728],[-70.155,18.729],[-70.154,18.729],[-70.153,18.728],[-70.151,18.728],[-70.15,18.729],[-70.141,18.729],[-70.14,18.728],[-70.14,18.727],[-70.139,18.726],[-70.138,18.726],[-70.137,18.725],[-70.137,18.723],[-70.136,18.723],[-70.136,18.722],[-70.135,18.721],[-70.134,18.72],[-70.133,18.718],[-70.132,18.718],[-70.132,18.715],[-70.13,18.715],[-70.13,18.714],[-70.128,18.714],[-70.127,18.713],[-70.127,18.712],[-70.126,18.71],[-70.124,18.708],[-70.123,18.708],[-70.123,18.707],[-70.122,18.706],[-70.121,18.706],[-70.12,18.705],[-70.119,18.705],[-70.119,18.704],[-70.118,18.702],[-70.117,18.702],[-70.117,18.701],[-70.114,18.7],[-70.113,18.7],[-70.111,18.699],[-70.107,18.699],[-70.106,18.698],[-70.103,18.696],[-70.099,18.691],[-70.096,18.688],[-70.096,18.686],[-70.095,18.685],[-70.095,18.684],[-70.094,18.684],[-70.093,18.683],[-70.092,18.683],[-70.091,18.684],[-70.089,18.685],[-70.087,18.686],[-70.078,18.686],[-70.077,18.687],[-70.073,18.687],[-70.07,18.688],[-70.066,18.688],[-70.065,18.687],[-70.063,18.685],[-70.062,18.683],[-70.059,18.68],[-70.058,18.679],[-70.057,18.678],[-70.052,18.678],[-70.05,18.676],[-70.05,18.675],[-70.048,18.672],[-70.046,18.671],[-70.044,18.669],[-70.043,18.669],[-70.042,18.668],[-70.041,18.668],[-70.041,18.667],[-70.04,18.666],[-70.038,18.666],[-70.036,18.665],[-70.036,18.664],[-70.035,18.665],[-70.035,18.664],[-70.034,18.663],[-70.032,18.663],[-70.031,18.662],[-70.023,18.662],[-70.023,18.661],[-70.022,18.661],[-70.022,18.66],[-70.019,18.66],[-70.019,18.659],[-70.017,18.659],[-70.017,18.66],[-70.018,18.661],[-70.016,18.662],[-70.015,18.663],[-70.014,18.663],[-70.013,18.664],[-70.012,18.664],[-70.012,18.666],[-70.009,18.666],[-70.009,18.667],[-70.008,18.667],[-70.008,18.668],[-70.005,18.668],[-70.004,18.667],[-70.004,18.668],[-70,18.668],[-70,18.667],[-69.999,18.667],[-69.999,18.669],[-69.998,18.669],[-69.997,18.67],[-69.996,18.67],[-69.996,18.671],[-69.995,18.671],[-69.995,18.672],[-69.993,18.672],[-69.993,18.671],[-69.994,18.671],[-69.994,18.668],[-69.992,18.668],[-69.992,18.67],[-69.988,18.67],[-69.988,18.669],[-69.986,18.669],[-69.986,18.672],[-69.985,18.672],[-69.985,18.673],[-69.984,18.673],[-69.983,18.674],[-69.982,18.674],[-69.982,18.676],[-69.978,18.676],[-69.978,18.677],[-69.977,18.677],[-69.977,18.679],[-69.976,18.68],[-69.977,18.68],[-69.977,18.685],[-69.975,18.685],[-69.975,18.684],[-69.973,18.684],[-69.973,18.685],[-69.972,18.684],[-69.971,18.684],[-69.971,18.683],[-69.966,18.683],[-69.965,18.684],[-69.965,18.685],[-69.964,18.685],[-69.963,18.686],[-69.962,18.686],[-69.962,18.691],[-69.961,18.691],[-69.961,18.692],[-69.96,18.693],[-69.959,18.693],[-69.958,18.694],[-69.957,18.694],[-69.957,18.693],[-69.955,18.693],[-69.954,18.694],[-69.954,18.695],[-69.953,18.695],[-69.953,18.7],[-69.954,18.7],[-69.954,18.702],[-69.955,18.703],[-69.955,18.704],[-69.956,18.704],[-69.956,18.705],[-69.957,18.705],[-69.959,18.707],[-69.96,18.707],[-69.96,18.708],[-69.962,18.708],[-69.962,18.711],[-69.961,18.711],[-69.961,18.71],[-69.96,18.71],[-69.959,18.711],[-69.959,18.713],[-69.958,18.713],[-69.958,18.714],[-69.957,18.714],[-69.957,18.715],[-69.956,18.714],[-69.955,18.714],[-69.955,18.712],[-69.954,18.711],[-69.954,18.707],[-69.953,18.707],[-69.953,18.706],[-69.951,18.706],[-69.951,18.708],[-69.95,18.708],[-69.95,18.706],[-69.949,18.706],[-69.949,18.707],[-69.948,18.707],[-69.948,18.708],[-69.945,18.708],[-69.945,18.707],[-69.944,18.706],[-69.944,18.705],[-69.943,18.705],[-69.943,18.704],[-69.941,18.704],[-69.94,18.703],[-69.94,18.705],[-69.939,18.705],[-69.939,18.704],[-69.938,18.704],[-69.938,18.703],[-69.939,18.703],[-69.939,18.702],[-69.938,18.702],[-69.938,18.701],[-69.936,18.701],[-69.936,18.702],[-69.935,18.702],[-69.934,18.701],[-69.934,18.703],[-69.933,18.703],[-69.933,18.702],[-69.932,18.702],[-69.932,18.701],[-69.93,18.701],[-69.93,18.7],[-69.928,18.7],[-69.928,18.698],[-69.927,18.699],[-69.927,18.701],[-69.925,18.701],[-69.925,18.702],[-69.924,18.702],[-69.923,18.703],[-69.922,18.703],[-69.922,18.7],[-69.921,18.7],[-69.92,18.699],[-69.919,18.698],[-69.918,18.698],[-69.918,18.697],[-69.917,18.696],[-69.916,18.696],[-69.916,18.695],[-69.912,18.695],[-69.911,18.696],[-69.908,18.696],[-69.908,18.697],[-69.907,18.697],[-69.907,18.698],[-69.906,18.698],[-69.905,18.699],[-69.905,18.698],[-69.904,18.698],[-69.904,18.699],[-69.903,18.699],[-69.903,18.701],[-69.902,18.702],[-69.902,18.703],[-69.901,18.703],[-69.901,18.704],[-69.9,18.704],[-69.9,18.703],[-69.899,18.703],[-69.899,18.704],[-69.897,18.704],[-69.897,18.705],[-69.894,18.705],[-69.894,18.706],[-69.893,18.706],[-69.893,18.707],[-69.891,18.707],[-69.89,18.706],[-69.89,18.705],[-69.889,18.705],[-69.889,18.707],[-69.888,18.707],[-69.888,18.708],[-69.887,18.708],[-69.887,18.709],[-69.885,18.709],[-69.885,18.71],[-69.884,18.71],[-69.883,18.709],[-69.883,18.708],[-69.882,18.708],[-69.882,18.707],[-69.879,18.707],[-69.879,18.706],[-69.877,18.706],[-69.877,18.705],[-69.874,18.705],[-69.874,18.706],[-69.873,18.706],[-69.873,18.708],[-69.87,18.708],[-69.87,18.709],[-69.867,18.709],[-69.867,18.708],[-69.865,18.708],[-69.865,18.706],[-69.866,18.706],[-69.866,18.705],[-69.868,18.705],[-69.867,18.704],[-69.867,18.703],[-69.866,18.703],[-69.866,18.702],[-69.863,18.702],[-69.863,18.703],[-69.862,18.703],[-69.862,18.702],[-69.861,18.702],[-69.861,18.701],[-69.86,18.701],[-69.859,18.7],[-69.859,18.699],[-69.86,18.699],[-69.86,18.697],[-69.859,18.696],[-69.859,18.695],[-69.858,18.694],[-69.856,18.694],[-69.856,18.693],[-69.857,18.692],[-69.857,18.691],[-69.859,18.691],[-69.858,18.69],[-69.858,18.689],[-69.853,18.689],[-69.853,18.687],[-69.854,18.686],[-69.854,18.685],[-69.855,18.685],[-69.855,18.682],[-69.854,18.682],[-69.853,18.681],[-69.851,18.681],[-69.85,18.68],[-69.85,18.679],[-69.849,18.679],[-69.848,18.678],[-69.847,18.678],[-69.847,18.677],[-69.846,18.676],[-69.846,18.674],[-69.845,18.674],[-69.845,18.673],[-69.844,18.673],[-69.844,18.671],[-69.843,18.671],[-69.843,18.67],[-69.841,18.668],[-69.842,18.667],[-69.842,18.666],[-69.841,18.665],[-69.838,18.665],[-69.838,18.666],[-69.837,18.666],[-69.837,18.664],[-69.838,18.663],[-69.838,18.661],[-69.837,18.66],[-69.837,18.659],[-69.836,18.658],[-69.835,18.657],[-69.834,18.657],[-69.834,18.654],[-69.833,18.654],[-69.832,18.655],[-69.832,18.656],[-69.831,18.656],[-69.831,18.657],[-69.83,18.657],[-69.83,18.659],[-69.829,18.66],[-69.826,18.66],[-69.825,18.661],[-69.824,18.662],[-69.821,18.662],[-69.821,18.66],[-69.82,18.659],[-69.819,18.659],[-69.819,18.657],[-69.821,18.657],[-69.821,18.659],[-69.823,18.659],[-69.823,18.657],[-69.824,18.657],[-69.824,18.655],[-69.821,18.655],[-69.821,18.654],[-69.819,18.653],[-69.819,18.651],[-69.82,18.651],[-69.82,18.65],[-69.822,18.65],[-69.822,18.647],[-69.821,18.646],[-69.821,18.641],[-69.822,18.64],[-69.822,18.639],[-69.821,18.639],[-69.821,18.636],[-69.822,18.636],[-69.822,18.632],[-69.821,18.631],[-69.82,18.631],[-69.819,18.63],[-69.818,18.63],[-69.818,18.629],[-69.819,18.629],[-69.819,18.627],[-69.817,18.627],[-69.817,18.626],[-69.816,18.625],[-69.811,18.625],[-69.81,18.626],[-69.81,18.627],[-69.809,18.627],[-69.809,18.628],[-69.807,18.628],[-69.807,18.627],[-69.806,18.627],[-69.806,18.626],[-69.805,18.625],[-69.805,18.626],[-69.804,18.626],[-69.803,18.627],[-69.803,18.625],[-69.802,18.625],[-69.801,18.626],[-69.8,18.626],[-69.8,18.625],[-69.799,18.625],[-69.799,18.624],[-69.798,18.624],[-69.798,18.622],[-69.797,18.622],[-69.797,18.621],[-69.796,18.621],[-69.797,18.62],[-69.797,18.618],[-69.796,18.618],[-69.796,18.617],[-69.795,18.617],[-69.794,18.616],[-69.793,18.615],[-69.793,18.612],[-69.796,18.612],[-69.796,18.61],[-69.795,18.611],[-69.793,18.611],[-69.792,18.61],[-69.791,18.61],[-69.791,18.608],[-69.792,18.607],[-69.792,18.605],[-69.791,18.605],[-69.791,18.604],[-69.79,18.603],[-69.79,18.601],[-69.791,18.601],[-69.791,18.597],[-69.793,18.595],[-69.793,18.594],[-69.794,18.593],[-69.793,18.592],[-69.792,18.591],[-69.792,18.59],[-69.791,18.59],[-69.791,18.589],[-69.79,18.589],[-69.79,18.583],[-69.789,18.582],[-69.789,18.581],[-69.788,18.581],[-69.788,18.58],[-69.787,18.58],[-69.787,18.579],[-69.786,18.579],[-69.786,18.576],[-69.785,18.577],[-69.784,18.578],[-69.783,18.578],[-69.783,18.58],[-69.782,18.58],[-69.782,18.579],[-69.78,18.579],[-69.78,18.582],[-69.778,18.582],[-69.778,18.584],[-69.777,18.584],[-69.776,18.583],[-69.777,18.582],[-69.776,18.582],[-69.775,18.583],[-69.775,18.584],[-69.774,18.584],[-69.774,18.583],[-69.773,18.583],[-69.773,18.585],[-69.772,18.585],[-69.772,18.586],[-69.771,18.586],[-69.771,18.587],[-69.769,18.587],[-69.769,18.589],[-69.768,18.589],[-69.768,18.592],[-69.77,18.592],[-69.77,18.593],[-69.769,18.594],[-69.768,18.595],[-69.767,18.596],[-69.767,18.595],[-69.766,18.595],[-69.766,18.594],[-69.765,18.594],[-69.765,18.596],[-69.761,18.596],[-69.761,18.597],[-69.76,18.598],[-69.759,18.598],[-69.759,18.597],[-69.758,18.597],[-69.758,18.598],[-69.756,18.598],[-69.756,18.597],[-69.755,18.597],[-69.754,18.598],[-69.753,18.599],[-69.753,18.602],[-69.752,18.602],[-69.752,18.603],[-69.751,18.603],[-69.751,18.604],[-69.752,18.604],[-69.752,18.605],[-69.751,18.605],[-69.751,18.607],[-69.75,18.607],[-69.75,18.612],[-69.749,18.613],[-69.749,18.615],[-69.746,18.615],[-69.746,18.619],[-69.745,18.619],[-69.745,18.626],[-69.744,18.626],[-69.744,18.627],[-69.743,18.627],[-69.743,18.628],[-69.741,18.628],[-69.741,18.63],[-69.74,18.63],[-69.74,18.631],[-69.739,18.631],[-69.739,18.632],[-69.738,18.632],[-69.736,18.633],[-69.734,18.633],[-69.734,18.634],[-69.733,18.634],[-69.733,18.635],[-69.73,18.635],[-69.73,18.634],[-69.729,18.634],[-69.729,18.636],[-69.73,18.637],[-69.73,18.639],[-69.728,18.639],[-69.728,18.641],[-69.727,18.642],[-69.726,18.643],[-69.725,18.643],[-69.724,18.644],[-69.724,18.645],[-69.723,18.646],[-69.722,18.646],[-69.722,18.643],[-69.721,18.643],[-69.721,18.641],[-69.719,18.641],[-69.719,18.64],[-69.718,18.64],[-69.718,18.641],[-69.717,18.641],[-69.717,18.642],[-69.715,18.642],[-69.715,18.641],[-69.716,18.641],[-69.717,18.64],[-69.714,18.64],[-69.714,18.641],[-69.713,18.641],[-69.713,18.642],[-69.709,18.642],[-69.709,18.643],[-69.708,18.643],[-69.708,18.641],[-69.707,18.641],[-69.707,18.639],[-69.703,18.639],[-69.703,18.64],[-69.704,18.641],[-69.703,18.641],[-69.702,18.642],[-69.701,18.642],[-69.701,18.641],[-69.698,18.641],[-69.698,18.642],[-69.696,18.642],[-69.696,18.643],[-69.695,18.642],[-69.693,18.642],[-69.693,18.641],[-69.688,18.641],[-69.688,18.642],[-69.687,18.642],[-69.687,18.643],[-69.684,18.643],[-69.684,18.644],[-69.681,18.644],[-69.681,18.645],[-69.679,18.645],[-69.678,18.646],[-69.677,18.646],[-69.676,18.647],[-69.674,18.647],[-69.674,18.646],[-69.673,18.646],[-69.673,18.647],[-69.672,18.647],[-69.671,18.648],[-69.671,18.649],[-69.67,18.649],[-69.67,18.65],[-69.669,18.65],[-69.669,18.651],[-69.667,18.651],[-69.667,18.652],[-69.665,18.652],[-69.664,18.653],[-69.662,18.653],[-69.662,18.654],[-69.661,18.654],[-69.66,18.655],[-69.659,18.655],[-69.659,18.656],[-69.658,18.656],[-69.658,18.657],[-69.657,18.657],[-69.657,18.658],[-69.656,18.658],[-69.655,18.66],[-69.653,18.66],[-69.653,18.661],[-69.652,18.662],[-69.65,18.662],[-69.65,18.664],[-69.649,18.664],[-69.649,18.663],[-69.648,18.664],[-69.646,18.664],[-69.646,18.662],[-69.644,18.662],[-69.644,18.663],[-69.643,18.663],[-69.643,18.665],[-69.642,18.665],[-69.642,18.667],[-69.64,18.667],[-69.64,18.668],[-69.638,18.668],[-69.638,18.669],[-69.637,18.669],[-69.637,18.67],[-69.635,18.67],[-69.635,18.671],[-69.632,18.671],[-69.632,18.672],[-69.63,18.672],[-69.63,18.673],[-69.628,18.673],[-69.628,18.674],[-69.626,18.674],[-69.626,18.675],[-69.623,18.675],[-69.623,18.676],[-69.621,18.676],[-69.62,18.675],[-69.619,18.674],[-69.617,18.674],[-69.617,18.673],[-69.616,18.673],[-69.616,18.672],[-69.614,18.672],[-69.613,18.671],[-69.612,18.67],[-69.611,18.67],[-69.611,18.669],[-69.61,18.669],[-69.609,18.668],[-69.607,18.667],[-69.606,18.666],[-69.605,18.666],[-69.604,18.665],[-69.603,18.664],[-69.601,18.663],[-69.6,18.662],[-69.599,18.661],[-69.598,18.66],[-69.596,18.66],[-69.596,18.659],[-69.594,18.658],[-69.592,18.657],[-69.592,18.656],[-69.59,18.655],[-69.58,18.654],[-69.577,18.653],[-69.576,18.653],[-69.571,18.652],[-69.57,18.652],[-69.57,18.653],[-69.568,18.653],[-69.568,18.654],[-69.567,18.654],[-69.566,18.655],[-69.565,18.656],[-69.564,18.656],[-69.564,18.657],[-69.563,18.658],[-69.561,18.658],[-69.561,18.659],[-69.56,18.659],[-69.56,18.661],[-69.559,18.661],[-69.559,18.662],[-69.558,18.662],[-69.558,18.663],[-69.557,18.663],[-69.557,18.665],[-69.556,18.666],[-69.557,18.666],[-69.557,18.669],[-69.555,18.669],[-69.555,18.671],[-69.554,18.671],[-69.554,18.672],[-69.553,18.672],[-69.552,18.673],[-69.552,18.674],[-69.551,18.674],[-69.551,18.677],[-69.55,18.677],[-69.55,18.681],[-69.549,18.682],[-69.548,18.683],[-69.548,18.684],[-69.547,18.684],[-69.547,18.685],[-69.546,18.686],[-69.545,18.686],[-69.545,18.687],[-69.544,18.687],[-69.544,18.688],[-69.543,18.689],[-69.542,18.689],[-69.542,18.691],[-69.541,18.691],[-69.541,18.693],[-69.54,18.693],[-69.54,18.694],[-69.539,18.694],[-69.539,18.696],[-69.538,18.696],[-69.538,18.702],[-69.537,18.702],[-69.537,18.705],[-69.536,18.705],[-69.536,18.709],[-69.535,18.709],[-69.535,18.711],[-69.536,18.712],[-69.535,18.712],[-69.535,18.714],[-69.534,18.715],[-69.534,18.716],[-69.535,18.716],[-69.535,18.717],[-69.534,18.717],[-69.534,18.719],[-69.533,18.72],[-69.533,18.722],[-69.532,18.722],[-69.532,18.73],[-69.531,18.731],[-69.531,18.735],[-69.532,18.741],[-69.531,18.741],[-69.531,18.742],[-69.529,18.742],[-69.529,18.743],[-69.528,18.743],[-69.528,18.744],[-69.527,18.744],[-69.527,18.745],[-69.526,18.746],[-69.525,18.747],[-69.524,18.748],[-69.523,18.749],[-69.522,18.75],[-69.522,18.751],[-69.521,18.752],[-69.52,18.753],[-69.52,18.754],[-69.519,18.755],[-69.519,18.757],[-69.517,18.757],[-69.516,18.758],[-69.514,18.759],[-69.514,18.76],[-69.512,18.76],[-69.512,18.761],[-69.511,18.761],[-69.511,18.762],[-69.513,18.762],[-69.513,18.765],[-69.512,18.766],[-69.511,18.766],[-69.509,18.767],[-69.504,18.769],[-69.499,18.769],[-69.499,18.77],[-69.497,18.77],[-69.497,18.771],[-69.496,18.771],[-69.496,18.777],[-69.495,18.777],[-69.495,18.778],[-69.494,18.778],[-69.494,18.779],[-69.493,18.779],[-69.493,18.78],[-69.494,18.781],[-69.493,18.781],[-69.492,18.782],[-69.492,18.783],[-69.493,18.783],[-69.493,18.784],[-69.492,18.784],[-69.492,18.785],[-69.49,18.785],[-69.49,18.787],[-69.489,18.787],[-69.489,18.79],[-69.49,18.791],[-69.49,18.795],[-69.489,18.796],[-69.489,18.798],[-69.486,18.798],[-69.486,18.799],[-69.485,18.799],[-69.485,18.8],[-69.483,18.8],[-69.483,18.801],[-69.482,18.801],[-69.481,18.802],[-69.48,18.802],[-69.48,18.804],[-69.479,18.804],[-69.479,18.805],[-69.478,18.805],[-69.477,18.806],[-69.476,18.807],[-69.476,18.808],[-69.475,18.808],[-69.474,18.809],[-69.473,18.809],[-69.473,18.81],[-69.472,18.81],[-69.472,18.812],[-69.471,18.813],[-69.471,18.814],[-69.466,18.814],[-69.465,18.813],[-69.465,18.814],[-69.464,18.814],[-69.463,18.815],[-69.463,18.817],[-69.462,18.818],[-69.462,18.819],[-69.461,18.819],[-69.461,18.82],[-69.46,18.821],[-69.46,18.822],[-69.459,18.823],[-69.457,18.823],[-69.455,18.822],[-69.453,18.822],[-69.453,18.821],[-69.452,18.821],[-69.451,18.82],[-69.451,18.814],[-69.452,18.814],[-69.452,18.813],[-69.451,18.813],[-69.451,18.811],[-69.45,18.81],[-69.449,18.809],[-69.448,18.809],[-69.448,18.81],[-69.447,18.81],[-69.447,18.809],[-69.446,18.809],[-69.445,18.808],[-69.445,18.809],[-69.444,18.81],[-69.444,18.811],[-69.445,18.811],[-69.445,18.812],[-69.444,18.812],[-69.443,18.813],[-69.443,18.814],[-69.444,18.814],[-69.443,18.815],[-69.443,18.817],[-69.442,18.817],[-69.442,18.82],[-69.443,18.82],[-69.443,18.821],[-69.444,18.822],[-69.444,18.823],[-69.445,18.824],[-69.439,18.824],[-69.439,18.825],[-69.437,18.825],[-69.436,18.826],[-69.434,18.826],[-69.434,18.827],[-69.435,18.827],[-69.435,18.828],[-69.434,18.828],[-69.434,18.832],[-69.432,18.832],[-69.432,18.833],[-69.431,18.833],[-69.431,18.834],[-69.429,18.834],[-69.429,18.835],[-69.426,18.835],[-69.426,18.834],[-69.425,18.834],[-69.425,18.835],[-69.424,18.836],[-69.426,18.836],[-69.426,18.837],[-69.425,18.837],[-69.425,18.838],[-69.424,18.838],[-69.424,18.84],[-69.423,18.84],[-69.423,18.841],[-69.424,18.841],[-69.424,18.842],[-69.423,18.843],[-69.421,18.843],[-69.421,18.844],[-69.42,18.844],[-69.42,18.845],[-69.421,18.845],[-69.421,18.846],[-69.419,18.846],[-69.419,18.845],[-69.418,18.845],[-69.418,18.846],[-69.416,18.846],[-69.416,18.845],[-69.415,18.845],[-69.415,18.846],[-69.413,18.846],[-69.413,18.845],[-69.412,18.846],[-69.41,18.846],[-69.41,18.847],[-69.407,18.847],[-69.407,18.848],[-69.405,18.848],[-69.404,18.847],[-69.404,18.846],[-69.402,18.846],[-69.402,18.847],[-69.401,18.847],[-69.401,18.848],[-69.4,18.849],[-69.401,18.849],[-69.401,18.852],[-69.399,18.852],[-69.399,18.854],[-69.398,18.854],[-69.399,18.855],[-69.398,18.855],[-69.398,18.856],[-69.399,18.856],[-69.399,18.857],[-69.397,18.857],[-69.397,18.858],[-69.396,18.858],[-69.396,18.86],[-69.395,18.86],[-69.395,18.861],[-69.396,18.861],[-69.396,18.862],[-69.397,18.862],[-69.397,18.864],[-69.398,18.865],[-69.398,18.866],[-69.399,18.866],[-69.399,18.868],[-69.4,18.869],[-69.401,18.869],[-69.401,18.87],[-69.402,18.87],[-69.402,18.871],[-69.403,18.87],[-69.405,18.87],[-69.405,18.872],[-69.408,18.872],[-69.409,18.873],[-69.41,18.873],[-69.411,18.874],[-69.412,18.874],[-69.412,18.875],[-69.413,18.876],[-69.413,18.877],[-69.414,18.877],[-69.415,18.878],[-69.416,18.878],[-69.417,18.879],[-69.418,18.88],[-69.42,18.88],[-69.421,18.881],[-69.421,18.882],[-69.423,18.882],[-69.423,18.884],[-69.424,18.884],[-69.424,18.885],[-69.425,18.884],[-69.425,18.885],[-69.426,18.885],[-69.427,18.886],[-69.428,18.887],[-69.43,18.887],[-69.43,18.888],[-69.432,18.888],[-69.432,18.889],[-69.433,18.889],[-69.433,18.891],[-69.434,18.892],[-69.435,18.892],[-69.435,18.893],[-69.437,18.893],[-69.438,18.894],[-69.439,18.894],[-69.439,18.895],[-69.44,18.895],[-69.44,18.896],[-69.441,18.897],[-69.441,18.898],[-69.442,18.898],[-69.442,18.899],[-69.444,18.899],[-69.444,18.9],[-69.445,18.901],[-69.445,18.904],[-69.446,18.904],[-69.446,18.906],[-69.447,18.906],[-69.447,18.907],[-69.451,18.907],[-69.451,18.909],[-69.452,18.909],[-69.452,18.91],[-69.453,18.91],[-69.453,18.911],[-69.455,18.911],[-69.455,18.913],[-69.456,18.913],[-69.456,18.914],[-69.463,18.914],[-69.464,18.915],[-69.465,18.916],[-69.468,18.917],[-69.47,18.919],[-69.472,18.92],[-69.473,18.92],[-69.474,18.921],[-69.476,18.921],[-69.478,18.922],[-69.479,18.922],[-69.48,18.923],[-69.481,18.923],[-69.482,18.924],[-69.484,18.926],[-69.485,18.927],[-69.487,18.929],[-69.487,18.93],[-69.489,18.93],[-69.489,18.931],[-69.49,18.931],[-69.49,18.932],[-69.492,18.933],[-69.492,18.934],[-69.493,18.934],[-69.493,18.935],[-69.495,18.936],[-69.496,18.938],[-69.497,18.939],[-69.498,18.941],[-69.498,18.942],[-69.5,18.945],[-69.503,18.948],[-69.505,18.949],[-69.506,18.95],[-69.508,18.951],[-69.509,18.952],[-69.512,18.954],[-69.513,18.955],[-69.515,18.956],[-69.518,18.957],[-69.519,18.958],[-69.523,18.958],[-69.523,18.959],[-69.525,18.959],[-69.529,18.962],[-69.531,18.963],[-69.533,18.964],[-69.535,18.965],[-69.536,18.966],[-69.537,18.967],[-69.538,18.968],[-69.539,18.969],[-69.54,18.969],[-69.541,18.97],[-69.546,18.97],[-69.546,18.971],[-69.547,18.971],[-69.548,18.972],[-69.55,18.974],[-69.552,18.974],[-69.553,18.975],[-69.557,18.975],[-69.559,18.976],[-69.566,18.976],[-69.567,18.977],[-69.568,18.977],[-69.568,18.978],[-69.57,18.98],[-69.571,18.981],[-69.575,18.981],[-69.576,18.98],[-69.58,18.98],[-69.582,18.979],[-69.586,18.979],[-69.587,18.98],[-69.588,18.98],[-69.589,18.981],[-69.59,18.981],[-69.59,18.982],[-69.591,18.983],[-69.592,18.984],[-69.595,18.984],[-69.598,18.985],[-69.599,18.985],[-69.601,18.986],[-69.604,18.987],[-69.605,18.987],[-69.607,18.988],[-69.608,18.988],[-69.61,18.99],[-69.612,18.991],[-69.613,18.992],[-69.616,18.994],[-69.618,18.994],[-69.619,18.995],[-69.622,18.996],[-69.624,18.996],[-69.626,18.998],[-69.627,19.001],[-69.628,19.002],[-69.63,19.005],[-69.632,19.008],[-69.633,19.009],[-69.633,19.011],[-69.634,19.014],[-69.634,19.017],[-69.635,19.02],[-69.635,19.025],[-69.636,19.027],[-69.637,19.029],[-69.638,19.03],[-69.638,19.032],[-69.64,19.033],[-69.641,19.035],[-69.643,19.036],[-69.645,19.037],[-69.647,19.038],[-69.651,19.038],[-69.654,19.037],[-69.67,19.037],[-69.671,19.038],[-69.674,19.038],[-69.675,19.039],[-69.677,19.04],[-69.679,19.042],[-69.682,19.045],[-69.683,19.047],[-69.684,19.047],[-69.684,19.048],[-69.687,19.051],[-69.689,19.053],[-69.69,19.054],[-69.691,19.056],[-69.693,19.058],[-69.694,19.059],[-69.696,19.061],[-69.699,19.063],[-69.7,19.065],[-69.704,19.069],[-69.707,19.073],[-69.709,19.075],[-69.712,19.078],[-69.715,19.08],[-69.718,19.082],[-69.72,19.084],[-69.721,19.084],[-69.722,19.085],[-69.723,19.087],[-69.725,19.089],[-69.727,19.091],[-69.728,19.092],[-69.73,19.094],[-69.732,19.097],[-69.734,19.097],[-69.735,19.098],[-69.737,19.098],[-69.737,19.099],[-69.741,19.099],[-69.742,19.1],[-69.745,19.1],[-69.745,19.099],[-69.746,19.099],[-69.746,19.1],[-69.749,19.1],[-69.749,19.101],[-69.75,19.101],[-69.751,19.1],[-69.752,19.099],[-69.752,19.098],[-69.753,19.097],[-69.753,19.096],[-69.754,19.095],[-69.755,19.096],[-69.756,19.096],[-69.757,19.097],[-69.76,19.097],[-69.761,19.096],[-69.764,19.093],[-69.765,19.092],[-69.767,19.091],[-69.768,19.09],[-69.773,19.086],[-69.775,19.084],[-69.778,19.083],[-69.779,19.082],[-69.781,19.079],[-69.783,19.078],[-69.785,19.077],[-69.786,19.077],[-69.787,19.076],[-69.791,19.076],[-69.796,19.074],[-69.798,19.074],[-69.799,19.075],[-69.8,19.076],[-69.803,19.079],[-69.807,19.079],[-69.808,19.078],[-69.81,19.077],[-69.812,19.077],[-69.813,19.076],[-69.814,19.077],[-69.817,19.077],[-69.818,19.078],[-69.819,19.077],[-69.82,19.077],[-69.822,19.076],[-69.824,19.075],[-69.826,19.075],[-69.826,19.076],[-69.828,19.08],[-69.829,19.082],[-69.829,19.084],[-69.83,19.085],[-69.831,19.087],[-69.831,19.088],[-69.832,19.089],[-69.833,19.09],[-69.838,19.09],[-69.839,19.089],[-69.841,19.089],[-69.842,19.09],[-69.844,19.091],[-69.845,19.092],[-69.845,19.093],[-69.846,19.093],[-69.847,19.094],[-69.849,19.095],[-69.85,19.096],[-69.853,19.095],[-69.874,19.087],[-69.874,19.05],[-69.884,19.05],[-69.888,19.049],[-69.907,19.049],[-69.907,19.047],[-69.909,19.047],[-69.909,19.045],[-69.911,19.045],[-69.911,19.044],[-69.91,19.044],[-69.91,19.043],[-69.911,19.043],[-69.911,19.042],[-69.912,19.042],[-69.912,19.043],[-69.913,19.043],[-69.913,19.042],[-69.914,19.041],[-69.914,19.04],[-69.913,19.04],[-69.913,19.039],[-69.914,19.039],[-69.914,19.037],[-69.915,19.036],[-69.915,19.033],[-69.916,19.029],[-69.918,19.029],[-69.918,19.028],[-69.917,19.028],[-69.917,19.027],[-69.918,19.027],[-69.918,19.025],[-69.921,19.025],[-69.921,19.026],[-69.922,19.025],[-69.922,19.024],[-69.921,19.024],[-69.921,19.023],[-69.923,19.023],[-69.924,19.022],[-69.924,19.021],[-69.925,19.021],[-69.925,19.02],[-69.926,19.02],[-69.926,19.018],[-69.928,19.018],[-69.928,19.016],[-69.927,19.016],[-69.927,19.015],[-69.928,19.015],[-69.928,19.014],[-69.929,19.014],[-69.929,19.012],[-69.931,19.012],[-69.931,19.01],[-69.932,19.01],[-69.931,19.009],[-69.93,19.009],[-69.93,19.008],[-69.929,19.008],[-69.929,19.006],[-69.93,19.006],[-69.93,19.004],[-69.931,19.004],[-69.931,19.003],[-69.932,19.003],[-69.932,19.002],[-69.931,19.002],[-69.931,19.001],[-69.932,19.001],[-69.932,19],[-69.931,19],[-69.931,18.999],[-69.933,18.999],[-69.933,18.998],[-69.932,18.998],[-69.932,18.997],[-69.933,18.997],[-69.933,18.996],[-69.931,18.996],[-69.931,18.995],[-69.93,18.995],[-69.93,18.996],[-69.928,18.996],[-69.927,18.995],[-69.927,18.994],[-69.926,18.994],[-69.926,18.995],[-69.925,18.994],[-69.925,18.993],[-69.923,18.993],[-69.923,18.992],[-69.922,18.992],[-69.922,18.99],[-69.923,18.989],[-69.922,18.989],[-69.922,18.988],[-69.921,18.988],[-69.921,18.987],[-69.923,18.987],[-69.923,18.983],[-69.925,18.983],[-69.925,18.978],[-69.926,18.978],[-69.926,18.976],[-69.925,18.976],[-69.924,18.975],[-69.923,18.975],[-69.923,18.974],[-69.924,18.973],[-69.923,18.973],[-69.923,18.972],[-69.922,18.973],[-69.922,18.972],[-69.921,18.972],[-69.921,18.971],[-69.922,18.971],[-69.922,18.97],[-69.921,18.97],[-69.921,18.969],[-69.922,18.969],[-69.922,18.968],[-69.923,18.968],[-69.923,18.965],[-69.924,18.965],[-69.924,18.964],[-69.925,18.964],[-69.925,18.962],[-69.926,18.961],[-69.927,18.961],[-69.927,18.959],[-69.926,18.959],[-69.926,18.958],[-69.925,18.958],[-69.926,18.957],[-69.928,18.957],[-69.928,18.955],[-69.929,18.955],[-69.929,18.953],[-69.931,18.953],[-69.931,18.95],[-69.933,18.95],[-69.932,18.949],[-69.932,18.948],[-69.931,18.948],[-69.931,18.947],[-69.933,18.947],[-69.933,18.945],[-69.932,18.945],[-69.932,18.944],[-69.934,18.944],[-69.934,18.943],[-69.933,18.943],[-69.933,18.941],[-69.936,18.941],[-69.936,18.94],[-69.935,18.94],[-69.935,18.939],[-69.937,18.939],[-69.936,18.938],[-69.937,18.938],[-69.937,18.934],[-69.938,18.934],[-69.938,18.931],[-69.939,18.931],[-69.939,18.93],[-69.941,18.93],[-69.941,18.931],[-69.942,18.93],[-69.942,18.929],[-69.941,18.929],[-69.942,18.928],[-69.943,18.927],[-69.942,18.927],[-69.942,18.926],[-69.943,18.926],[-69.942,18.925],[-69.945,18.925],[-69.945,18.924],[-69.946,18.924],[-69.946,18.923],[-69.945,18.923],[-69.945,18.921],[-69.947,18.921],[-69.947,18.92],[-69.95,18.92],[-69.95,18.918],[-69.951,18.918],[-69.951,18.915],[-69.952,18.915],[-69.952,18.914],[-69.951,18.914],[-69.951,18.913],[-69.952,18.913],[-69.952,18.909],[-69.953,18.909],[-69.953,18.908],[-69.952,18.908],[-69.951,18.907],[-69.952,18.907],[-69.952,18.906],[-69.953,18.906],[-69.953,18.905],[-69.954,18.905],[-69.954,18.903],[-69.955,18.904],[-69.955,18.903],[-69.956,18.903],[-69.956,18.901],[-69.957,18.901],[-69.957,18.9],[-69.959,18.9],[-69.959,18.899],[-69.963,18.899],[-69.963,18.898],[-69.964,18.897],[-69.964,18.896],[-69.965,18.896],[-69.965,18.894],[-69.966,18.893],[-69.966,18.892],[-69.967,18.891],[-69.967,18.89],[-69.966,18.89],[-69.966,18.889],[-69.968,18.889],[-69.968,18.887],[-69.969,18.887],[-69.969,18.886],[-69.97,18.886],[-69.97,18.885],[-69.972,18.883],[-69.975,18.883],[-69.975,18.884],[-69.976,18.884],[-69.976,18.886],[-69.975,18.886],[-69.975,18.888],[-69.977,18.888],[-69.977,18.889],[-69.98,18.891],[-69.981,18.892],[-69.985,18.892],[-69.987,18.893],[-69.989,18.893],[-69.99,18.894],[-69.992,18.896],[-69.993,18.897],[-69.993,18.898],[-69.994,18.898],[-69.995,18.899],[-69.996,18.901],[-69.996,18.903],[-69.997,18.904],[-69.997,18.905],[-69.998,18.906],[-69.999,18.907],[-70,18.908],[-70.003,18.91],[-70.004,18.91],[-70.006,18.912],[-70.007,18.912],[-70.008,18.913],[-70.009,18.913],[-70.01,18.914],[-70.012,18.914],[-70.012,18.915],[-70.014,18.917],[-70.015,18.918],[-70.016,18.919],[-70.019,18.919],[-70.019,18.92],[-70.022,18.92],[-70.023,18.919],[-70.023,18.918],[-70.025,18.918],[-70.026,18.917],[-70.027,18.916],[-70.028,18.916],[-70.028,18.915],[-70.029,18.915],[-70.029,18.913],[-70.03,18.913],[-70.03,18.911],[-70.031,18.911],[-70.031,18.907],[-70.033,18.907],[-70.034,18.908],[-70.034,18.907],[-70.038,18.907],[-70.038,18.908],[-70.039,18.908],[-70.039,18.907],[-70.04,18.907],[-70.04,18.904],[-70.039,18.904],[-70.04,18.901],[-70.041,18.896],[-70.042,18.892],[-70.043,18.892],[-70.044,18.891],[-70.044,18.89],[-70.045,18.889],[-70.046,18.888],[-70.047,18.887],[-70.05,18.887],[-70.05,18.886],[-70.051,18.886],[-70.051,18.887],[-70.052,18.887],[-70.052,18.888],[-70.053,18.888],[-70.053,18.887],[-70.055,18.887],[-70.056,18.886],[-70.058,18.886],[-70.058,18.885],[-70.059,18.885],[-70.06,18.886],[-70.061,18.887],[-70.061,18.886],[-70.063,18.886],[-70.064,18.885],[-70.065,18.884],[-70.066,18.884],[-70.066,18.883],[-70.067,18.883],[-70.068,18.882],[-70.068,18.883],[-70.07,18.885],[-70.073,18.885],[-70.073,18.886],[-70.074,18.886],[-70.074,18.887],[-70.075,18.887],[-70.076,18.886],[-70.078,18.886],[-70.078,18.888],[-70.08,18.888],[-70.081,18.889],[-70.082,18.89],[-70.083,18.891],[-70.084,18.89],[-70.085,18.89],[-70.085,18.888],[-70.086,18.888],[-70.086,18.887],[-70.087,18.887],[-70.087,18.888],[-70.088,18.888],[-70.088,18.887],[-70.089,18.887],[-70.09,18.886],[-70.092,18.886],[-70.092,18.884],[-70.096,18.884],[-70.096,18.885],[-70.098,18.885],[-70.098,18.886],[-70.099,18.887],[-70.098,18.887],[-70.099,18.888],[-70.099,18.889],[-70.102,18.889],[-70.103,18.89],[-70.105,18.891],[-70.106,18.89],[-70.107,18.889],[-70.108,18.888],[-70.11,18.888],[-70.11,18.887],[-70.111,18.887],[-70.111,18.882],[-70.112,18.881],[-70.112,18.88],[-70.113,18.878],[-70.114,18.877],[-70.114,18.875],[-70.115,18.875],[-70.115,18.873],[-70.117,18.871],[-70.117,18.867],[-70.118,18.866],[-70.119,18.866],[-70.119,18.867],[-70.12,18.868],[-70.122,18.868],[-70.123,18.867],[-70.124,18.867],[-70.125,18.868],[-70.126,18.87],[-70.128,18.87],[-70.128,18.871],[-70.13,18.871],[-70.131,18.872],[-70.133,18.872],[-70.134,18.871],[-70.137,18.869],[-70.14,18.868],[-70.145,18.868],[-70.145,18.869],[-70.146,18.87],[-70.147,18.871],[-70.148,18.872],[-70.15,18.872],[-70.151,18.873],[-70.151,18.874],[-70.152,18.875],[-70.152,18.876],[-70.153,18.876],[-70.154,18.875],[-70.155,18.875],[-70.156,18.876],[-70.16,18.876],[-70.16,18.875],[-70.161,18.875],[-70.161,18.874],[-70.165,18.874],[-70.165,18.873],[-70.166,18.873],[-70.166,18.872],[-70.167,18.872],[-70.167,18.87],[-70.168,18.87],[-70.168,18.871],[-70.169,18.871],[-70.169,18.87],[-70.17,18.87],[-70.171,18.869],[-70.171,18.87],[-70.174,18.87],[-70.175,18.871],[-70.177,18.871],[-70.177,18.87],[-70.179,18.87],[-70.179,18.869],[-70.18,18.869],[-70.18,18.868],[-70.185,18.868],[-70.186,18.869],[-70.187,18.869],[-70.187,18.87],[-70.188,18.87],[-70.188,18.872],[-70.189,18.872],[-70.189,18.874],[-70.19,18.874],[-70.191,18.875],[-70.192,18.875],[-70.192,18.874],[-70.193,18.874],[-70.193,18.875],[-70.194,18.875],[-70.194,18.873],[-70.195,18.873],[-70.195,18.872],[-70.196,18.872],[-70.196,18.871],[-70.198,18.871],[-70.2,18.869],[-70.201,18.868],[-70.202,18.867],[-70.203,18.867],[-70.204,18.865],[-70.205,18.864],[-70.207,18.863],[-70.209,18.862],[-70.211,18.862],[-70.213,18.861],[-70.216,18.861],[-70.216,18.858],[-70.217,18.856],[-70.217,18.855],[-70.218,18.854],[-70.22,18.852],[-70.221,18.851],[-70.222,18.85],[-70.222,18.848],[-70.223,18.848],[-70.223,18.847],[-70.225,18.847],[-70.226,18.846],[-70.23,18.846],[-70.231,18.845],[-70.233,18.845],[-70.234,18.844],[-70.234,18.845],[-70.238,18.845],[-70.239,18.844],[-70.24,18.844],[-70.241,18.843],[-70.242,18.843],[-70.244,18.842],[-70.247,18.842],[-70.247,18.839],[-70.246,18.839],[-70.246,18.834],[-70.247,18.833],[-70.248,18.832],[-70.248,18.83],[-70.246,18.826],[-70.245,18.822],[-70.245,18.82],[-70.246,18.818],[-70.246,18.814],[-70.247,18.813],[-70.248,18.812],[-70.248,18.809]],[[-69.722,18.646],[-69.722,18.647],[-69.721,18.646],[-69.722,18.646]],[[-69.721,18.643],[-69.721,18.644],[-69.72,18.644],[-69.72,18.643],[-69.721,18.643]]],[[[-69.924,18.968],[-69.923,18.968],[-69.923,18.969],[-69.922,18.969],[-69.922,18.97],[-69.923,18.97],[-69.924,18.969],[-69.924,18.968]]]]}},{"type":"Feature","properties":{"shapeName":"San Juan","provinceKey":"sanjuan","shapeType":"ADM1"},"geometry":{"type":"MultiPolygon","coordinates":[[[[-71.651,18.881],[-71.648,18.881],[-71.647,18.88],[-71.646,18.88],[-71.646,18.879],[-71.644,18.879],[-71.644,18.878],[-71.642,18.878],[-71.642,18.877],[-71.641,18.877],[-71.641,18.876],[-71.638,18.876],[-71.637,18.877],[-71.637,18.876],[-71.636,18.877],[-71.636,18.876],[-71.635,18.876],[-71.635,18.875],[-71.634,18.875],[-71.634,18.876],[-71.633,18.876],[-71.632,18.877],[-71.63,18.877],[-71.63,18.878],[-71.628,18.878],[-71.627,18.879],[-71.627,18.88],[-71.626,18.88],[-71.626,18.879],[-71.625,18.879],[-71.625,18.881],[-71.624,18.881],[-71.624,18.883],[-71.622,18.883],[-71.622,18.885],[-71.621,18.885],[-71.62,18.884],[-71.619,18.884],[-71.618,18.885],[-71.62,18.885],[-71.62,18.886],[-71.617,18.886],[-71.617,18.885],[-71.618,18.884],[-71.618,18.883],[-71.617,18.882],[-71.617,18.867],[-71.618,18.863],[-71.618,18.862],[-71.619,18.854],[-71.619,18.842],[-71.618,18.839],[-71.617,18.836],[-71.616,18.834],[-71.616,18.831],[-71.615,18.83],[-71.615,18.829],[-71.614,18.829],[-71.614,18.827],[-71.615,18.827],[-71.615,18.826],[-71.616,18.826],[-71.616,18.827],[-71.617,18.827],[-71.617,18.826],[-71.62,18.826],[-71.621,18.825],[-71.621,18.823],[-71.623,18.823],[-71.623,18.822],[-71.624,18.822],[-71.624,18.82],[-71.623,18.82],[-71.623,18.819],[-71.621,18.819],[-71.621,18.816],[-71.622,18.816],[-71.622,18.813],[-71.623,18.812],[-71.623,18.809],[-71.626,18.809],[-71.626,18.808],[-71.627,18.808],[-71.627,18.807],[-71.63,18.807],[-71.63,18.806],[-71.629,18.805],[-71.628,18.805],[-71.628,18.804],[-71.617,18.804],[-71.614,18.803],[-71.61,18.803],[-71.606,18.802],[-71.603,18.801],[-71.602,18.801],[-71.598,18.8],[-71.597,18.799],[-71.592,18.797],[-71.591,18.796],[-71.59,18.794],[-71.587,18.79],[-71.583,18.788],[-71.581,18.787],[-71.578,18.785],[-71.577,18.785],[-71.574,18.784],[-71.573,18.784],[-71.572,18.783],[-71.571,18.783],[-71.568,18.782],[-71.568,18.781],[-71.569,18.78],[-71.57,18.779],[-71.571,18.778],[-71.572,18.778],[-71.572,18.777],[-71.575,18.777],[-71.575,18.776],[-71.577,18.776],[-71.577,18.775],[-71.578,18.775],[-71.579,18.774],[-71.583,18.774],[-71.583,18.773],[-71.585,18.773],[-71.585,18.772],[-71.584,18.772],[-71.584,18.77],[-71.58,18.77],[-71.58,18.771],[-71.578,18.771],[-71.578,18.77],[-71.576,18.77],[-71.575,18.769],[-71.573,18.769],[-71.573,18.768],[-71.57,18.768],[-71.57,18.766],[-71.571,18.766],[-71.571,18.765],[-71.572,18.765],[-71.572,18.763],[-71.57,18.763],[-71.57,18.761],[-71.571,18.76],[-71.571,18.759],[-71.572,18.759],[-71.573,18.76],[-71.574,18.76],[-71.574,18.757],[-71.573,18.757],[-71.573,18.756],[-71.574,18.756],[-71.574,18.755],[-71.575,18.755],[-71.575,18.753],[-71.576,18.753],[-71.576,18.752],[-71.577,18.752],[-71.578,18.751],[-71.579,18.751],[-71.579,18.749],[-71.578,18.749],[-71.578,18.748],[-71.579,18.747],[-71.578,18.747],[-71.578,18.746],[-71.579,18.746],[-71.579,18.744],[-71.584,18.744],[-71.584,18.743],[-71.585,18.743],[-71.585,18.742],[-71.584,18.742],[-71.584,18.741],[-71.583,18.74],[-71.582,18.739],[-71.581,18.738],[-71.581,18.736],[-71.58,18.736],[-71.58,18.733],[-71.579,18.733],[-71.58,18.732],[-71.58,18.728],[-71.575,18.728],[-71.575,18.727],[-71.574,18.727],[-71.574,18.726],[-71.572,18.726],[-71.572,18.724],[-71.571,18.724],[-71.571,18.723],[-71.572,18.723],[-71.571,18.722],[-71.571,18.721],[-71.57,18.721],[-71.57,18.72],[-71.569,18.72],[-71.569,18.719],[-71.57,18.719],[-71.57,18.716],[-71.571,18.716],[-71.571,18.713],[-71.57,18.713],[-71.57,18.71],[-71.569,18.71],[-71.569,18.709],[-71.57,18.709],[-71.57,18.706],[-71.569,18.706],[-71.569,18.704],[-71.571,18.704],[-71.571,18.702],[-71.572,18.702],[-71.572,18.699],[-71.573,18.699],[-71.573,18.698],[-71.572,18.698],[-71.572,18.697],[-71.571,18.697],[-71.571,18.696],[-71.57,18.696],[-71.57,18.695],[-71.569,18.695],[-71.569,18.693],[-71.568,18.693],[-71.567,18.692],[-71.567,18.69],[-71.566,18.69],[-71.566,18.689],[-71.565,18.689],[-71.565,18.684],[-71.564,18.684],[-71.564,18.682],[-71.563,18.682],[-71.563,18.681],[-71.564,18.681],[-71.564,18.679],[-71.565,18.679],[-71.565,18.678],[-71.564,18.677],[-71.564,18.675],[-71.565,18.675],[-71.565,18.674],[-71.566,18.673],[-71.567,18.672],[-71.567,18.671],[-71.568,18.67],[-71.568,18.669],[-71.569,18.669],[-71.569,18.667],[-71.57,18.667],[-71.57,18.666],[-71.571,18.666],[-71.571,18.665],[-71.572,18.665],[-71.572,18.662],[-71.57,18.658],[-71.57,18.656],[-71.569,18.656],[-71.567,18.655],[-71.564,18.655],[-71.562,18.654],[-71.558,18.653],[-71.556,18.652],[-71.555,18.651],[-71.553,18.651],[-71.552,18.65],[-71.548,18.65],[-71.546,18.649],[-71.544,18.649],[-71.543,18.648],[-71.542,18.648],[-71.541,18.647],[-71.534,18.647],[-71.533,18.646],[-71.532,18.646],[-71.528,18.644],[-71.526,18.644],[-71.525,18.643],[-71.523,18.643],[-71.522,18.642],[-71.521,18.642],[-71.52,18.641],[-71.519,18.64],[-71.518,18.639],[-71.518,18.633],[-71.517,18.633],[-71.517,18.632],[-71.516,18.632],[-71.515,18.631],[-71.513,18.631],[-71.513,18.63],[-71.506,18.63],[-71.505,18.629],[-71.498,18.629],[-71.497,18.628],[-71.496,18.628],[-71.496,18.627],[-71.492,18.627],[-71.492,18.628],[-71.487,18.628],[-71.484,18.627],[-71.481,18.627],[-71.481,18.626],[-71.48,18.626],[-71.48,18.625],[-71.477,18.625],[-71.477,18.624],[-71.475,18.624],[-71.475,18.625],[-71.474,18.626],[-71.473,18.627],[-71.473,18.628],[-71.472,18.628],[-71.471,18.629],[-71.47,18.629],[-71.469,18.63],[-71.467,18.63],[-71.466,18.631],[-71.463,18.631],[-71.461,18.63],[-71.459,18.63],[-71.458,18.629],[-71.454,18.629],[-71.453,18.628],[-71.452,18.627],[-71.45,18.627],[-71.45,18.626],[-71.448,18.624],[-71.447,18.623],[-71.443,18.623],[-71.442,18.624],[-71.437,18.624],[-71.436,18.625],[-71.434,18.624],[-71.427,18.624],[-71.427,18.623],[-71.425,18.623],[-71.424,18.622],[-71.424,18.621],[-71.423,18.62],[-71.422,18.62],[-71.422,18.612],[-71.421,18.61],[-71.421,18.609],[-71.419,18.609],[-71.418,18.61],[-71.418,18.611],[-71.417,18.611],[-71.417,18.612],[-71.416,18.612],[-71.416,18.613],[-71.415,18.613],[-71.415,18.614],[-71.414,18.615],[-71.414,18.616],[-71.412,18.616],[-71.412,18.617],[-71.411,18.617],[-71.411,18.618],[-71.41,18.618],[-71.409,18.619],[-71.405,18.619],[-71.405,18.618],[-71.404,18.618],[-71.404,18.617],[-71.403,18.617],[-71.402,18.616],[-71.396,18.616],[-71.395,18.615],[-71.394,18.615],[-71.394,18.614],[-71.393,18.613],[-71.393,18.611],[-71.392,18.61],[-71.392,18.607],[-71.393,18.606],[-71.393,18.604],[-71.392,18.603],[-71.392,18.602],[-71.393,18.602],[-71.393,18.599],[-71.392,18.598],[-71.39,18.598],[-71.389,18.597],[-71.387,18.597],[-71.387,18.596],[-71.381,18.596],[-71.381,18.597],[-71.38,18.596],[-71.378,18.596],[-71.378,18.595],[-71.375,18.595],[-71.375,18.594],[-71.374,18.594],[-71.373,18.593],[-71.373,18.592],[-71.372,18.592],[-71.371,18.591],[-71.367,18.591],[-71.367,18.592],[-71.366,18.593],[-71.363,18.593],[-71.363,18.592],[-71.362,18.592],[-71.362,18.591],[-71.361,18.591],[-71.361,18.59],[-71.36,18.59],[-71.359,18.589],[-71.358,18.589],[-71.357,18.59],[-71.356,18.59],[-71.355,18.591],[-71.355,18.595],[-71.354,18.595],[-71.354,18.596],[-71.353,18.596],[-71.352,18.597],[-71.351,18.597],[-71.35,18.598],[-71.349,18.598],[-71.348,18.599],[-71.342,18.599],[-71.342,18.602],[-71.341,18.602],[-71.341,18.606],[-71.34,18.607],[-71.34,18.608],[-71.339,18.609],[-71.339,18.611],[-71.338,18.611],[-71.338,18.612],[-71.337,18.612],[-71.337,18.615],[-71.336,18.616],[-71.336,18.617],[-71.335,18.617],[-71.335,18.618],[-71.334,18.619],[-71.334,18.62],[-71.333,18.62],[-71.333,18.622],[-71.332,18.622],[-71.332,18.623],[-71.331,18.623],[-71.33,18.624],[-71.329,18.624],[-71.328,18.625],[-71.327,18.626],[-71.326,18.626],[-71.326,18.627],[-71.323,18.627],[-71.322,18.628],[-71.319,18.628],[-71.319,18.627],[-71.317,18.627],[-71.316,18.626],[-71.313,18.626],[-71.313,18.625],[-71.311,18.625],[-71.31,18.624],[-71.308,18.624],[-71.308,18.623],[-71.307,18.623],[-71.307,18.622],[-71.306,18.622],[-71.305,18.621],[-71.304,18.62],[-71.304,18.621],[-71.303,18.621],[-71.302,18.62],[-71.301,18.62],[-71.3,18.619],[-71.298,18.619],[-71.297,18.62],[-71.296,18.619],[-71.294,18.619],[-71.294,18.618],[-71.288,18.618],[-71.288,18.617],[-71.284,18.617],[-71.283,18.616],[-71.281,18.616],[-71.281,18.615],[-71.278,18.615],[-71.277,18.614],[-71.274,18.614],[-71.274,18.615],[-71.273,18.615],[-71.273,18.614],[-71.272,18.614],[-71.272,18.615],[-71.271,18.614],[-71.27,18.615],[-71.256,18.615],[-71.255,18.616],[-71.246,18.616],[-71.246,18.617],[-71.245,18.616],[-71.245,18.617],[-71.244,18.617],[-71.243,18.618],[-71.242,18.618],[-71.242,18.619],[-71.241,18.619],[-71.241,18.62],[-71.24,18.62],[-71.239,18.621],[-71.238,18.621],[-71.238,18.622],[-71.236,18.622],[-71.236,18.623],[-71.235,18.623],[-71.234,18.624],[-71.233,18.625],[-71.232,18.625],[-71.232,18.626],[-71.231,18.626],[-71.231,18.627],[-71.23,18.627],[-71.228,18.628],[-71.227,18.628],[-71.226,18.629],[-71.225,18.63],[-71.222,18.63],[-71.222,18.629],[-71.221,18.629],[-71.221,18.625],[-71.22,18.624],[-71.22,18.622],[-71.218,18.622],[-71.216,18.623],[-71.212,18.623],[-71.212,18.624],[-71.203,18.624],[-71.203,18.623],[-71.198,18.623],[-71.197,18.624],[-71.195,18.624],[-71.195,18.625],[-71.194,18.626],[-71.193,18.627],[-71.192,18.627],[-71.192,18.628],[-71.188,18.628],[-71.187,18.627],[-71.184,18.627],[-71.182,18.626],[-71.18,18.626],[-71.178,18.624],[-71.177,18.624],[-71.177,18.623],[-71.174,18.623],[-71.173,18.622],[-71.172,18.622],[-71.171,18.621],[-71.17,18.621],[-71.169,18.62],[-71.166,18.62],[-71.166,18.621],[-71.158,18.621],[-71.158,18.62],[-71.157,18.62],[-71.157,18.621],[-71.154,18.621],[-71.154,18.622],[-71.152,18.622],[-71.152,18.623],[-71.15,18.623],[-71.149,18.624],[-71.148,18.625],[-71.147,18.626],[-71.146,18.627],[-71.141,18.627],[-71.139,18.629],[-71.138,18.629],[-71.138,18.631],[-71.137,18.632],[-71.137,18.633],[-71.136,18.634],[-71.136,18.636],[-71.135,18.637],[-71.135,18.638],[-71.134,18.639],[-71.132,18.641],[-71.131,18.642],[-71.129,18.642],[-71.128,18.641],[-71.127,18.64],[-71.125,18.64],[-71.124,18.639],[-71.118,18.639],[-71.118,18.64],[-71.117,18.64],[-71.116,18.641],[-71.112,18.641],[-71.112,18.642],[-71.11,18.642],[-71.11,18.643],[-71.109,18.643],[-71.108,18.644],[-71.107,18.644],[-71.107,18.643],[-71.106,18.644],[-71.105,18.644],[-71.105,18.646],[-71.103,18.646],[-71.103,18.647],[-71.102,18.647],[-71.102,18.65],[-71.101,18.65],[-71.101,18.649],[-71.1,18.65],[-71.101,18.651],[-71.102,18.651],[-71.102,18.652],[-71.101,18.652],[-71.101,18.656],[-71.1,18.656],[-71.101,18.657],[-71.1,18.657],[-71.1,18.658],[-71.099,18.658],[-71.099,18.659],[-71.097,18.659],[-71.097,18.66],[-71.096,18.66],[-71.096,18.662],[-71.094,18.662],[-71.094,18.663],[-71.095,18.663],[-71.095,18.665],[-71.093,18.665],[-71.093,18.664],[-71.091,18.664],[-71.091,18.665],[-71.09,18.666],[-71.09,18.668],[-71.087,18.668],[-71.087,18.669],[-71.086,18.669],[-71.086,18.671],[-71.085,18.671],[-71.085,18.676],[-71.084,18.676],[-71.084,18.677],[-71.085,18.677],[-71.085,18.678],[-71.084,18.678],[-71.084,18.679],[-71.083,18.679],[-71.083,18.681],[-71.082,18.681],[-71.082,18.684],[-71.081,18.684],[-71.081,18.685],[-71.08,18.685],[-71.08,18.687],[-71.079,18.687],[-71.079,18.693],[-71.078,18.693],[-71.077,18.694],[-71.076,18.695],[-71.071,18.695],[-71.071,18.692],[-71.072,18.691],[-71.072,18.685],[-71.073,18.684],[-71.073,18.683],[-71.074,18.683],[-71.074,18.68],[-71.075,18.68],[-71.075,18.679],[-71.076,18.678],[-71.076,18.677],[-71.077,18.677],[-71.077,18.675],[-71.076,18.674],[-71.076,18.672],[-71.075,18.672],[-71.074,18.671],[-71.069,18.672],[-71.069,18.674],[-71.067,18.674],[-71.067,18.675],[-71.066,18.676],[-71.066,18.677],[-71.065,18.678],[-71.064,18.679],[-71.064,18.68],[-71.061,18.68],[-71.06,18.679],[-71.059,18.678],[-71.058,18.677],[-71.057,18.677],[-71.056,18.676],[-71.053,18.676],[-71.053,18.677],[-71.052,18.678],[-71.051,18.679],[-71.051,18.682],[-71.05,18.683],[-71.05,18.692],[-71.049,18.693],[-71.048,18.693],[-71.048,18.694],[-71.047,18.694],[-71.047,18.702],[-71.048,18.702],[-71.048,18.706],[-71.047,18.707],[-71.047,18.708],[-71.046,18.71],[-71.042,18.713],[-71.04,18.716],[-71.038,18.72],[-71.038,18.724],[-71.039,18.727],[-71.041,18.73],[-71.043,18.734],[-71.046,18.737],[-71.048,18.74],[-71.051,18.746],[-71.052,18.749],[-71.053,18.75],[-71.053,18.759],[-71.054,18.76],[-71.055,18.761],[-71.056,18.762],[-71.055,18.763],[-71.055,18.768],[-71.053,18.768],[-71.052,18.769],[-71.051,18.769],[-71.049,18.77],[-71.048,18.77],[-71.046,18.772],[-71.045,18.773],[-71.043,18.773],[-71.042,18.774],[-71.041,18.775],[-71.039,18.775],[-71.038,18.776],[-71.038,18.777],[-71.036,18.777],[-71.036,18.778],[-71.034,18.778],[-71.033,18.779],[-71.032,18.779],[-71.031,18.78],[-71.03,18.781],[-71.03,18.78],[-71.029,18.779],[-71.029,18.778],[-71.028,18.777],[-71.027,18.776],[-71.025,18.775],[-71.024,18.774],[-71.023,18.773],[-71.022,18.773],[-71.02,18.772],[-71.018,18.771],[-71.017,18.77],[-71.016,18.769],[-71.015,18.768],[-71.015,18.767],[-71.014,18.767],[-71.014,18.766],[-71.013,18.765],[-71.013,18.763],[-71.012,18.761],[-71.011,18.76],[-71.011,18.759],[-71.01,18.758],[-71.01,18.757],[-71.009,18.756],[-71.01,18.755],[-71.01,18.753],[-71.009,18.752],[-71.008,18.752],[-71.007,18.751],[-71.002,18.751],[-71,18.749],[-70.999,18.749],[-70.999,18.751],[-70.998,18.751],[-70.998,18.752],[-70.999,18.752],[-71,18.753],[-71.001,18.753],[-71.001,18.755],[-70.999,18.757],[-70.998,18.758],[-70.996,18.76],[-70.996,18.761],[-70.995,18.761],[-70.995,18.762],[-70.994,18.762],[-70.993,18.763],[-70.99,18.763],[-70.989,18.764],[-70.988,18.765],[-70.988,18.766],[-70.987,18.766],[-70.986,18.767],[-70.986,18.768],[-70.985,18.768],[-70.985,18.771],[-70.986,18.771],[-70.986,18.775],[-70.985,18.775],[-70.985,18.776],[-70.984,18.776],[-70.984,18.778],[-70.983,18.779],[-70.983,18.781],[-70.984,18.782],[-70.983,18.783],[-70.983,18.784],[-70.982,18.784],[-70.982,18.785],[-70.981,18.785],[-70.981,18.786],[-70.98,18.787],[-70.979,18.787],[-70.979,18.788],[-70.977,18.788],[-70.977,18.79],[-70.976,18.79],[-70.976,18.792],[-70.975,18.792],[-70.975,18.793],[-70.974,18.794],[-70.973,18.794],[-70.973,18.796],[-70.971,18.796],[-70.971,18.799],[-70.972,18.799],[-70.972,18.8],[-70.973,18.8],[-70.973,18.803],[-70.974,18.803],[-70.974,18.804],[-70.973,18.804],[-70.973,18.806],[-70.971,18.806],[-70.971,18.81],[-70.972,18.81],[-70.972,18.815],[-70.973,18.815],[-70.973,18.816],[-70.974,18.816],[-70.974,18.818],[-70.975,18.818],[-70.975,18.82],[-70.976,18.82],[-70.976,18.821],[-70.977,18.821],[-70.977,18.822],[-70.978,18.823],[-70.979,18.823],[-70.979,18.825],[-70.98,18.825],[-70.98,18.826],[-70.981,18.826],[-70.981,18.827],[-70.982,18.827],[-70.982,18.83],[-70.983,18.83],[-70.983,18.831],[-70.984,18.832],[-70.984,18.833],[-70.985,18.833],[-70.985,18.836],[-70.986,18.837],[-70.987,18.838],[-70.987,18.84],[-70.988,18.841],[-70.988,18.842],[-70.989,18.843],[-70.992,18.843],[-70.992,18.844],[-70.993,18.845],[-70.994,18.846],[-70.994,18.849],[-70.995,18.849],[-70.995,18.85],[-70.996,18.851],[-70.996,18.852],[-70.995,18.853],[-70.995,18.854],[-70.994,18.854],[-70.994,18.856],[-70.995,18.856],[-70.994,18.857],[-70.993,18.858],[-70.988,18.858],[-70.987,18.859],[-70.986,18.859],[-70.984,18.86],[-70.982,18.86],[-70.981,18.861],[-70.981,18.864],[-70.982,18.864],[-70.982,18.867],[-70.983,18.867],[-70.983,18.868],[-70.984,18.868],[-70.985,18.869],[-70.986,18.869],[-70.986,18.87],[-70.987,18.87],[-70.987,18.871],[-70.988,18.871],[-70.988,18.872],[-70.989,18.872],[-70.99,18.873],[-70.99,18.874],[-70.991,18.875],[-70.992,18.877],[-70.991,18.877],[-70.99,18.878],[-70.989,18.878],[-70.989,18.879],[-70.988,18.88],[-70.988,18.881],[-70.987,18.88],[-70.987,18.881],[-70.985,18.881],[-70.985,18.883],[-70.984,18.883],[-70.984,18.884],[-70.982,18.884],[-70.982,18.885],[-70.981,18.885],[-70.981,18.887],[-70.98,18.888],[-70.98,18.89],[-70.979,18.89],[-70.978,18.891],[-70.977,18.892],[-70.976,18.893],[-70.976,18.894],[-70.974,18.894],[-70.974,18.895],[-70.973,18.895],[-70.973,18.896],[-70.972,18.896],[-70.972,18.9],[-70.973,18.9],[-70.974,18.901],[-70.975,18.901],[-70.975,18.902],[-70.976,18.902],[-70.976,18.903],[-70.975,18.904],[-70.974,18.905],[-70.973,18.906],[-70.972,18.906],[-70.971,18.907],[-70.97,18.907],[-70.969,18.908],[-70.968,18.909],[-70.967,18.909],[-70.966,18.91],[-70.965,18.91],[-70.964,18.911],[-70.956,18.911],[-70.955,18.912],[-70.955,18.917],[-70.952,18.92],[-70.95,18.923],[-70.949,18.924],[-70.946,18.924],[-70.945,18.925],[-70.943,18.925],[-70.94,18.927],[-70.931,18.927],[-70.929,18.926],[-70.928,18.926],[-70.927,18.925],[-70.925,18.925],[-70.924,18.926],[-70.922,18.928],[-70.922,18.929],[-70.921,18.931],[-70.92,18.931],[-70.92,18.933],[-70.916,18.933],[-70.915,18.934],[-70.915,18.935],[-70.916,18.936],[-70.917,18.937],[-70.917,18.938],[-70.916,18.938],[-70.916,18.94],[-70.917,18.94],[-70.917,18.941],[-70.92,18.941],[-70.92,18.942],[-70.921,18.942],[-70.921,18.944],[-70.922,18.945],[-70.923,18.945],[-70.923,18.947],[-70.924,18.947],[-70.924,18.949],[-70.925,18.949],[-70.925,18.953],[-70.926,18.954],[-70.926,18.955],[-70.929,18.955],[-70.93,18.956],[-70.931,18.957],[-70.931,18.958],[-70.932,18.958],[-70.931,18.959],[-70.93,18.959],[-70.93,18.96],[-70.917,18.96],[-70.914,18.961],[-70.912,18.961],[-70.911,18.96],[-70.91,18.96],[-70.909,18.961],[-70.908,18.961],[-70.905,18.962],[-70.904,18.963],[-70.902,18.963],[-70.9,18.964],[-70.899,18.964],[-70.898,18.965],[-70.896,18.965],[-70.896,18.967],[-70.894,18.967],[-70.894,18.968],[-70.892,18.968],[-70.891,18.97],[-70.889,18.971],[-70.888,18.971],[-70.888,18.976],[-70.889,18.977],[-70.89,18.979],[-70.891,18.982],[-70.892,18.983],[-70.892,18.985],[-70.891,18.986],[-70.892,18.986],[-70.892,18.987],[-70.891,18.988],[-70.891,18.99],[-70.892,18.99],[-70.892,18.992],[-70.891,18.993],[-70.891,18.995],[-70.89,18.996],[-70.89,18.997],[-70.891,18.998],[-70.892,19],[-70.893,19.001],[-70.893,19.005],[-70.894,19.007],[-70.895,19.008],[-70.896,19.008],[-70.897,19.009],[-70.898,19.009],[-70.899,19.01],[-70.9,19.011],[-70.902,19.013],[-70.904,19.013],[-70.904,19.014],[-70.905,19.015],[-70.905,19.017],[-70.906,19.018],[-70.907,19.019],[-70.908,19.019],[-70.909,19.021],[-70.91,19.022],[-70.911,19.023],[-70.911,19.024],[-70.912,19.025],[-70.913,19.026],[-70.917,19.026],[-70.918,19.027],[-70.919,19.027],[-70.923,19.029],[-70.924,19.03],[-70.928,19.03],[-70.929,19.031],[-70.932,19.032],[-70.935,19.032],[-70.935,19.034],[-70.936,19.035],[-70.938,19.037],[-70.939,19.037],[-70.941,19.038],[-70.944,19.038],[-70.947,19.039],[-70.95,19.04],[-70.953,19.041],[-70.956,19.043],[-70.958,19.046],[-70.959,19.046],[-70.96,19.047],[-70.962,19.047],[-70.963,19.046],[-70.964,19.046],[-70.966,19.045],[-70.968,19.043],[-70.97,19.042],[-70.971,19.041],[-70.972,19.041],[-70.973,19.04],[-70.978,19.04],[-70.979,19.039],[-70.981,19.039],[-70.983,19.037],[-70.984,19.037],[-70.985,19.036],[-70.986,19.036],[-70.987,19.035],[-70.988,19.035],[-70.988,19.034],[-70.989,19.034],[-70.989,19.033],[-70.99,19.033],[-70.992,19.031],[-70.992,19.03],[-70.993,19.03],[-70.994,19.029],[-70.995,19.029],[-70.995,19.028],[-70.996,19.027],[-70.996,19.026],[-70.997,19.025],[-70.997,19.023],[-70.998,19.023],[-70.998,19.024],[-70.999,19.025],[-70.999,19.031],[-71,19.031],[-71,19.032],[-71.01,19.032],[-71.011,19.031],[-71.012,19.031],[-71.013,19.03],[-71.014,19.03],[-71.015,19.029],[-71.017,19.03],[-71.02,19.029],[-71.021,19.028],[-71.025,19.028],[-71.026,19.027],[-71.027,19.026],[-71.027,19.025],[-71.028,19.024],[-71.029,19.023],[-71.03,19.022],[-71.033,19.022],[-71.033,19.023],[-71.034,19.024],[-71.035,19.025],[-71.036,19.025],[-71.036,19.026],[-71.037,19.026],[-71.038,19.025],[-71.04,19.025],[-71.042,19.024],[-71.046,19.024],[-71.047,19.027],[-71.049,19.029],[-71.049,19.032],[-71.048,19.033],[-71.048,19.036],[-71.049,19.036],[-71.049,19.039],[-71.05,19.04],[-71.05,19.041],[-71.051,19.042],[-71.051,19.043],[-71.052,19.044],[-71.052,19.045],[-71.053,19.045],[-71.053,19.046],[-71.054,19.046],[-71.054,19.047],[-71.055,19.047],[-71.055,19.048],[-71.056,19.049],[-71.057,19.049],[-71.058,19.05],[-71.061,19.05],[-71.061,19.051],[-71.062,19.051],[-71.063,19.052],[-71.064,19.052],[-71.064,19.053],[-71.065,19.054],[-71.066,19.054],[-71.066,19.055],[-71.067,19.055],[-71.068,19.056],[-71.069,19.056],[-71.069,19.057],[-71.071,19.057],[-71.072,19.056],[-71.073,19.056],[-71.074,19.055],[-71.076,19.055],[-71.076,19.056],[-71.077,19.057],[-71.079,19.057],[-71.079,19.058],[-71.081,19.058],[-71.082,19.059],[-71.084,19.059],[-71.084,19.06],[-71.086,19.06],[-71.086,19.062],[-71.092,19.062],[-71.093,19.061],[-71.095,19.06],[-71.096,19.059],[-71.097,19.058],[-71.098,19.058],[-71.099,19.059],[-71.101,19.06],[-71.101,19.061],[-71.102,19.061],[-71.102,19.062],[-71.103,19.062],[-71.103,19.063],[-71.107,19.063],[-71.107,19.064],[-71.108,19.064],[-71.109,19.065],[-71.11,19.066],[-71.112,19.066],[-71.112,19.067],[-71.113,19.067],[-71.114,19.068],[-71.115,19.068],[-71.115,19.069],[-71.116,19.07],[-71.117,19.07],[-71.118,19.071],[-71.12,19.071],[-71.12,19.073],[-71.121,19.074],[-71.121,19.075],[-71.122,19.075],[-71.122,19.076],[-71.125,19.076],[-71.126,19.077],[-71.126,19.078],[-71.127,19.078],[-71.128,19.079],[-71.13,19.079],[-71.13,19.08],[-71.131,19.08],[-71.131,19.083],[-71.132,19.083],[-71.132,19.086],[-71.131,19.088],[-71.13,19.089],[-71.13,19.09],[-71.129,19.09],[-71.129,19.094],[-71.128,19.095],[-71.128,19.1],[-71.127,19.101],[-71.127,19.102],[-71.128,19.103],[-71.129,19.104],[-71.129,19.105],[-71.13,19.106],[-71.13,19.107],[-71.131,19.108],[-71.131,19.113],[-71.13,19.114],[-71.13,19.117],[-71.131,19.118],[-71.131,19.119],[-71.132,19.119],[-71.133,19.12],[-71.136,19.12],[-71.136,19.121],[-71.138,19.123],[-71.139,19.123],[-71.14,19.124],[-71.142,19.124],[-71.143,19.125],[-71.145,19.125],[-71.146,19.126],[-71.148,19.126],[-71.149,19.127],[-71.149,19.131],[-71.15,19.132],[-71.151,19.132],[-71.151,19.133],[-71.152,19.133],[-71.153,19.134],[-71.153,19.138],[-71.154,19.139],[-71.154,19.14],[-71.155,19.141],[-71.156,19.142],[-71.157,19.143],[-71.159,19.143],[-71.159,19.144],[-71.162,19.144],[-71.163,19.145],[-71.164,19.145],[-71.165,19.146],[-71.166,19.146],[-71.167,19.147],[-71.175,19.147],[-71.176,19.148],[-71.176,19.149],[-71.177,19.149],[-71.177,19.15],[-71.178,19.151],[-71.179,19.152],[-71.184,19.152],[-71.185,19.153],[-71.188,19.153],[-71.189,19.154],[-71.19,19.155],[-71.191,19.155],[-71.192,19.156],[-71.193,19.157],[-71.196,19.157],[-71.199,19.155],[-71.201,19.155],[-71.203,19.156],[-71.204,19.157],[-71.209,19.157],[-71.21,19.158],[-71.21,19.159],[-71.211,19.159],[-71.211,19.16],[-71.213,19.16],[-71.213,19.161],[-71.216,19.161],[-71.217,19.162],[-71.22,19.162],[-71.221,19.163],[-71.223,19.163],[-71.224,19.162],[-71.225,19.163],[-71.229,19.163],[-71.231,19.164],[-71.232,19.164],[-71.232,19.167],[-71.233,19.168],[-71.232,19.169],[-71.232,19.173],[-71.233,19.174],[-71.234,19.174],[-71.234,19.175],[-71.236,19.175],[-71.24,19.173],[-71.242,19.173],[-71.243,19.174],[-71.248,19.174],[-71.248,19.175],[-71.25,19.175],[-71.25,19.174],[-71.252,19.174],[-71.252,19.173],[-71.253,19.173],[-71.253,19.172],[-71.255,19.171],[-71.259,19.171],[-71.26,19.172],[-71.263,19.172],[-71.264,19.17],[-71.267,19.17],[-71.268,19.169],[-71.268,19.17],[-71.27,19.17],[-71.27,19.171],[-71.275,19.171],[-71.276,19.172],[-71.277,19.172],[-71.277,19.173],[-71.279,19.173],[-71.28,19.174],[-71.281,19.174],[-71.281,19.175],[-71.282,19.176],[-71.283,19.176],[-71.283,19.177],[-71.285,19.177],[-71.286,19.178],[-71.291,19.178],[-71.292,19.177],[-71.293,19.177],[-71.294,19.176],[-71.295,19.176],[-71.296,19.175],[-71.297,19.175],[-71.298,19.174],[-71.3,19.174],[-71.301,19.173],[-71.301,19.172],[-71.306,19.172],[-71.306,19.173],[-71.313,19.173],[-71.314,19.172],[-71.318,19.172],[-71.319,19.171],[-71.323,19.171],[-71.323,19.172],[-71.325,19.173],[-71.329,19.173],[-71.329,19.172],[-71.33,19.171],[-71.334,19.171],[-71.334,19.172],[-71.34,19.172],[-71.34,19.171],[-71.341,19.171],[-71.341,19.17],[-71.342,19.17],[-71.342,19.167],[-71.343,19.167],[-71.343,19.166],[-71.344,19.165],[-71.343,19.164],[-71.343,19.16],[-71.345,19.16],[-71.345,19.158],[-71.346,19.158],[-71.346,19.157],[-71.345,19.157],[-71.345,19.156],[-71.344,19.156],[-71.344,19.155],[-71.343,19.155],[-71.343,19.152],[-71.344,19.152],[-71.344,19.151],[-71.343,19.151],[-71.343,19.15],[-71.344,19.149],[-71.344,19.147],[-71.342,19.147],[-71.342,19.146],[-71.343,19.146],[-71.343,19.145],[-71.344,19.145],[-71.344,19.143],[-71.343,19.143],[-71.343,19.141],[-71.344,19.141],[-71.344,19.14],[-71.345,19.139],[-71.344,19.139],[-71.344,19.137],[-71.343,19.137],[-71.343,19.133],[-71.342,19.133],[-71.342,19.131],[-71.341,19.13],[-71.341,19.129],[-71.34,19.129],[-71.34,19.127],[-71.339,19.127],[-71.339,19.126],[-71.341,19.126],[-71.341,19.125],[-71.342,19.125],[-71.342,19.124],[-71.341,19.124],[-71.341,19.122],[-71.342,19.122],[-71.342,19.12],[-71.344,19.119],[-71.345,19.119],[-71.345,19.116],[-71.344,19.116],[-71.344,19.114],[-71.343,19.114],[-71.343,19.113],[-71.342,19.113],[-71.342,19.112],[-71.345,19.112],[-71.345,19.111],[-71.346,19.111],[-71.346,19.11],[-71.348,19.11],[-71.348,19.109],[-71.349,19.109],[-71.35,19.108],[-71.351,19.108],[-71.351,19.109],[-71.352,19.109],[-71.352,19.11],[-71.353,19.11],[-71.354,19.111],[-71.354,19.11],[-71.355,19.11],[-71.355,19.111],[-71.356,19.111],[-71.357,19.11],[-71.357,19.109],[-71.358,19.109],[-71.358,19.108],[-71.359,19.108],[-71.359,19.107],[-71.365,19.107],[-71.365,19.108],[-71.366,19.109],[-71.366,19.11],[-71.367,19.11],[-71.368,19.111],[-71.369,19.111],[-71.369,19.112],[-71.37,19.112],[-71.37,19.113],[-71.371,19.113],[-71.372,19.114],[-71.372,19.113],[-71.373,19.114],[-71.373,19.115],[-71.374,19.115],[-71.374,19.117],[-71.375,19.118],[-71.375,19.12],[-71.376,19.12],[-71.376,19.123],[-71.38,19.123],[-71.38,19.122],[-71.381,19.122],[-71.381,19.121],[-71.382,19.121],[-71.383,19.12],[-71.388,19.12],[-71.388,19.119],[-71.389,19.119],[-71.39,19.118],[-71.391,19.118],[-71.391,19.116],[-71.394,19.116],[-71.395,19.115],[-71.396,19.115],[-71.396,19.114],[-71.397,19.114],[-71.397,19.113],[-71.399,19.113],[-71.399,19.114],[-71.401,19.114],[-71.401,19.115],[-71.402,19.114],[-71.404,19.114],[-71.404,19.115],[-71.405,19.115],[-71.405,19.114],[-71.406,19.114],[-71.407,19.115],[-71.408,19.115],[-71.411,19.116],[-71.415,19.116],[-71.415,19.117],[-71.416,19.118],[-71.416,19.12],[-71.417,19.121],[-71.417,19.122],[-71.418,19.122],[-71.418,19.124],[-71.419,19.124],[-71.419,19.125],[-71.42,19.125],[-71.42,19.127],[-71.421,19.127],[-71.421,19.129],[-71.423,19.129],[-71.424,19.13],[-71.427,19.13],[-71.427,19.131],[-71.429,19.131],[-71.429,19.133],[-71.43,19.134],[-71.431,19.134],[-71.431,19.133],[-71.432,19.133],[-71.432,19.132],[-71.433,19.132],[-71.433,19.13],[-71.434,19.13],[-71.434,19.127],[-71.436,19.127],[-71.436,19.126],[-71.438,19.126],[-71.438,19.125],[-71.44,19.125],[-71.44,19.126],[-71.441,19.125],[-71.443,19.125],[-71.443,19.126],[-71.446,19.126],[-71.447,19.127],[-71.448,19.126],[-71.449,19.126],[-71.449,19.127],[-71.45,19.127],[-71.45,19.126],[-71.451,19.127],[-71.451,19.126],[-71.463,19.126],[-71.464,19.125],[-71.466,19.125],[-71.466,19.124],[-71.467,19.124],[-71.467,19.123],[-71.468,19.123],[-71.468,19.122],[-71.467,19.122],[-71.467,19.12],[-71.466,19.12],[-71.466,19.119],[-71.465,19.119],[-71.464,19.118],[-71.464,19.117],[-71.463,19.116],[-71.463,19.114],[-71.464,19.113],[-71.464,19.112],[-71.465,19.112],[-71.465,19.11],[-71.464,19.11],[-71.464,19.108],[-71.466,19.108],[-71.468,19.107],[-71.47,19.106],[-71.472,19.104],[-71.475,19.102],[-71.476,19.101],[-71.477,19.101],[-71.478,19.1],[-71.478,19.099],[-71.479,19.099],[-71.48,19.098],[-71.481,19.097],[-71.482,19.097],[-71.483,19.096],[-71.482,19.095],[-71.482,19.09],[-71.483,19.087],[-71.483,19.081],[-71.484,19.081],[-71.484,19.08],[-71.485,19.079],[-71.485,19.078],[-71.487,19.078],[-71.487,19.077],[-71.49,19.077],[-71.49,19.076],[-71.491,19.076],[-71.491,19.075],[-71.493,19.075],[-71.494,19.074],[-71.495,19.073],[-71.496,19.072],[-71.497,19.071],[-71.499,19.07],[-71.5,19.069],[-71.5,19.067],[-71.501,19.067],[-71.502,19.066],[-71.503,19.065],[-71.503,19.063],[-71.504,19.061],[-71.504,19.046],[-71.505,19.044],[-71.505,19.041],[-71.506,19.041],[-71.506,19.038],[-71.507,19.038],[-71.507,19.037],[-71.508,19.037],[-71.51,19.036],[-71.51,19.035],[-71.511,19.035],[-71.511,19.034],[-71.512,19.033],[-71.512,19.032],[-71.511,19.032],[-71.511,19.031],[-71.512,19.031],[-71.512,19.03],[-71.511,19.03],[-71.511,19.028],[-71.512,19.028],[-71.512,19.027],[-71.511,19.027],[-71.511,19.023],[-71.51,19.023],[-71.51,19.022],[-71.509,19.022],[-71.509,19.021],[-71.508,19.02],[-71.508,19.019],[-71.507,19.019],[-71.507,19.017],[-71.506,19.017],[-71.506,19.016],[-71.507,19.016],[-71.507,19.015],[-71.506,19.015],[-71.506,19.013],[-71.505,19.013],[-71.505,19.012],[-71.506,19.012],[-71.506,19.011],[-71.505,19.011],[-71.505,19.01],[-71.508,19.01],[-71.509,19.009],[-71.512,19.009],[-71.513,19.008],[-71.513,19.007],[-71.514,19.007],[-71.515,19.006],[-71.515,19.005],[-71.516,19.005],[-71.516,19.004],[-71.517,19.004],[-71.517,19.003],[-71.518,19.002],[-71.52,19.001],[-71.522,18.999],[-71.523,18.998],[-71.527,18.998],[-71.528,18.999],[-71.53,18.999],[-71.53,19],[-71.536,19],[-71.537,19.001],[-71.542,19.001],[-71.543,19],[-71.545,19],[-71.547,18.999],[-71.552,18.999],[-71.552,19],[-71.553,19],[-71.554,19.001],[-71.555,19.002],[-71.56,19.002],[-71.562,19.003],[-71.567,19.003],[-71.568,19.002],[-71.57,19.002],[-71.571,19.001],[-71.573,19.001],[-71.573,19],[-71.574,19],[-71.574,18.998],[-71.573,18.998],[-71.573,18.997],[-71.572,18.997],[-71.572,18.994],[-71.573,18.994],[-71.574,18.993],[-71.574,18.992],[-71.576,18.992],[-71.576,18.991],[-71.578,18.991],[-71.578,18.989],[-71.579,18.989],[-71.579,18.988],[-71.58,18.988],[-71.58,18.987],[-71.581,18.987],[-71.581,18.985],[-71.587,18.985],[-71.587,18.986],[-71.592,18.986],[-71.592,18.987],[-71.594,18.987],[-71.594,18.986],[-71.595,18.986],[-71.595,18.985],[-71.596,18.985],[-71.596,18.984],[-71.597,18.984],[-71.597,18.982],[-71.598,18.982],[-71.598,18.981],[-71.6,18.981],[-71.6,18.98],[-71.602,18.98],[-71.602,18.979],[-71.603,18.979],[-71.603,18.978],[-71.604,18.977],[-71.605,18.977],[-71.605,18.976],[-71.607,18.976],[-71.607,18.975],[-71.609,18.975],[-71.609,18.974],[-71.61,18.974],[-71.61,18.972],[-71.611,18.972],[-71.611,18.971],[-71.613,18.971],[-71.614,18.97],[-71.614,18.969],[-71.615,18.969],[-71.615,18.967],[-71.617,18.967],[-71.617,18.965],[-71.618,18.965],[-71.618,18.964],[-71.619,18.964],[-71.619,18.963],[-71.62,18.963],[-71.62,18.957],[-71.621,18.957],[-71.621,18.955],[-71.622,18.955],[-71.622,18.956],[-71.623,18.956],[-71.623,18.957],[-71.624,18.957],[-71.624,18.956],[-71.625,18.956],[-71.625,18.955],[-71.624,18.955],[-71.624,18.954],[-71.625,18.954],[-71.625,18.953],[-71.628,18.953],[-71.629,18.954],[-71.629,18.953],[-71.63,18.953],[-71.63,18.952],[-71.631,18.951],[-71.631,18.95],[-71.63,18.95],[-71.63,18.949],[-71.629,18.949],[-71.629,18.948],[-71.63,18.947],[-71.631,18.947],[-71.631,18.948],[-71.633,18.948],[-71.633,18.947],[-71.634,18.947],[-71.634,18.948],[-71.637,18.948],[-71.637,18.947],[-71.638,18.947],[-71.638,18.946],[-71.64,18.946],[-71.64,18.947],[-71.641,18.947],[-71.641,18.946],[-71.642,18.946],[-71.643,18.945],[-71.644,18.945],[-71.644,18.944],[-71.642,18.944],[-71.642,18.943],[-71.641,18.942],[-71.641,18.941],[-71.64,18.94],[-71.64,18.939],[-71.639,18.939],[-71.639,18.938],[-71.635,18.938],[-71.635,18.939],[-71.636,18.939],[-71.637,18.94],[-71.637,18.941],[-71.633,18.941],[-71.633,18.939],[-71.634,18.938],[-71.634,18.937],[-71.632,18.937],[-71.632,18.938],[-71.631,18.938],[-71.631,18.939],[-71.629,18.939],[-71.629,18.938],[-71.628,18.938],[-71.627,18.939],[-71.627,18.94],[-71.624,18.94],[-71.624,18.939],[-71.623,18.939],[-71.623,18.938],[-71.621,18.938],[-71.62,18.937],[-71.619,18.937],[-71.619,18.939],[-71.618,18.939],[-71.618,18.94],[-71.617,18.94],[-71.616,18.939],[-71.617,18.938],[-71.617,18.936],[-71.618,18.936],[-71.618,18.933],[-71.617,18.933],[-71.617,18.931],[-71.618,18.931],[-71.618,18.93],[-71.62,18.93],[-71.62,18.929],[-71.619,18.929],[-71.619,18.928],[-71.62,18.928],[-71.62,18.926],[-71.618,18.926],[-71.617,18.925],[-71.617,18.924],[-71.619,18.924],[-71.619,18.922],[-71.617,18.922],[-71.617,18.921],[-71.616,18.921],[-71.616,18.92],[-71.618,18.92],[-71.618,18.917],[-71.619,18.917],[-71.619,18.916],[-71.62,18.916],[-71.62,18.915],[-71.619,18.915],[-71.619,18.913],[-71.62,18.913],[-71.62,18.912],[-71.622,18.912],[-71.622,18.911],[-71.624,18.911],[-71.624,18.91],[-71.625,18.91],[-71.625,18.908],[-71.626,18.907],[-71.626,18.906],[-71.627,18.905],[-71.627,18.904],[-71.629,18.904],[-71.629,18.901],[-71.63,18.901],[-71.63,18.9],[-71.631,18.9],[-71.631,18.899],[-71.633,18.899],[-71.633,18.898],[-71.634,18.897],[-71.634,18.894],[-71.635,18.894],[-71.635,18.895],[-71.636,18.895],[-71.636,18.893],[-71.638,18.893],[-71.638,18.892],[-71.64,18.892],[-71.64,18.891],[-71.641,18.891],[-71.642,18.89],[-71.643,18.89],[-71.643,18.889],[-71.644,18.889],[-71.645,18.89],[-71.646,18.89],[-71.646,18.888],[-71.647,18.888],[-71.647,18.887],[-71.649,18.887],[-71.649,18.886],[-71.65,18.886],[-71.65,18.883],[-71.651,18.883],[-71.651,18.881]]],[[[-71.63,18.876],[-71.629,18.876],[-71.629,18.877],[-71.63,18.877],[-71.63,18.876]]]]}},{"type":"Feature","properties":{"shapeName":"Elías Piña","provinceKey":"eliaspina","shapeType":"ADM1"},"geometry":{"type":"MultiPolygon","coordinates":[[[[-71.887,18.958],[-71.886,18.958],[-71.886,18.955],[-71.885,18.954],[-71.884,18.953],[-71.883,18.951],[-71.884,18.95],[-71.884,18.945],[-71.883,18.944],[-71.883,18.942],[-71.878,18.942],[-71.879,18.943],[-71.879,18.944],[-71.878,18.944],[-71.877,18.945],[-71.876,18.945],[-71.876,18.947],[-71.877,18.948],[-71.876,18.949],[-71.875,18.949],[-71.874,18.948],[-71.87,18.948],[-71.87,18.947],[-71.869,18.946],[-71.866,18.946],[-71.865,18.947],[-71.864,18.948],[-71.86,18.948],[-71.86,18.95],[-71.861,18.951],[-71.861,18.955],[-71.862,18.955],[-71.862,18.959],[-71.861,18.959],[-71.86,18.96],[-71.861,18.961],[-71.861,18.963],[-71.859,18.963],[-71.859,18.962],[-71.857,18.961],[-71.856,18.96],[-71.856,18.959],[-71.855,18.958],[-71.855,18.955],[-71.854,18.955],[-71.853,18.956],[-71.852,18.958],[-71.851,18.959],[-71.851,18.96],[-71.85,18.96],[-71.849,18.961],[-71.85,18.962],[-71.85,18.963],[-71.846,18.963],[-71.846,18.959],[-71.845,18.958],[-71.845,18.957],[-71.843,18.957],[-71.842,18.958],[-71.841,18.958],[-71.84,18.959],[-71.84,18.96],[-71.841,18.96],[-71.842,18.961],[-71.843,18.961],[-71.844,18.962],[-71.844,18.963],[-71.843,18.964],[-71.843,18.966],[-71.841,18.966],[-71.84,18.967],[-71.84,18.968],[-71.839,18.969],[-71.838,18.97],[-71.835,18.97],[-71.835,18.965],[-71.834,18.964],[-71.833,18.964],[-71.833,18.963],[-71.832,18.963],[-71.831,18.964],[-71.831,18.965],[-71.829,18.966],[-71.828,18.967],[-71.828,18.968],[-71.825,18.968],[-71.824,18.969],[-71.822,18.969],[-71.822,18.968],[-71.823,18.966],[-71.825,18.966],[-71.826,18.965],[-71.826,18.964],[-71.823,18.964],[-71.822,18.963],[-71.817,18.963],[-71.817,18.964],[-71.816,18.965],[-71.814,18.965],[-71.813,18.964],[-71.813,18.96],[-71.808,18.96],[-71.807,18.959],[-71.805,18.959],[-71.804,18.958],[-71.803,18.957],[-71.804,18.956],[-71.804,18.955],[-71.801,18.955],[-71.801,18.956],[-71.8,18.956],[-71.799,18.957],[-71.796,18.957],[-71.797,18.956],[-71.797,18.955],[-71.796,18.955],[-71.796,18.953],[-71.795,18.953],[-71.794,18.954],[-71.794,18.955],[-71.793,18.956],[-71.793,18.957],[-71.792,18.957],[-71.792,18.958],[-71.79,18.958],[-71.79,18.957],[-71.789,18.957],[-71.789,18.956],[-71.787,18.956],[-71.786,18.955],[-71.781,18.955],[-71.781,18.954],[-71.782,18.953],[-71.782,18.952],[-71.783,18.951],[-71.783,18.949],[-71.782,18.948],[-71.782,18.947],[-71.776,18.93],[-71.776,18.928],[-71.775,18.927],[-71.775,18.925],[-71.769,18.91],[-71.769,18.908],[-71.768,18.907],[-71.766,18.906],[-71.761,18.906],[-71.76,18.905],[-71.759,18.904],[-71.757,18.904],[-71.757,18.903],[-71.754,18.901],[-71.752,18.9],[-71.75,18.899],[-71.748,18.897],[-71.746,18.895],[-71.745,18.894],[-71.744,18.893],[-71.743,18.893],[-71.739,18.891],[-71.739,18.89],[-71.738,18.889],[-71.737,18.886],[-71.737,18.879],[-71.738,18.877],[-71.737,18.878],[-71.735,18.878],[-71.733,18.877],[-71.727,18.877],[-71.724,18.88],[-71.723,18.881],[-71.723,18.88],[-71.722,18.879],[-71.724,18.877],[-71.725,18.876],[-71.726,18.875],[-71.726,18.87],[-71.725,18.869],[-71.726,18.868],[-71.725,18.866],[-71.725,18.864],[-71.726,18.864],[-71.726,18.848],[-71.725,18.847],[-71.725,18.845],[-71.726,18.844],[-71.726,18.84],[-71.725,18.839],[-71.724,18.837],[-71.723,18.836],[-71.722,18.834],[-71.721,18.833],[-71.721,18.829],[-71.722,18.826],[-71.722,18.802],[-71.725,18.786],[-71.726,18.783],[-71.731,18.76],[-71.731,18.759],[-71.735,18.738],[-71.737,18.723],[-71.744,18.721],[-71.754,18.716],[-71.756,18.715],[-71.759,18.714],[-71.761,18.714],[-71.767,18.712],[-71.772,18.71],[-71.775,18.71],[-71.783,18.706],[-71.784,18.705],[-71.785,18.703],[-71.785,18.692],[-71.788,18.689],[-71.794,18.689],[-71.794,18.69],[-71.798,18.692],[-71.799,18.69],[-71.8,18.689],[-71.801,18.688],[-71.804,18.685],[-71.801,18.681],[-71.801,18.68],[-71.802,18.677],[-71.803,18.67],[-71.803,18.669],[-71.804,18.668],[-71.802,18.668],[-71.801,18.669],[-71.798,18.669],[-71.797,18.67],[-71.794,18.67],[-71.793,18.669],[-71.792,18.669],[-71.792,18.67],[-71.791,18.67],[-71.791,18.673],[-71.787,18.673],[-71.786,18.674],[-71.785,18.674],[-71.783,18.675],[-71.777,18.675],[-71.776,18.676],[-71.775,18.676],[-71.774,18.675],[-71.771,18.675],[-71.77,18.674],[-71.769,18.674],[-71.769,18.675],[-71.767,18.675],[-71.766,18.676],[-71.765,18.676],[-71.764,18.677],[-71.763,18.677],[-71.762,18.678],[-71.761,18.679],[-71.758,18.679],[-71.758,18.68],[-71.756,18.68],[-71.755,18.681],[-71.755,18.682],[-71.754,18.682],[-71.753,18.683],[-71.75,18.683],[-71.75,18.682],[-71.747,18.681],[-71.744,18.68],[-71.741,18.68],[-71.741,18.679],[-71.74,18.68],[-71.734,18.68],[-71.733,18.679],[-71.731,18.679],[-71.731,18.678],[-71.73,18.678],[-71.728,18.676],[-71.719,18.676],[-71.718,18.675],[-71.716,18.675],[-71.716,18.674],[-71.715,18.674],[-71.714,18.673],[-71.713,18.673],[-71.713,18.672],[-71.708,18.672],[-71.708,18.671],[-71.704,18.671],[-71.703,18.67],[-71.7,18.67],[-71.699,18.669],[-71.697,18.669],[-71.696,18.668],[-71.693,18.668],[-71.693,18.667],[-71.692,18.666],[-71.683,18.666],[-71.683,18.665],[-71.681,18.666],[-71.669,18.666],[-71.669,18.665],[-71.666,18.665],[-71.664,18.664],[-71.639,18.664],[-71.638,18.665],[-71.636,18.665],[-71.635,18.666],[-71.634,18.666],[-71.632,18.665],[-71.625,18.665],[-71.623,18.666],[-71.619,18.666],[-71.618,18.667],[-71.617,18.667],[-71.616,18.666],[-71.614,18.666],[-71.613,18.665],[-71.612,18.665],[-71.611,18.664],[-71.61,18.663],[-71.61,18.662],[-71.596,18.662],[-71.596,18.661],[-71.595,18.661],[-71.594,18.66],[-71.593,18.66],[-71.592,18.659],[-71.59,18.659],[-71.589,18.658],[-71.588,18.657],[-71.586,18.657],[-71.585,18.656],[-71.582,18.656],[-71.581,18.655],[-71.573,18.655],[-71.57,18.656],[-71.57,18.658],[-71.572,18.662],[-71.572,18.665],[-71.571,18.665],[-71.571,18.666],[-71.57,18.666],[-71.57,18.667],[-71.569,18.667],[-71.569,18.669],[-71.568,18.669],[-71.568,18.67],[-71.567,18.671],[-71.567,18.672],[-71.566,18.673],[-71.565,18.674],[-71.565,18.675],[-71.564,18.675],[-71.564,18.677],[-71.565,18.678],[-71.565,18.679],[-71.564,18.679],[-71.564,18.681],[-71.563,18.681],[-71.563,18.682],[-71.564,18.682],[-71.564,18.684],[-71.565,18.684],[-71.565,18.689],[-71.566,18.689],[-71.566,18.69],[-71.567,18.69],[-71.567,18.692],[-71.568,18.693],[-71.569,18.693],[-71.569,18.695],[-71.57,18.695],[-71.57,18.696],[-71.571,18.696],[-71.571,18.697],[-71.572,18.697],[-71.572,18.698],[-71.573,18.698],[-71.573,18.699],[-71.572,18.699],[-71.572,18.702],[-71.571,18.702],[-71.571,18.704],[-71.569,18.704],[-71.569,18.706],[-71.57,18.706],[-71.57,18.709],[-71.569,18.709],[-71.569,18.71],[-71.57,18.71],[-71.57,18.713],[-71.571,18.713],[-71.571,18.716],[-71.57,18.716],[-71.57,18.719],[-71.569,18.719],[-71.569,18.72],[-71.57,18.72],[-71.57,18.721],[-71.571,18.721],[-71.571,18.722],[-71.572,18.723],[-71.571,18.723],[-71.571,18.724],[-71.572,18.724],[-71.572,18.726],[-71.574,18.726],[-71.574,18.727],[-71.575,18.727],[-71.575,18.728],[-71.58,18.728],[-71.58,18.732],[-71.579,18.733],[-71.58,18.733],[-71.58,18.736],[-71.581,18.736],[-71.581,18.738],[-71.582,18.739],[-71.583,18.74],[-71.584,18.741],[-71.584,18.742],[-71.585,18.742],[-71.585,18.743],[-71.584,18.743],[-71.584,18.744],[-71.579,18.744],[-71.579,18.746],[-71.578,18.746],[-71.578,18.747],[-71.579,18.747],[-71.578,18.748],[-71.578,18.749],[-71.579,18.749],[-71.579,18.751],[-71.578,18.751],[-71.577,18.752],[-71.576,18.752],[-71.576,18.753],[-71.575,18.753],[-71.575,18.755],[-71.574,18.755],[-71.574,18.756],[-71.573,18.756],[-71.573,18.757],[-71.574,18.757],[-71.574,18.76],[-71.573,18.76],[-71.572,18.759],[-71.571,18.759],[-71.571,18.76],[-71.57,18.761],[-71.57,18.763],[-71.572,18.763],[-71.572,18.765],[-71.571,18.765],[-71.571,18.766],[-71.57,18.766],[-71.57,18.768],[-71.573,18.768],[-71.573,18.769],[-71.575,18.769],[-71.576,18.77],[-71.578,18.77],[-71.578,18.771],[-71.58,18.771],[-71.58,18.77],[-71.584,18.77],[-71.584,18.772],[-71.585,18.772],[-71.585,18.773],[-71.583,18.773],[-71.583,18.774],[-71.579,18.774],[-71.578,18.775],[-71.577,18.775],[-71.577,18.776],[-71.575,18.776],[-71.575,18.777],[-71.572,18.777],[-71.572,18.778],[-71.571,18.778],[-71.57,18.779],[-71.569,18.78],[-71.568,18.781],[-71.568,18.782],[-71.571,18.783],[-71.572,18.783],[-71.573,18.784],[-71.574,18.784],[-71.577,18.785],[-71.578,18.785],[-71.581,18.787],[-71.583,18.788],[-71.587,18.79],[-71.59,18.794],[-71.591,18.796],[-71.592,18.797],[-71.597,18.799],[-71.598,18.8],[-71.602,18.801],[-71.603,18.801],[-71.606,18.802],[-71.61,18.803],[-71.614,18.803],[-71.617,18.804],[-71.628,18.804],[-71.628,18.805],[-71.629,18.805],[-71.63,18.806],[-71.63,18.807],[-71.627,18.807],[-71.627,18.808],[-71.626,18.808],[-71.626,18.809],[-71.623,18.809],[-71.623,18.812],[-71.622,18.813],[-71.622,18.816],[-71.621,18.816],[-71.621,18.819],[-71.623,18.819],[-71.623,18.82],[-71.624,18.82],[-71.624,18.822],[-71.623,18.822],[-71.623,18.823],[-71.621,18.823],[-71.621,18.825],[-71.62,18.826],[-71.617,18.826],[-71.617,18.827],[-71.616,18.827],[-71.616,18.826],[-71.615,18.826],[-71.615,18.827],[-71.614,18.827],[-71.614,18.829],[-71.615,18.829],[-71.615,18.83],[-71.616,18.831],[-71.616,18.834],[-71.617,18.836],[-71.618,18.839],[-71.619,18.842],[-71.619,18.854],[-71.618,18.862],[-71.618,18.863],[-71.617,18.867],[-71.617,18.882],[-71.618,18.883],[-71.618,18.884],[-71.617,18.885],[-71.617,18.886],[-71.62,18.886],[-71.62,18.885],[-71.618,18.885],[-71.619,18.884],[-71.62,18.884],[-71.621,18.885],[-71.622,18.885],[-71.622,18.883],[-71.624,18.883],[-71.624,18.881],[-71.625,18.881],[-71.625,18.879],[-71.626,18.879],[-71.626,18.88],[-71.627,18.88],[-71.627,18.879],[-71.628,18.878],[-71.63,18.878],[-71.63,18.877],[-71.632,18.877],[-71.633,18.876],[-71.634,18.876],[-71.634,18.875],[-71.635,18.875],[-71.635,18.876],[-71.636,18.876],[-71.636,18.877],[-71.637,18.8765],[-71.637,18.877],[-71.638,18.876],[-71.641,18.876],[-71.641,18.877],[-71.642,18.877],[-71.642,18.878],[-71.644,18.878],[-71.644,18.879],[-71.646,18.879],[-71.646,18.88],[-71.647,18.88],[-71.648,18.881],[-71.651,18.881],[-71.651,18.883],[-71.65,18.883],[-71.65,18.886],[-71.649,18.886],[-71.649,18.887],[-71.647,18.887],[-71.647,18.888],[-71.646,18.888],[-71.646,18.89],[-71.645,18.89],[-71.644,18.889],[-71.643,18.889],[-71.643,18.89],[-71.642,18.89],[-71.641,18.891],[-71.64,18.891],[-71.64,18.892],[-71.638,18.892],[-71.638,18.893],[-71.636,18.893],[-71.636,18.895],[-71.635,18.895],[-71.635,18.894],[-71.634,18.894],[-71.634,18.897],[-71.633,18.898],[-71.633,18.899],[-71.631,18.899],[-71.631,18.9],[-71.63,18.9],[-71.63,18.901],[-71.629,18.901],[-71.629,18.904],[-71.627,18.904],[-71.627,18.905],[-71.626,18.906],[-71.626,18.907],[-71.625,18.908],[-71.625,18.91],[-71.624,18.91],[-71.624,18.911],[-71.622,18.911],[-71.622,18.912],[-71.62,18.912],[-71.62,18.913],[-71.619,18.913],[-71.619,18.915],[-71.62,18.915],[-71.62,18.916],[-71.619,18.916],[-71.619,18.917],[-71.618,18.917],[-71.618,18.92],[-71.616,18.92],[-71.616,18.921],[-71.617,18.921],[-71.617,18.922],[-71.619,18.922],[-71.619,18.924],[-71.617,18.924],[-71.617,18.925],[-71.618,18.926],[-71.62,18.926],[-71.62,18.928],[-71.619,18.928],[-71.619,18.929],[-71.62,18.929],[-71.62,18.93],[-71.618,18.93],[-71.618,18.931],[-71.617,18.931],[-71.617,18.933],[-71.618,18.933],[-71.618,18.936],[-71.617,18.936],[-71.617,18.938],[-71.616,18.939],[-71.617,18.94],[-71.618,18.94],[-71.618,18.939],[-71.619,18.939],[-71.619,18.937],[-71.62,18.937],[-71.621,18.938],[-71.623,18.938],[-71.623,18.939],[-71.624,18.939],[-71.624,18.94],[-71.627,18.94],[-71.627,18.939],[-71.628,18.938],[-71.629,18.938],[-71.629,18.939],[-71.631,18.939],[-71.631,18.938],[-71.632,18.938],[-71.632,18.937],[-71.634,18.937],[-71.634,18.938],[-71.633,18.939],[-71.633,18.941],[-71.637,18.941],[-71.637,18.94],[-71.636,18.939],[-71.635,18.939],[-71.635,18.938],[-71.639,18.938],[-71.639,18.939],[-71.64,18.939],[-71.64,18.94],[-71.641,18.941],[-71.641,18.942],[-71.642,18.943],[-71.642,18.944],[-71.644,18.944],[-71.644,18.945],[-71.643,18.945],[-71.642,18.946],[-71.641,18.946],[-71.641,18.947],[-71.64,18.947],[-71.64,18.946],[-71.638,18.946],[-71.638,18.947],[-71.637,18.947],[-71.637,18.948],[-71.634,18.948],[-71.634,18.947],[-71.633,18.947],[-71.633,18.948],[-71.631,18.948],[-71.631,18.947],[-71.63,18.947],[-71.629,18.948],[-71.629,18.949],[-71.63,18.949],[-71.63,18.95],[-71.631,18.95],[-71.631,18.951],[-71.63,18.952],[-71.63,18.953],[-71.629,18.953],[-71.629,18.954],[-71.628,18.953],[-71.625,18.953],[-71.625,18.954],[-71.624,18.954],[-71.624,18.955],[-71.625,18.955],[-71.625,18.956],[-71.624,18.956],[-71.624,18.957],[-71.623,18.957],[-71.623,18.956],[-71.622,18.956],[-71.622,18.955],[-71.621,18.955],[-71.621,18.957],[-71.62,18.957],[-71.62,18.963],[-71.619,18.963],[-71.619,18.964],[-71.618,18.964],[-71.618,18.965],[-71.617,18.965],[-71.617,18.967],[-71.615,18.967],[-71.615,18.969],[-71.614,18.969],[-71.614,18.97],[-71.613,18.971],[-71.611,18.971],[-71.611,18.972],[-71.61,18.972],[-71.61,18.974],[-71.609,18.974],[-71.609,18.975],[-71.607,18.975],[-71.607,18.976],[-71.605,18.976],[-71.605,18.977],[-71.604,18.977],[-71.603,18.978],[-71.603,18.979],[-71.602,18.979],[-71.602,18.98],[-71.6,18.98],[-71.6,18.981],[-71.598,18.981],[-71.598,18.982],[-71.597,18.982],[-71.597,18.984],[-71.596,18.984],[-71.596,18.985],[-71.595,18.985],[-71.595,18.986],[-71.594,18.986],[-71.594,18.987],[-71.592,18.987],[-71.592,18.986],[-71.587,18.986],[-71.587,18.985],[-71.581,18.985],[-71.581,18.987],[-71.58,18.987],[-71.58,18.988],[-71.579,18.988],[-71.579,18.989],[-71.578,18.989],[-71.578,18.991],[-71.576,18.991],[-71.576,18.992],[-71.574,18.992],[-71.574,18.993],[-71.573,18.994],[-71.572,18.994],[-71.572,18.997],[-71.573,18.997],[-71.573,18.998],[-71.574,18.998],[-71.574,19],[-71.573,19],[-71.573,19.001],[-71.571,19.001],[-71.57,19.002],[-71.568,19.002],[-71.567,19.003],[-71.562,19.003],[-71.56,19.002],[-71.555,19.002],[-71.554,19.001],[-71.553,19],[-71.552,19],[-71.552,18.999],[-71.547,18.999],[-71.545,19],[-71.543,19],[-71.542,19.001],[-71.537,19.001],[-71.536,19],[-71.53,19],[-71.53,18.999],[-71.528,18.999],[-71.527,18.998],[-71.523,18.998],[-71.522,18.999],[-71.52,19.001],[-71.518,19.002],[-71.517,19.003],[-71.517,19.004],[-71.516,19.004],[-71.516,19.005],[-71.515,19.005],[-71.515,19.006],[-71.514,19.007],[-71.513,19.007],[-71.513,19.008],[-71.512,19.009],[-71.509,19.009],[-71.508,19.01],[-71.505,19.01],[-71.505,19.011],[-71.506,19.011],[-71.506,19.012],[-71.505,19.012],[-71.505,19.013],[-71.506,19.013],[-71.506,19.015],[-71.507,19.015],[-71.507,19.016],[-71.506,19.016],[-71.506,19.017],[-71.507,19.017],[-71.507,19.019],[-71.508,19.019],[-71.508,19.02],[-71.509,19.021],[-71.509,19.022],[-71.51,19.022],[-71.51,19.023],[-71.511,19.023],[-71.511,19.027],[-71.512,19.027],[-71.512,19.028],[-71.511,19.028],[-71.511,19.03],[-71.512,19.03],[-71.512,19.031],[-71.511,19.031],[-71.511,19.032],[-71.512,19.032],[-71.512,19.033],[-71.511,19.034],[-71.511,19.035],[-71.51,19.035],[-71.51,19.036],[-71.508,19.037],[-71.507,19.037],[-71.507,19.038],[-71.506,19.038],[-71.506,19.041],[-71.505,19.041],[-71.505,19.044],[-71.504,19.046],[-71.504,19.061],[-71.503,19.063],[-71.503,19.065],[-71.502,19.066],[-71.501,19.067],[-71.5,19.067],[-71.5,19.069],[-71.499,19.07],[-71.497,19.071],[-71.496,19.072],[-71.495,19.073],[-71.494,19.074],[-71.493,19.075],[-71.491,19.075],[-71.491,19.076],[-71.49,19.076],[-71.49,19.077],[-71.487,19.077],[-71.487,19.078],[-71.485,19.078],[-71.485,19.079],[-71.484,19.08],[-71.484,19.081],[-71.483,19.081],[-71.483,19.087],[-71.482,19.09],[-71.482,19.095],[-71.483,19.096],[-71.482,19.097],[-71.481,19.097],[-71.48,19.098],[-71.479,19.099],[-71.478,19.099],[-71.478,19.1],[-71.477,19.101],[-71.476,19.101],[-71.475,19.102],[-71.472,19.104],[-71.47,19.106],[-71.468,19.107],[-71.466,19.108],[-71.464,19.108],[-71.464,19.11],[-71.465,19.11],[-71.465,19.112],[-71.464,19.112],[-71.464,19.113],[-71.463,19.114],[-71.463,19.116],[-71.464,19.117],[-71.464,19.118],[-71.465,19.119],[-71.466,19.119],[-71.466,19.12],[-71.467,19.12],[-71.467,19.122],[-71.468,19.122],[-71.468,19.123],[-71.467,19.123],[-71.467,19.124],[-71.466,19.124],[-71.466,19.125],[-71.464,19.125],[-71.463,19.126],[-71.451,19.126],[-71.451,19.127],[-71.45,19.126],[-71.45,19.127],[-71.449,19.127],[-71.449,19.126],[-71.448,19.126],[-71.447,19.127],[-71.446,19.126],[-71.443,19.126],[-71.443,19.125],[-71.441,19.125],[-71.44,19.126],[-71.44,19.125],[-71.438,19.125],[-71.438,19.126],[-71.436,19.126],[-71.436,19.127],[-71.434,19.127],[-71.434,19.13],[-71.433,19.13],[-71.433,19.132],[-71.432,19.132],[-71.432,19.133],[-71.431,19.133],[-71.431,19.134],[-71.43,19.134],[-71.429,19.133],[-71.429,19.131],[-71.427,19.131],[-71.427,19.13],[-71.424,19.13],[-71.423,19.129],[-71.421,19.129],[-71.421,19.127],[-71.42,19.127],[-71.42,19.125],[-71.419,19.125],[-71.419,19.124],[-71.418,19.124],[-71.418,19.122],[-71.417,19.122],[-71.417,19.121],[-71.416,19.12],[-71.416,19.118],[-71.415,19.117],[-71.415,19.116],[-71.411,19.116],[-71.408,19.115],[-71.407,19.115],[-71.406,19.114],[-71.405,19.114],[-71.405,19.115],[-71.404,19.115],[-71.404,19.114],[-71.402,19.114],[-71.401,19.115],[-71.401,19.114],[-71.399,19.114],[-71.399,19.113],[-71.397,19.113],[-71.397,19.114],[-71.396,19.114],[-71.396,19.115],[-71.395,19.115],[-71.394,19.116],[-71.391,19.116],[-71.391,19.118],[-71.39,19.118],[-71.389,19.119],[-71.388,19.119],[-71.388,19.12],[-71.383,19.12],[-71.382,19.121],[-71.381,19.121],[-71.381,19.122],[-71.38,19.122],[-71.38,19.123],[-71.376,19.123],[-71.376,19.12],[-71.375,19.12],[-71.375,19.118],[-71.374,19.117],[-71.374,19.115],[-71.373,19.115],[-71.373,19.114],[-71.372,19.113],[-71.372,19.114],[-71.371,19.113],[-71.37,19.113],[-71.37,19.112],[-71.369,19.112],[-71.369,19.111],[-71.368,19.111],[-71.367,19.11],[-71.366,19.11],[-71.366,19.109],[-71.365,19.108],[-71.365,19.107],[-71.359,19.107],[-71.359,19.108],[-71.358,19.108],[-71.358,19.109],[-71.357,19.109],[-71.357,19.11],[-71.356,19.111],[-71.355,19.111],[-71.355,19.11],[-71.354,19.11],[-71.354,19.111],[-71.353,19.11],[-71.352,19.11],[-71.352,19.109],[-71.351,19.109],[-71.351,19.108],[-71.35,19.108],[-71.349,19.109],[-71.348,19.109],[-71.348,19.11],[-71.346,19.11],[-71.346,19.111],[-71.345,19.111],[-71.345,19.112],[-71.342,19.112],[-71.342,19.113],[-71.343,19.113],[-71.343,19.114],[-71.344,19.114],[-71.344,19.116],[-71.345,19.116],[-71.345,19.119],[-71.344,19.119],[-71.342,19.12],[-71.342,19.122],[-71.341,19.122],[-71.341,19.124],[-71.342,19.124],[-71.342,19.125],[-71.341,19.125],[-71.341,19.126],[-71.339,19.126],[-71.339,19.127],[-71.34,19.127],[-71.34,19.129],[-71.341,19.129],[-71.341,19.13],[-71.342,19.131],[-71.342,19.133],[-71.343,19.133],[-71.343,19.137],[-71.344,19.137],[-71.344,19.139],[-71.345,19.139],[-71.344,19.14],[-71.344,19.141],[-71.343,19.141],[-71.343,19.143],[-71.344,19.143],[-71.344,19.145],[-71.343,19.145],[-71.343,19.146],[-71.342,19.146],[-71.342,19.147],[-71.344,19.147],[-71.344,19.149],[-71.343,19.15],[-71.343,19.151],[-71.344,19.151],[-71.344,19.152],[-71.343,19.152],[-71.343,19.155],[-71.344,19.155],[-71.344,19.156],[-71.345,19.156],[-71.345,19.157],[-71.346,19.157],[-71.346,19.158],[-71.345,19.158],[-71.345,19.16],[-71.343,19.16],[-71.343,19.164],[-71.344,19.165],[-71.343,19.166],[-71.343,19.167],[-71.342,19.167],[-71.342,19.17],[-71.341,19.17],[-71.341,19.171],[-71.34,19.171],[-71.34,19.172],[-71.334,19.172],[-71.334,19.171],[-71.33,19.171],[-71.329,19.172],[-71.329,19.173],[-71.325,19.173],[-71.323,19.172],[-71.323,19.176],[-71.324,19.177],[-71.324,19.182],[-71.325,19.182],[-71.325,19.183],[-71.326,19.183],[-71.327,19.182],[-71.328,19.183],[-71.333,19.183],[-71.333,19.184],[-71.332,19.184],[-71.332,19.185],[-71.331,19.185],[-71.332,19.186],[-71.333,19.186],[-71.333,19.189],[-71.334,19.19],[-71.335,19.19],[-71.335,19.189],[-71.337,19.189],[-71.337,19.19],[-71.338,19.191],[-71.339,19.191],[-71.339,19.19],[-71.34,19.19],[-71.341,19.191],[-71.344,19.191],[-71.344,19.19],[-71.345,19.191],[-71.346,19.191],[-71.346,19.19],[-71.347,19.19],[-71.347,19.191],[-71.348,19.191],[-71.348,19.19],[-71.35,19.19],[-71.35,19.189],[-71.351,19.189],[-71.352,19.188],[-71.353,19.188],[-71.353,19.19],[-71.354,19.191],[-71.355,19.192],[-71.362,19.192],[-71.362,19.193],[-71.363,19.195],[-71.363,19.198],[-71.364,19.199],[-71.364,19.203],[-71.365,19.203],[-71.366,19.204],[-71.367,19.205],[-71.367,19.206],[-71.368,19.206],[-71.369,19.207],[-71.371,19.208],[-71.374,19.208],[-71.376,19.209],[-71.377,19.21],[-71.378,19.21],[-71.378,19.211],[-71.379,19.212],[-71.38,19.212],[-71.38,19.214],[-71.382,19.216],[-71.383,19.217],[-71.384,19.217],[-71.385,19.218],[-71.389,19.218],[-71.39,19.217],[-71.392,19.217],[-71.392,19.219],[-71.393,19.219],[-71.393,19.22],[-71.397,19.22],[-71.398,19.219],[-71.402,19.219],[-71.402,19.22],[-71.403,19.22],[-71.403,19.221],[-71.404,19.222],[-71.406,19.222],[-71.407,19.223],[-71.407,19.224],[-71.408,19.225],[-71.408,19.226],[-71.409,19.226],[-71.409,19.227],[-71.41,19.228],[-71.411,19.229],[-71.412,19.231],[-71.413,19.232],[-71.414,19.233],[-71.415,19.233],[-71.416,19.234],[-71.416,19.236],[-71.417,19.236],[-71.419,19.237],[-71.421,19.239],[-71.426,19.239],[-71.428,19.24],[-71.429,19.24],[-71.429,19.241],[-71.431,19.242],[-71.432,19.245],[-71.433,19.245],[-71.433,19.244],[-71.434,19.243],[-71.435,19.243],[-71.435,19.242],[-71.436,19.242],[-71.436,19.241],[-71.438,19.241],[-71.439,19.242],[-71.44,19.242],[-71.44,19.243],[-71.441,19.243],[-71.441,19.242],[-71.446,19.242],[-71.447,19.241],[-71.449,19.241],[-71.449,19.24],[-71.45,19.24],[-71.451,19.241],[-71.451,19.242],[-71.452,19.242],[-71.452,19.243],[-71.453,19.244],[-71.454,19.245],[-71.455,19.245],[-71.456,19.246],[-71.456,19.247],[-71.457,19.248],[-71.459,19.248],[-71.459,19.25],[-71.464,19.25],[-71.465,19.249],[-71.465,19.248],[-71.466,19.248],[-71.466,19.25],[-71.467,19.25],[-71.467,19.251],[-71.468,19.251],[-71.468,19.252],[-71.469,19.252],[-71.469,19.253],[-71.47,19.253],[-71.471,19.254],[-71.471,19.253],[-71.472,19.253],[-71.472,19.254],[-71.473,19.254],[-71.474,19.255],[-71.475,19.255],[-71.475,19.254],[-71.478,19.254],[-71.478,19.253],[-71.48,19.253],[-71.48,19.252],[-71.483,19.252],[-71.483,19.254],[-71.484,19.254],[-71.484,19.253],[-71.488,19.253],[-71.488,19.254],[-71.49,19.254],[-71.49,19.255],[-71.491,19.255],[-71.491,19.257],[-71.492,19.257],[-71.492,19.256],[-71.493,19.256],[-71.493,19.254],[-71.492,19.254],[-71.492,19.253],[-71.493,19.253],[-71.493,19.252],[-71.497,19.252],[-71.497,19.251],[-71.499,19.251],[-71.499,19.257],[-71.5,19.257],[-71.5,19.258],[-71.499,19.258],[-71.499,19.262],[-71.497,19.262],[-71.497,19.264],[-71.5,19.264],[-71.5,19.265],[-71.501,19.265],[-71.501,19.266],[-71.5,19.266],[-71.5,19.267],[-71.501,19.267],[-71.501,19.268],[-71.502,19.268],[-71.502,19.269],[-71.503,19.269],[-71.503,19.272],[-71.504,19.272],[-71.504,19.271],[-71.505,19.271],[-71.505,19.272],[-71.506,19.272],[-71.506,19.273],[-71.507,19.273],[-71.508,19.272],[-71.507,19.272],[-71.508,19.271],[-71.509,19.271],[-71.509,19.272],[-71.51,19.272],[-71.511,19.273],[-71.512,19.273],[-71.512,19.274],[-71.514,19.274],[-71.515,19.275],[-71.517,19.275],[-71.516,19.274],[-71.516,19.273],[-71.515,19.273],[-71.515,19.272],[-71.517,19.272],[-71.517,19.271],[-71.518,19.271],[-71.518,19.27],[-71.521,19.27],[-71.521,19.267],[-71.522,19.267],[-71.522,19.265],[-71.521,19.265],[-71.522,19.264],[-71.523,19.264],[-71.524,19.265],[-71.525,19.265],[-71.525,19.266],[-71.526,19.266],[-71.526,19.267],[-71.528,19.267],[-71.528,19.266],[-71.53,19.266],[-71.531,19.265],[-71.532,19.265],[-71.531,19.266],[-71.531,19.267],[-71.532,19.267],[-71.532,19.268],[-71.533,19.268],[-71.533,19.267],[-71.535,19.267],[-71.535,19.268],[-71.536,19.268],[-71.536,19.267],[-71.537,19.267],[-71.537,19.27],[-71.538,19.27],[-71.538,19.271],[-71.537,19.271],[-71.537,19.272],[-71.539,19.272],[-71.539,19.274],[-71.54,19.274],[-71.54,19.273],[-71.542,19.273],[-71.542,19.274],[-71.543,19.274],[-71.543,19.273],[-71.544,19.273],[-71.544,19.272],[-71.546,19.272],[-71.546,19.273],[-71.547,19.273],[-71.548,19.274],[-71.547,19.274],[-71.547,19.276],[-71.548,19.277],[-71.552,19.277],[-71.552,19.278],[-71.553,19.278],[-71.553,19.279],[-71.554,19.279],[-71.554,19.28],[-71.556,19.28],[-71.556,19.279],[-71.557,19.279],[-71.556,19.278],[-71.556,19.276],[-71.557,19.276],[-71.557,19.275],[-71.558,19.276],[-71.558,19.275],[-71.562,19.275],[-71.562,19.273],[-71.563,19.273],[-71.563,19.272],[-71.564,19.272],[-71.564,19.271],[-71.566,19.271],[-71.566,19.272],[-71.568,19.272],[-71.568,19.273],[-71.569,19.273],[-71.569,19.274],[-71.57,19.274],[-71.57,19.275],[-71.572,19.275],[-71.572,19.277],[-71.573,19.278],[-71.573,19.279],[-71.574,19.279],[-71.574,19.28],[-71.575,19.28],[-71.575,19.279],[-71.578,19.279],[-71.579,19.278],[-71.58,19.278],[-71.58,19.279],[-71.581,19.279],[-71.582,19.278],[-71.583,19.278],[-71.583,19.279],[-71.584,19.279],[-71.584,19.281],[-71.583,19.281],[-71.583,19.283],[-71.585,19.283],[-71.586,19.282],[-71.586,19.283],[-71.589,19.283],[-71.589,19.284],[-71.591,19.284],[-71.591,19.28],[-71.592,19.28],[-71.592,19.278],[-71.593,19.277],[-71.594,19.277],[-71.595,19.276],[-71.594,19.276],[-71.594,19.274],[-71.595,19.274],[-71.595,19.273],[-71.596,19.273],[-71.596,19.27],[-71.595,19.27],[-71.595,19.268],[-71.596,19.267],[-71.597,19.267],[-71.597,19.264],[-71.598,19.264],[-71.599,19.263],[-71.599,19.262],[-71.596,19.262],[-71.596,19.26],[-71.598,19.26],[-71.598,19.259],[-71.599,19.259],[-71.599,19.257],[-71.598,19.257],[-71.598,19.255],[-71.597,19.254],[-71.599,19.254],[-71.599,19.255],[-71.6,19.255],[-71.6,19.254],[-71.601,19.254],[-71.602,19.253],[-71.602,19.252],[-71.601,19.252],[-71.601,19.25],[-71.604,19.25],[-71.604,19.248],[-71.605,19.248],[-71.606,19.249],[-71.608,19.249],[-71.608,19.246],[-71.609,19.246],[-71.609,19.247],[-71.61,19.247],[-71.61,19.249],[-71.611,19.25],[-71.611,19.252],[-71.614,19.252],[-71.615,19.253],[-71.616,19.253],[-71.617,19.254],[-71.617,19.253],[-71.616,19.252],[-71.616,19.25],[-71.617,19.251],[-71.619,19.251],[-71.619,19.247],[-71.62,19.247],[-71.62,19.246],[-71.621,19.246],[-71.621,19.245],[-71.623,19.245],[-71.623,19.246],[-71.626,19.246],[-71.626,19.245],[-71.627,19.245],[-71.627,19.244],[-71.628,19.244],[-71.628,19.243],[-71.63,19.243],[-71.63,19.242],[-71.631,19.242],[-71.631,19.239],[-71.632,19.239],[-71.633,19.238],[-71.634,19.238],[-71.634,19.234],[-71.635,19.234],[-71.635,19.233],[-71.636,19.233],[-71.636,19.232],[-71.637,19.232],[-71.637,19.233],[-71.638,19.233],[-71.638,19.232],[-71.639,19.232],[-71.638,19.23],[-71.64,19.229],[-71.638,19.229],[-71.638,19.228],[-71.639,19.227],[-71.64,19.227],[-71.64,19.225],[-71.639,19.226],[-71.638,19.225],[-71.638,19.224],[-71.637,19.225],[-71.636,19.225],[-71.636,19.222],[-71.635,19.222],[-71.635,19.221],[-71.634,19.221],[-71.634,19.217],[-71.633,19.217],[-71.633,19.216],[-71.631,19.216],[-71.631,19.214],[-71.63,19.214],[-71.63,19.212],[-71.628,19.212],[-71.628,19.211],[-71.629,19.211],[-71.629,19.21],[-71.63,19.21],[-71.63,19.209],[-71.632,19.209],[-71.632,19.208],[-71.633,19.208],[-71.633,19.207],[-71.631,19.207],[-71.631,19.208],[-71.627,19.208],[-71.627,19.209],[-71.626,19.209],[-71.626,19.208],[-71.622,19.208],[-71.622,19.206],[-71.623,19.206],[-71.623,19.207],[-71.624,19.207],[-71.624,19.203],[-71.625,19.203],[-71.625,19.204],[-71.626,19.204],[-71.626,19.205],[-71.627,19.205],[-71.627,19.206],[-71.629,19.206],[-71.629,19.205],[-71.631,19.205],[-71.631,19.206],[-71.632,19.206],[-71.632,19.205],[-71.634,19.205],[-71.634,19.204],[-71.635,19.204],[-71.635,19.203],[-71.634,19.203],[-71.635,19.202],[-71.638,19.202],[-71.638,19.201],[-71.637,19.201],[-71.637,19.199],[-71.638,19.199],[-71.638,19.197],[-71.639,19.197],[-71.639,19.196],[-71.637,19.196],[-71.637,19.193],[-71.639,19.193],[-71.639,19.192],[-71.637,19.192],[-71.637,19.189],[-71.636,19.189],[-71.636,19.19],[-71.635,19.19],[-71.635,19.189],[-71.633,19.189],[-71.633,19.188],[-71.632,19.189],[-71.629,19.189],[-71.629,19.187],[-71.627,19.187],[-71.626,19.186],[-71.627,19.186],[-71.627,19.184],[-71.628,19.184],[-71.628,19.183],[-71.627,19.182],[-71.63,19.182],[-71.63,19.183],[-71.632,19.183],[-71.632,19.182],[-71.634,19.182],[-71.634,19.183],[-71.636,19.183],[-71.636,19.181],[-71.637,19.181],[-71.637,19.179],[-71.642,19.179],[-71.642,19.18],[-71.644,19.18],[-71.644,19.179],[-71.643,19.178],[-71.646,19.178],[-71.646,19.177],[-71.648,19.177],[-71.648,19.176],[-71.643,19.176],[-71.643,19.175],[-71.639,19.175],[-71.639,19.173],[-71.638,19.173],[-71.638,19.172],[-71.637,19.172],[-71.637,19.171],[-71.635,19.171],[-71.635,19.17],[-71.634,19.17],[-71.634,19.169],[-71.636,19.169],[-71.636,19.166],[-71.637,19.166],[-71.637,19.167],[-71.638,19.167],[-71.638,19.168],[-71.64,19.168],[-71.64,19.169],[-71.641,19.169],[-71.641,19.167],[-71.644,19.167],[-71.644,19.168],[-71.645,19.168],[-71.645,19.169],[-71.646,19.169],[-71.646,19.167],[-71.645,19.167],[-71.645,19.165],[-71.646,19.165],[-71.646,19.164],[-71.647,19.164],[-71.647,19.163],[-71.645,19.163],[-71.645,19.162],[-71.646,19.162],[-71.646,19.161],[-71.644,19.161],[-71.644,19.16],[-71.643,19.16],[-71.643,19.156],[-71.645,19.156],[-71.645,19.155],[-71.644,19.155],[-71.644,19.154],[-71.647,19.154],[-71.647,19.152],[-71.645,19.152],[-71.645,19.151],[-71.644,19.151],[-71.644,19.15],[-71.642,19.15],[-71.642,19.149],[-71.641,19.148],[-71.641,19.147],[-71.64,19.147],[-71.64,19.146],[-71.641,19.146],[-71.642,19.145],[-71.643,19.145],[-71.643,19.146],[-71.644,19.146],[-71.644,19.145],[-71.647,19.145],[-71.647,19.144],[-71.648,19.144],[-71.648,19.145],[-71.649,19.145],[-71.649,19.143],[-71.655,19.143],[-71.656,19.144],[-71.657,19.143],[-71.656,19.143],[-71.656,19.142],[-71.655,19.142],[-71.655,19.141],[-71.654,19.141],[-71.654,19.14],[-71.653,19.14],[-71.653,19.139],[-71.651,19.139],[-71.651,19.138],[-71.649,19.138],[-71.649,19.137],[-71.648,19.137],[-71.648,19.136],[-71.646,19.136],[-71.646,19.134],[-71.647,19.134],[-71.647,19.131],[-71.648,19.131],[-71.648,19.128],[-71.649,19.128],[-71.649,19.125],[-71.65,19.125],[-71.65,19.124],[-71.651,19.123],[-71.651,19.121],[-71.652,19.121],[-71.652,19.12],[-71.653,19.12],[-71.653,19.119],[-71.654,19.119],[-71.654,19.116],[-71.655,19.116],[-71.655,19.118],[-71.656,19.118],[-71.656,19.117],[-71.657,19.117],[-71.657,19.116],[-71.658,19.116],[-71.658,19.115],[-71.66,19.115],[-71.66,19.114],[-71.662,19.114],[-71.662,19.113],[-71.664,19.113],[-71.664,19.114],[-71.665,19.114],[-71.665,19.115],[-71.668,19.115],[-71.668,19.116],[-71.669,19.116],[-71.669,19.117],[-71.671,19.117],[-71.671,19.116],[-71.672,19.116],[-71.672,19.113],[-71.675,19.113],[-71.675,19.114],[-71.676,19.114],[-71.676,19.115],[-71.677,19.115],[-71.677,19.117],[-71.679,19.117],[-71.679,19.116],[-71.68,19.116],[-71.68,19.117],[-71.682,19.117],[-71.682,19.114],[-71.681,19.114],[-71.68,19.113],[-71.68,19.11],[-71.679,19.11],[-71.679,19.109],[-71.683,19.109],[-71.683,19.108],[-71.682,19.108],[-71.682,19.105],[-71.683,19.105],[-71.683,19.104],[-71.684,19.104],[-71.684,19.103],[-71.687,19.103],[-71.687,19.104],[-71.688,19.104],[-71.688,19.105],[-71.692,19.105],[-71.692,19.106],[-71.693,19.106],[-71.693,19.107],[-71.694,19.107],[-71.695,19.108],[-71.699,19.108],[-71.701,19.107],[-71.702,19.106],[-71.703,19.105],[-71.703,19.104],[-71.704,19.104],[-71.704,19.103],[-71.705,19.103],[-71.705,19.101],[-71.706,19.101],[-71.706,19.1],[-71.707,19.1],[-71.707,19.099],[-71.705,19.099],[-71.705,19.098],[-71.704,19.097],[-71.701,19.097],[-71.701,19.096],[-71.699,19.096],[-71.699,19.093],[-71.698,19.092],[-71.698,19.091],[-71.697,19.09],[-71.697,19.087],[-71.699,19.087],[-71.7,19.086],[-71.701,19.085],[-71.703,19.085],[-71.703,19.084],[-71.704,19.084],[-71.705,19.085],[-71.711,19.085],[-71.711,19.084],[-71.712,19.084],[-71.712,19.078],[-71.71,19.078],[-71.71,19.077],[-71.708,19.077],[-71.708,19.076],[-71.702,19.076],[-71.702,19.074],[-71.701,19.073],[-71.702,19.073],[-71.702,19.072],[-71.703,19.072],[-71.703,19.071],[-71.704,19.07],[-71.705,19.07],[-71.706,19.069],[-71.707,19.068],[-71.708,19.068],[-71.709,19.067],[-71.71,19.067],[-71.71,19.07],[-71.713,19.07],[-71.714,19.071],[-71.715,19.071],[-71.716,19.07],[-71.718,19.069],[-71.719,19.068],[-71.72,19.067],[-71.72,19.066],[-71.721,19.065],[-71.72,19.064],[-71.719,19.064],[-71.718,19.063],[-71.716,19.063],[-71.716,19.06],[-71.717,19.059],[-71.718,19.058],[-71.718,19.059],[-71.719,19.059],[-71.72,19.06],[-71.721,19.059],[-71.722,19.058],[-71.722,19.055],[-71.723,19.054],[-71.724,19.053],[-71.726,19.053],[-71.727,19.052],[-71.728,19.052],[-71.729,19.051],[-71.73,19.05],[-71.737,19.05],[-71.738,19.049],[-71.738,19.048],[-71.737,19.047],[-71.738,19.046],[-71.738,19.045],[-71.739,19.044],[-71.74,19.044],[-71.741,19.043],[-71.742,19.043],[-71.743,19.044],[-71.743,19.045],[-71.744,19.045],[-71.745,19.046],[-71.747,19.046],[-71.748,19.047],[-71.752,19.047],[-71.752,19.046],[-71.753,19.046],[-71.753,19.044],[-71.754,19.044],[-71.754,19.042],[-71.755,19.041],[-71.756,19.041],[-71.758,19.04],[-71.759,19.039],[-71.76,19.038],[-71.761,19.038],[-71.762,19.037],[-71.762,19.036],[-71.763,19.036],[-71.763,19.034],[-71.762,19.032],[-71.761,19.032],[-71.761,19.031],[-71.76,19.031],[-71.76,19.029],[-71.761,19.028],[-71.761,19.027],[-71.762,19.027],[-71.764,19.026],[-71.765,19.026],[-71.766,19.027],[-71.767,19.029],[-71.767,19.031],[-71.768,19.032],[-71.77,19.032],[-71.771,19.031],[-71.772,19.031],[-71.772,19.029],[-71.773,19.028],[-71.774,19.028],[-71.774,19.027],[-71.775,19.027],[-71.775,19.026],[-71.776,19.025],[-71.777,19.024],[-71.777,19.023],[-71.778,19.023],[-71.779,19.022],[-71.779,19.021],[-71.78,19.021],[-71.781,19.02],[-71.781,19.019],[-71.782,19.019],[-71.782,19.016],[-71.777,19.016],[-71.777,19.015],[-71.776,19.014],[-71.776,19.013],[-71.778,19.011],[-71.783,19.011],[-71.784,19.012],[-71.786,19.012],[-71.786,19.011],[-71.787,19.011],[-71.788,19.01],[-71.79,19.009],[-71.79,19.008],[-71.791,19.007],[-71.791,19],[-71.789,19],[-71.788,18.999],[-71.787,18.998],[-71.787,18.996],[-71.788,18.995],[-71.788,18.994],[-71.789,18.993],[-71.792,18.993],[-71.793,18.994],[-71.794,18.994],[-71.795,18.995],[-71.798,18.995],[-71.798,18.997],[-71.797,18.998],[-71.796,19],[-71.796,19.003],[-71.797,19.004],[-71.798,19.005],[-71.803,19.005],[-71.804,19.004],[-71.805,19.004],[-71.805,18.999],[-71.807,18.999],[-71.809,18.998],[-71.81,18.998],[-71.812,18.997],[-71.813,18.997],[-71.814,18.996],[-71.816,18.996],[-71.818,18.997],[-71.819,18.997],[-71.82,18.996],[-71.821,18.996],[-71.822,18.995],[-71.823,18.995],[-71.824,18.994],[-71.828,18.994],[-71.829,18.995],[-71.829,18.999],[-71.83,19],[-71.83,19.004],[-71.831,19.005],[-71.832,19.005],[-71.832,19.006],[-71.833,19.006],[-71.834,19.005],[-71.834,19.001],[-71.837,19.001],[-71.837,19],[-71.842,19],[-71.842,18.999],[-71.843,18.997],[-71.843,18.993],[-71.844,18.992],[-71.844,18.991],[-71.845,18.991],[-71.846,18.992],[-71.849,18.992],[-71.85,18.993],[-71.852,18.993],[-71.853,18.992],[-71.852,18.991],[-71.852,18.989],[-71.851,18.988],[-71.851,18.987],[-71.852,18.987],[-71.853,18.986],[-71.854,18.985],[-71.855,18.984],[-71.856,18.983],[-71.856,18.977],[-71.862,18.977],[-71.863,18.978],[-71.863,18.983],[-71.864,18.984],[-71.865,18.983],[-71.866,18.983],[-71.867,18.982],[-71.868,18.981],[-71.869,18.981],[-71.869,18.98],[-71.868,18.979],[-71.868,18.977],[-71.867,18.977],[-71.867,18.976],[-71.868,18.975],[-71.869,18.974],[-71.87,18.974],[-71.872,18.973],[-71.873,18.973],[-71.874,18.972],[-71.875,18.971],[-71.877,18.971],[-71.877,18.969],[-71.876,18.967],[-71.875,18.966],[-71.874,18.965],[-71.874,18.962],[-71.875,18.96],[-71.875,18.958],[-71.876,18.957],[-71.878,18.957],[-71.88,18.956],[-71.881,18.957],[-71.882,18.957],[-71.883,18.958],[-71.883,18.959],[-71.884,18.959],[-71.884,18.96],[-71.886,18.96],[-71.887,18.959],[-71.887,18.958]],[[-71.63,18.877],[-71.629,18.877],[-71.629,18.876],[-71.63,18.876],[-71.63,18.877]],[[-71.526,19.266],[-71.526,19.265],[-71.527,19.266],[-71.526,19.266]],[[-71.636,19.232],[-71.635,19.232],[-71.635,19.231],[-71.636,19.231],[-71.636,19.232]]],[[[-71.646,19.156],[-71.645,19.156],[-71.645,19.157],[-71.646,19.157],[-71.646,19.156]]],[[[-71.48,19.254],[-71.479,19.254],[-71.479,19.255],[-71.48,19.255],[-71.48,19.254]]]]}},{"type":"Feature","properties":{"shapeName":"Independencia","provinceKey":"independencia","shapeType":"ADM1"},"geometry":{"type":"MultiPolygon","coordinates":[[[[-72.011,18.622],[-72.01,18.621],[-72.009,18.62],[-72.009,18.621],[-72.008,18.621],[-72.008,18.619],[-72.007,18.618],[-72.005,18.618],[-72.005,18.616],[-72.004,18.615],[-72.001,18.615],[-72.001,18.617],[-72,18.617],[-71.999,18.618],[-71.997,18.618],[-71.997,18.617],[-71.995,18.617],[-71.994,18.616],[-71.991,18.616],[-71.99,18.617],[-71.988,18.615],[-71.986,18.615],[-71.986,18.616],[-71.985,18.616],[-71.984,18.615],[-71.984,18.614],[-71.983,18.614],[-71.982,18.613],[-71.982,18.612],[-71.981,18.611],[-71.98,18.61],[-71.98,18.609],[-71.979,18.608],[-71.979,18.607],[-71.978,18.605],[-71.976,18.605],[-71.975,18.604],[-71.974,18.604],[-71.972,18.606],[-71.972,18.605],[-71.968,18.605],[-71.968,18.606],[-71.967,18.606],[-71.966,18.605],[-71.965,18.604],[-71.964,18.603],[-71.964,18.6],[-71.963,18.599],[-71.963,18.597],[-71.962,18.596],[-71.962,18.594],[-71.961,18.594],[-71.961,18.593],[-71.96,18.592],[-71.959,18.591],[-71.959,18.59],[-71.958,18.589],[-71.957,18.588],[-71.957,18.587],[-71.955,18.586],[-71.954,18.586],[-71.952,18.585],[-71.953,18.574],[-71.911,18.533],[-71.881,18.503],[-71.881,18.489],[-71.914,18.484],[-71.904,18.456],[-71.881,18.447],[-71.88,18.447],[-71.876,18.445],[-71.867,18.439],[-71.849,18.431],[-71.845,18.429],[-71.839,18.419],[-71.837,18.415],[-71.829,18.398],[-71.82,18.398],[-71.809,18.394],[-71.804,18.392],[-71.806,18.389],[-71.803,18.385],[-71.798,18.38],[-71.795,18.377],[-71.761,18.365],[-71.752,18.361],[-71.743,18.358],[-71.709,18.346],[-71.696,18.341],[-71.719,18.303],[-71.718,18.302],[-71.716,18.302],[-71.715,18.301],[-71.713,18.3],[-71.709,18.298],[-71.705,18.295],[-71.702,18.292],[-71.697,18.288],[-71.695,18.286],[-71.69,18.283],[-71.688,18.282],[-71.688,18.281],[-71.687,18.281],[-71.686,18.28],[-71.684,18.278],[-71.682,18.276],[-71.681,18.274],[-71.68,18.273],[-71.678,18.269],[-71.676,18.267],[-71.675,18.266],[-71.673,18.264],[-71.671,18.263],[-71.668,18.26],[-71.667,18.26],[-71.667,18.259],[-71.664,18.257],[-71.663,18.256],[-71.661,18.255],[-71.658,18.253],[-71.657,18.252],[-71.656,18.252],[-71.654,18.251],[-71.653,18.251],[-71.653,18.25],[-71.652,18.25],[-71.652,18.249],[-71.651,18.249],[-71.649,18.247],[-71.648,18.247],[-71.647,18.246],[-71.645,18.245],[-71.644,18.245],[-71.643,18.244],[-71.642,18.244],[-71.642,18.243],[-71.64,18.241],[-71.639,18.241],[-71.639,18.24],[-71.637,18.239],[-71.636,18.239],[-71.635,18.238],[-71.633,18.238],[-71.629,18.236],[-71.624,18.234],[-71.619,18.232],[-71.617,18.232],[-71.616,18.231],[-71.615,18.231],[-71.612,18.23],[-71.611,18.229],[-71.61,18.229],[-71.609,18.228],[-71.605,18.227],[-71.603,18.226],[-71.602,18.226],[-71.601,18.225],[-71.6,18.225],[-71.598,18.224],[-71.594,18.224],[-71.592,18.223],[-71.587,18.223],[-71.585,18.222],[-71.584,18.222],[-71.583,18.221],[-71.581,18.221],[-71.579,18.22],[-71.576,18.22],[-71.571,18.218],[-71.57,18.218],[-71.565,18.216],[-71.56,18.214],[-71.557,18.213],[-71.553,18.211],[-71.55,18.209],[-71.548,18.209],[-71.547,18.208],[-71.545,18.207],[-71.544,18.206],[-71.542,18.205],[-71.538,18.203],[-71.537,18.202],[-71.534,18.2],[-71.533,18.199],[-71.532,18.198],[-71.531,18.197],[-71.528,18.196],[-71.522,18.193],[-71.516,18.189],[-71.515,18.188],[-71.514,18.187],[-71.513,18.187],[-71.512,18.186],[-71.51,18.184],[-71.508,18.183],[-71.508,18.182],[-71.504,18.178],[-71.503,18.178],[-71.503,18.177],[-71.502,18.177],[-71.502,18.176],[-71.501,18.176],[-71.5,18.175],[-71.5,18.174],[-71.499,18.174],[-71.498,18.173],[-71.497,18.173],[-71.496,18.172],[-71.495,18.171],[-71.494,18.171],[-71.494,18.169],[-71.495,18.168],[-71.495,18.167],[-71.494,18.167],[-71.494,18.166],[-71.493,18.166],[-71.492,18.165],[-71.489,18.163],[-71.488,18.163],[-71.484,18.159],[-71.482,18.158],[-71.481,18.156],[-71.481,18.162],[-71.482,18.164],[-71.481,18.165],[-71.481,18.166],[-71.48,18.167],[-71.48,18.168],[-71.479,18.168],[-71.478,18.169],[-71.478,18.172],[-71.479,18.174],[-71.479,18.176],[-71.478,18.178],[-71.478,18.181],[-71.477,18.181],[-71.477,18.183],[-71.476,18.183],[-71.476,18.184],[-71.475,18.184],[-71.475,18.186],[-71.474,18.186],[-71.474,18.188],[-71.473,18.188],[-71.473,18.189],[-71.472,18.189],[-71.472,18.19],[-71.471,18.191],[-71.47,18.191],[-71.469,18.19],[-71.467,18.19],[-71.466,18.189],[-71.465,18.19],[-71.464,18.189],[-71.462,18.189],[-71.461,18.19],[-71.459,18.19],[-71.459,18.191],[-71.458,18.192],[-71.458,18.193],[-71.457,18.193],[-71.456,18.192],[-71.455,18.192],[-71.454,18.193],[-71.453,18.194],[-71.453,18.195],[-71.452,18.195],[-71.452,18.196],[-71.451,18.196],[-71.45,18.197],[-71.45,18.2],[-71.447,18.2],[-71.447,18.201],[-71.446,18.2],[-71.444,18.199],[-71.444,18.198],[-71.443,18.198],[-71.443,18.197],[-71.44,18.197],[-71.44,18.196],[-71.438,18.196],[-71.438,18.197],[-71.437,18.198],[-71.435,18.198],[-71.434,18.199],[-71.434,18.2],[-71.433,18.2],[-71.432,18.198],[-71.431,18.198],[-71.431,18.199],[-71.43,18.199],[-71.429,18.198],[-71.429,18.199],[-71.428,18.199],[-71.428,18.198],[-71.422,18.198],[-71.422,18.197],[-71.416,18.197],[-71.416,18.196],[-71.415,18.196],[-71.415,18.195],[-71.412,18.195],[-71.412,18.194],[-71.411,18.194],[-71.411,18.193],[-71.41,18.193],[-71.409,18.192],[-71.406,18.192],[-71.405,18.191],[-71.402,18.191],[-71.402,18.19],[-71.401,18.19],[-71.401,18.191],[-71.4,18.191],[-71.4,18.19],[-71.396,18.19],[-71.396,18.189],[-71.397,18.188],[-71.397,18.187],[-71.396,18.187],[-71.395,18.188],[-71.394,18.188],[-71.394,18.186],[-71.392,18.186],[-71.392,18.187],[-71.391,18.186],[-71.39,18.185],[-71.39,18.184],[-71.389,18.184],[-71.388,18.185],[-71.387,18.185],[-71.386,18.186],[-71.385,18.186],[-71.385,18.188],[-71.384,18.188],[-71.384,18.189],[-71.383,18.189],[-71.384,18.19],[-71.386,18.19],[-71.385,18.191],[-71.385,18.194],[-71.384,18.195],[-71.386,18.195],[-71.386,18.198],[-71.384,18.198],[-71.384,18.199],[-71.386,18.199],[-71.386,18.2],[-71.387,18.2],[-71.387,18.206],[-71.388,18.206],[-71.388,18.204],[-71.39,18.204],[-71.39,18.205],[-71.389,18.206],[-71.389,18.208],[-71.388,18.208],[-71.388,18.209],[-71.387,18.21],[-71.386,18.21],[-71.386,18.209],[-71.385,18.209],[-71.385,18.213],[-71.386,18.213],[-71.386,18.214],[-71.385,18.215],[-71.385,18.217],[-71.384,18.217],[-71.384,18.218],[-71.383,18.219],[-71.382,18.219],[-71.382,18.22],[-71.381,18.221],[-71.381,18.222],[-71.38,18.222],[-71.38,18.223],[-71.379,18.223],[-71.379,18.224],[-71.378,18.224],[-71.378,18.226],[-71.379,18.226],[-71.379,18.228],[-71.378,18.228],[-71.378,18.23],[-71.377,18.23],[-71.377,18.234],[-71.378,18.235],[-71.378,18.236],[-71.379,18.237],[-71.379,18.238],[-71.38,18.239],[-71.38,18.24],[-71.381,18.24],[-71.38,18.241],[-71.38,18.244],[-71.379,18.245],[-71.379,18.247],[-71.378,18.249],[-71.378,18.252],[-71.377,18.252],[-71.377,18.257],[-71.376,18.257],[-71.376,18.259],[-71.375,18.259],[-71.375,18.261],[-71.374,18.261],[-71.374,18.262],[-71.373,18.263],[-71.372,18.263],[-71.37,18.264],[-71.373,18.266],[-71.376,18.267],[-71.377,18.268],[-71.378,18.268],[-71.379,18.269],[-71.38,18.27],[-71.381,18.271],[-71.382,18.271],[-71.383,18.272],[-71.385,18.274],[-71.387,18.273],[-71.387,18.274],[-71.388,18.274],[-71.389,18.275],[-71.391,18.277],[-71.392,18.278],[-71.392,18.279],[-71.391,18.279],[-71.391,18.282],[-71.39,18.282],[-71.389,18.283],[-71.39,18.283],[-71.389,18.284],[-71.388,18.285],[-71.387,18.286],[-71.386,18.287],[-71.385,18.288],[-71.385,18.292],[-71.378,18.292],[-71.378,18.293],[-71.375,18.293],[-71.374,18.292],[-71.373,18.292],[-71.373,18.293],[-71.372,18.293],[-71.372,18.294],[-71.37,18.295],[-71.369,18.295],[-71.369,18.297],[-71.368,18.297],[-71.367,18.296],[-71.362,18.296],[-71.362,18.297],[-71.361,18.297],[-71.361,18.298],[-71.36,18.298],[-71.36,18.3],[-71.359,18.3],[-71.359,18.301],[-71.358,18.301],[-71.358,18.302],[-71.357,18.302],[-71.357,18.304],[-71.355,18.304],[-71.355,18.303],[-71.353,18.301],[-71.353,18.3],[-71.352,18.3],[-71.351,18.299],[-71.348,18.299],[-71.347,18.297],[-71.346,18.297],[-71.346,18.295],[-71.345,18.294],[-71.345,18.293],[-71.342,18.291],[-71.341,18.291],[-71.34,18.29],[-71.337,18.288],[-71.333,18.286],[-71.331,18.285],[-71.328,18.284],[-71.326,18.283],[-71.323,18.282],[-71.32,18.282],[-71.319,18.281],[-71.317,18.281],[-71.313,18.28],[-71.309,18.28],[-71.309,18.279],[-71.308,18.279],[-71.308,18.28],[-71.289,18.28],[-71.286,18.279],[-71.283,18.279],[-71.281,18.28],[-71.277,18.28],[-71.272,18.281],[-71.268,18.282],[-71.266,18.282],[-71.26,18.284],[-71.255,18.285],[-71.253,18.286],[-71.232,18.286],[-71.221,18.287],[-71.216,18.288],[-71.214,18.288],[-71.214,18.289],[-71.216,18.293],[-71.216,18.295],[-71.215,18.295],[-71.215,18.296],[-71.216,18.297],[-71.217,18.298],[-71.217,18.299],[-71.218,18.3],[-71.217,18.301],[-71.217,18.302],[-71.218,18.303],[-71.219,18.304],[-71.22,18.304],[-71.22,18.305],[-71.222,18.305],[-71.222,18.306],[-71.23,18.306],[-71.231,18.307],[-71.236,18.307],[-71.236,18.308],[-71.237,18.309],[-71.237,18.312],[-71.236,18.312],[-71.236,18.314],[-71.235,18.315],[-71.234,18.317],[-71.233,18.317],[-71.231,18.319],[-71.23,18.32],[-71.229,18.32],[-71.228,18.321],[-71.225,18.321],[-71.224,18.322],[-71.222,18.322],[-71.222,18.323],[-71.22,18.323],[-71.22,18.325],[-71.217,18.325],[-71.216,18.326],[-71.215,18.326],[-71.215,18.327],[-71.214,18.327],[-71.213,18.326],[-71.212,18.326],[-71.215,18.328],[-71.217,18.33],[-71.219,18.331],[-71.22,18.332],[-71.223,18.332],[-71.223,18.333],[-71.224,18.333],[-71.225,18.334],[-71.226,18.335],[-71.227,18.336],[-71.229,18.337],[-71.23,18.337],[-71.231,18.336],[-71.236,18.336],[-71.237,18.337],[-71.24,18.337],[-71.241,18.338],[-71.245,18.338],[-71.245,18.339],[-71.246,18.339],[-71.246,18.34],[-71.247,18.34],[-71.247,18.341],[-71.248,18.342],[-71.248,18.343],[-71.249,18.343],[-71.249,18.345],[-71.25,18.345],[-71.25,18.346],[-71.251,18.347],[-71.252,18.348],[-71.252,18.349],[-71.253,18.349],[-71.253,18.35],[-71.254,18.35],[-71.254,18.351],[-71.256,18.351],[-71.256,18.352],[-71.257,18.352],[-71.257,18.355],[-71.258,18.355],[-71.258,18.356],[-71.26,18.356],[-71.26,18.357],[-71.261,18.357],[-71.261,18.358],[-71.26,18.358],[-71.26,18.36],[-71.261,18.361],[-71.261,18.362],[-71.26,18.362],[-71.26,18.366],[-71.261,18.366],[-71.261,18.365],[-71.266,18.365],[-71.266,18.366],[-71.272,18.366],[-71.272,18.367],[-71.273,18.368],[-71.273,18.369],[-71.27,18.369],[-71.27,18.37],[-71.269,18.37],[-71.269,18.372],[-71.268,18.372],[-71.268,18.374],[-71.269,18.374],[-71.269,18.375],[-71.27,18.375],[-71.27,18.377],[-71.269,18.377],[-71.269,18.381],[-71.268,18.381],[-71.268,18.383],[-71.269,18.384],[-71.27,18.384],[-71.27,18.386],[-71.272,18.386],[-71.272,18.387],[-71.273,18.387],[-71.273,18.389],[-71.275,18.389],[-71.275,18.388],[-71.276,18.388],[-71.276,18.389],[-71.277,18.389],[-71.277,18.394],[-71.278,18.394],[-71.278,18.395],[-71.279,18.395],[-71.279,18.396],[-71.28,18.396],[-71.28,18.398],[-71.281,18.398],[-71.281,18.399],[-71.282,18.399],[-71.282,18.4],[-71.285,18.404],[-71.287,18.406],[-71.291,18.41],[-71.293,18.413],[-71.297,18.419],[-71.321,18.419],[-71.322,18.418],[-71.322,18.416],[-71.323,18.415],[-71.334,18.41],[-71.34,18.407],[-71.347,18.404],[-71.352,18.401],[-71.355,18.4],[-71.356,18.4],[-71.362,18.397],[-71.371,18.393],[-71.371,18.392],[-71.372,18.39],[-71.374,18.388],[-71.375,18.386],[-71.375,18.385],[-71.376,18.384],[-71.379,18.384],[-71.386,18.382],[-71.387,18.382],[-71.404,18.377],[-71.406,18.377],[-71.409,18.376],[-71.41,18.375],[-71.411,18.374],[-71.411,18.375],[-71.413,18.375],[-71.413,18.376],[-71.414,18.376],[-71.414,18.375],[-71.415,18.375],[-71.415,18.378],[-71.416,18.379],[-71.416,18.38],[-71.417,18.38],[-71.417,18.382],[-71.418,18.382],[-71.418,18.383],[-71.419,18.383],[-71.419,18.385],[-71.418,18.385],[-71.418,18.388],[-71.417,18.389],[-71.417,18.393],[-71.418,18.393],[-71.418,18.394],[-71.419,18.395],[-71.42,18.396],[-71.42,18.398],[-71.421,18.398],[-71.421,18.4],[-71.423,18.4],[-71.423,18.399],[-71.424,18.399],[-71.425,18.4],[-71.425,18.402],[-71.427,18.402],[-71.427,18.403],[-71.428,18.403],[-71.428,18.404],[-71.429,18.404],[-71.429,18.406],[-71.43,18.406],[-71.43,18.408],[-71.431,18.409],[-71.431,18.41],[-71.433,18.41],[-71.434,18.411],[-71.435,18.411],[-71.435,18.412],[-71.436,18.412],[-71.436,18.414],[-71.437,18.414],[-71.437,18.415],[-71.438,18.415],[-71.438,18.416],[-71.439,18.416],[-71.439,18.417],[-71.44,18.417],[-71.44,18.418],[-71.441,18.418],[-71.441,18.419],[-71.445,18.419],[-71.445,18.418],[-71.446,18.419],[-71.451,18.419],[-71.451,18.418],[-71.455,18.418],[-71.456,18.419],[-71.459,18.419],[-71.459,18.42],[-71.46,18.42],[-71.46,18.421],[-71.459,18.421],[-71.459,18.423],[-71.458,18.424],[-71.458,18.427],[-71.459,18.427],[-71.459,18.428],[-71.46,18.428],[-71.46,18.429],[-71.461,18.429],[-71.461,18.43],[-71.463,18.43],[-71.463,18.431],[-71.465,18.431],[-71.465,18.432],[-71.466,18.432],[-71.466,18.431],[-71.468,18.431],[-71.468,18.433],[-71.469,18.433],[-71.469,18.434],[-71.471,18.434],[-71.471,18.435],[-71.474,18.435],[-71.475,18.436],[-71.476,18.436],[-71.476,18.438],[-71.477,18.438],[-71.477,18.439],[-71.479,18.439],[-71.479,18.44],[-71.48,18.44],[-71.48,18.441],[-71.483,18.442],[-71.483,18.441],[-71.484,18.441],[-71.484,18.44],[-71.485,18.44],[-71.485,18.439],[-71.484,18.439],[-71.484,18.436],[-71.486,18.436],[-71.487,18.435],[-71.488,18.435],[-71.488,18.434],[-71.487,18.434],[-71.487,18.432],[-71.493,18.433],[-71.497,18.434],[-71.515,18.442],[-71.52,18.444],[-71.556,18.461],[-71.568,18.466],[-71.581,18.472],[-71.587,18.474],[-71.617,18.488],[-71.627,18.492],[-71.628,18.498],[-71.635,18.53],[-71.633,18.532],[-71.632,18.533],[-71.632,18.534],[-71.631,18.534],[-71.631,18.535],[-71.628,18.535],[-71.628,18.537],[-71.627,18.537],[-71.627,18.539],[-71.626,18.539],[-71.626,18.541],[-71.625,18.541],[-71.624,18.542],[-71.624,18.543],[-71.622,18.543],[-71.622,18.545],[-71.621,18.545],[-71.621,18.546],[-71.622,18.547],[-71.621,18.547],[-71.621,18.551],[-71.62,18.551],[-71.62,18.553],[-71.619,18.553],[-71.619,18.555],[-71.618,18.555],[-71.618,18.559],[-71.617,18.559],[-71.617,18.56],[-71.616,18.56],[-71.616,18.564],[-71.615,18.564],[-71.615,18.565],[-71.616,18.565],[-71.616,18.566],[-71.615,18.566],[-71.616,18.567],[-71.615,18.567],[-71.615,18.568],[-71.614,18.569],[-71.614,18.57],[-71.613,18.57],[-71.613,18.576],[-71.614,18.577],[-71.614,18.581],[-71.613,18.581],[-71.613,18.583],[-71.612,18.584],[-71.612,18.588],[-71.611,18.588],[-71.611,18.59],[-71.61,18.591],[-71.61,18.592],[-71.609,18.592],[-71.609,18.593],[-71.608,18.594],[-71.608,18.595],[-71.607,18.596],[-71.607,18.597],[-71.606,18.597],[-71.606,18.598],[-71.605,18.598],[-71.604,18.599],[-71.602,18.599],[-71.6,18.6],[-71.599,18.601],[-71.598,18.602],[-71.598,18.603],[-71.595,18.606],[-71.594,18.608],[-71.594,18.611],[-71.595,18.612],[-71.595,18.614],[-71.596,18.616],[-71.597,18.617],[-71.598,18.619],[-71.599,18.62],[-71.601,18.621],[-71.604,18.622],[-71.607,18.624],[-71.608,18.625],[-71.609,18.626],[-71.609,18.632],[-71.608,18.633],[-71.608,18.635],[-71.595,18.635],[-71.593,18.634],[-71.586,18.634],[-71.585,18.635],[-71.58,18.635],[-71.579,18.636],[-71.578,18.636],[-71.578,18.637],[-71.576,18.638],[-71.576,18.64],[-71.575,18.641],[-71.575,18.644],[-71.574,18.645],[-71.574,18.646],[-71.573,18.648],[-71.573,18.649],[-71.572,18.649],[-71.572,18.651],[-71.571,18.654],[-71.57,18.654],[-71.57,18.656],[-71.573,18.655],[-71.581,18.655],[-71.582,18.656],[-71.585,18.656],[-71.586,18.657],[-71.588,18.657],[-71.589,18.658],[-71.59,18.659],[-71.592,18.659],[-71.593,18.66],[-71.594,18.66],[-71.595,18.661],[-71.596,18.661],[-71.596,18.662],[-71.61,18.662],[-71.61,18.663],[-71.611,18.664],[-71.612,18.665],[-71.613,18.665],[-71.614,18.666],[-71.616,18.666],[-71.617,18.667],[-71.618,18.667],[-71.619,18.666],[-71.623,18.666],[-71.625,18.665],[-71.632,18.665],[-71.634,18.666],[-71.635,18.666],[-71.636,18.665],[-71.638,18.665],[-71.639,18.664],[-71.664,18.664],[-71.666,18.665],[-71.669,18.665],[-71.669,18.666],[-71.681,18.666],[-71.683,18.665],[-71.683,18.666],[-71.692,18.666],[-71.693,18.667],[-71.693,18.668],[-71.696,18.668],[-71.697,18.669],[-71.699,18.669],[-71.7,18.67],[-71.703,18.67],[-71.704,18.671],[-71.708,18.671],[-71.708,18.672],[-71.713,18.672],[-71.713,18.673],[-71.714,18.673],[-71.715,18.674],[-71.716,18.674],[-71.716,18.675],[-71.718,18.675],[-71.719,18.676],[-71.728,18.676],[-71.73,18.678],[-71.731,18.678],[-71.731,18.679],[-71.733,18.679],[-71.734,18.68],[-71.74,18.68],[-71.741,18.679],[-71.741,18.68],[-71.744,18.68],[-71.747,18.681],[-71.75,18.682],[-71.75,18.683],[-71.753,18.683],[-71.754,18.682],[-71.755,18.682],[-71.755,18.681],[-71.756,18.68],[-71.758,18.68],[-71.758,18.679],[-71.761,18.679],[-71.762,18.678],[-71.763,18.677],[-71.764,18.677],[-71.765,18.676],[-71.766,18.676],[-71.767,18.675],[-71.769,18.675],[-71.769,18.674],[-71.77,18.674],[-71.771,18.675],[-71.774,18.675],[-71.775,18.676],[-71.776,18.676],[-71.777,18.675],[-71.783,18.675],[-71.785,18.674],[-71.786,18.674],[-71.787,18.673],[-71.791,18.673],[-71.791,18.67],[-71.792,18.67],[-71.792,18.669],[-71.793,18.669],[-71.794,18.67],[-71.797,18.67],[-71.798,18.669],[-71.801,18.669],[-71.802,18.668],[-71.804,18.668],[-71.808,18.662],[-71.809,18.662],[-71.809,18.652],[-71.808,18.649],[-71.807,18.647],[-71.807,18.635],[-71.809,18.635],[-71.81,18.634],[-71.812,18.634],[-71.812,18.633],[-71.813,18.632],[-71.813,18.631],[-71.815,18.63],[-71.817,18.631],[-71.82,18.631],[-71.828,18.633],[-71.83,18.631],[-71.835,18.629],[-71.844,18.629],[-71.847,18.631],[-71.849,18.633],[-71.85,18.634],[-71.852,18.635],[-71.854,18.636],[-71.855,18.636],[-71.855,18.635],[-71.857,18.635],[-71.858,18.636],[-71.859,18.636],[-71.859,18.637],[-71.862,18.636],[-71.864,18.636],[-71.865,18.637],[-71.868,18.637],[-71.869,18.638],[-71.87,18.636],[-71.871,18.632],[-71.873,18.628],[-71.877,18.628],[-71.879,18.627],[-71.88,18.627],[-71.881,18.628],[-71.881,18.629],[-71.882,18.631],[-71.882,18.632],[-71.883,18.633],[-71.883,18.634],[-71.884,18.635],[-71.885,18.636],[-71.887,18.638],[-71.891,18.64],[-71.893,18.642],[-71.896,18.643],[-71.897,18.644],[-71.899,18.645],[-71.901,18.647],[-71.904,18.648],[-71.913,18.648],[-71.914,18.646],[-71.915,18.646],[-71.918,18.643],[-71.919,18.641],[-71.924,18.635],[-71.928,18.635],[-71.928,18.636],[-71.93,18.636],[-71.931,18.637],[-71.935,18.64],[-71.941,18.644],[-71.943,18.646],[-71.944,18.647],[-71.947,18.648],[-71.949,18.65],[-71.951,18.65],[-71.953,18.651],[-71.955,18.651],[-71.958,18.652],[-71.959,18.652],[-71.962,18.653],[-71.964,18.655],[-71.966,18.656],[-71.969,18.654],[-71.97,18.652],[-71.976,18.65],[-71.978,18.648],[-71.98,18.646],[-71.982,18.644],[-71.983,18.643],[-71.984,18.641],[-71.986,18.641],[-71.986,18.638],[-71.987,18.638],[-71.986,18.636],[-71.986,18.635],[-71.987,18.635],[-71.988,18.634],[-71.989,18.634],[-71.99,18.633],[-71.991,18.633],[-71.992,18.632],[-71.996,18.632],[-71.998,18.631],[-71.999,18.63],[-72,18.629],[-72.001,18.629],[-72.002,18.628],[-72.003,18.627],[-72.004,18.626],[-72.006,18.626],[-72.008,18.625],[-72.009,18.625],[-72.01,18.624],[-72.01,18.623],[-72.011,18.622]],[[-71.355,18.4],[-71.347,18.37],[-71.355,18.399],[-71.355,18.4]]],[[[-72.003,18.614],[-72.002,18.614],[-72.003,18.615],[-72.003,18.614]]],[[[-71.386,18.202],[-71.385,18.202],[-71.385,18.203],[-71.386,18.203],[-71.386,18.202]]]]}},{"type":"Feature","properties":{"shapeName":"Baoruco","provinceKey":"baoruco","shapeType":"ADM1"},"geometry":{"type":"MultiPolygon","coordinates":[[[[-71.635,18.53],[-71.628,18.498],[-71.627,18.492],[-71.617,18.488],[-71.587,18.474],[-71.581,18.472],[-71.568,18.466],[-71.52,18.444],[-71.497,18.434],[-71.493,18.433],[-71.487,18.432],[-71.487,18.434],[-71.488,18.434],[-71.488,18.435],[-71.487,18.435],[-71.486,18.436],[-71.484,18.436],[-71.484,18.439],[-71.485,18.439],[-71.485,18.44],[-71.484,18.44],[-71.484,18.441],[-71.483,18.441],[-71.483,18.442],[-71.48,18.441],[-71.48,18.44],[-71.479,18.44],[-71.479,18.439],[-71.477,18.439],[-71.477,18.438],[-71.476,18.438],[-71.476,18.436],[-71.475,18.436],[-71.474,18.435],[-71.471,18.435],[-71.471,18.434],[-71.469,18.434],[-71.469,18.433],[-71.468,18.433],[-71.468,18.431],[-71.466,18.431],[-71.466,18.432],[-71.465,18.432],[-71.465,18.431],[-71.463,18.431],[-71.463,18.43],[-71.461,18.43],[-71.461,18.429],[-71.46,18.429],[-71.46,18.428],[-71.459,18.428],[-71.459,18.427],[-71.458,18.427],[-71.458,18.424],[-71.459,18.423],[-71.459,18.421],[-71.46,18.421],[-71.46,18.42],[-71.459,18.42],[-71.459,18.419],[-71.456,18.419],[-71.455,18.418],[-71.451,18.418],[-71.451,18.419],[-71.446,18.419],[-71.445,18.418],[-71.445,18.419],[-71.441,18.419],[-71.441,18.418],[-71.44,18.418],[-71.44,18.417],[-71.439,18.417],[-71.439,18.416],[-71.438,18.416],[-71.438,18.415],[-71.437,18.415],[-71.437,18.414],[-71.436,18.414],[-71.436,18.412],[-71.435,18.412],[-71.435,18.411],[-71.434,18.411],[-71.433,18.41],[-71.431,18.41],[-71.431,18.409],[-71.43,18.408],[-71.43,18.406],[-71.429,18.406],[-71.429,18.404],[-71.428,18.404],[-71.428,18.403],[-71.427,18.403],[-71.427,18.402],[-71.425,18.402],[-71.425,18.4],[-71.424,18.399],[-71.423,18.399],[-71.423,18.4],[-71.421,18.4],[-71.421,18.398],[-71.42,18.398],[-71.42,18.396],[-71.419,18.395],[-71.418,18.394],[-71.418,18.393],[-71.417,18.393],[-71.417,18.389],[-71.418,18.388],[-71.418,18.385],[-71.419,18.385],[-71.419,18.383],[-71.418,18.383],[-71.418,18.382],[-71.417,18.382],[-71.417,18.38],[-71.416,18.38],[-71.416,18.379],[-71.415,18.378],[-71.415,18.375],[-71.414,18.375],[-71.414,18.376],[-71.413,18.376],[-71.413,18.375],[-71.411,18.375],[-71.411,18.374],[-71.41,18.375],[-71.409,18.376],[-71.406,18.377],[-71.404,18.377],[-71.387,18.382],[-71.386,18.382],[-71.379,18.384],[-71.376,18.384],[-71.375,18.385],[-71.375,18.386],[-71.374,18.388],[-71.372,18.39],[-71.371,18.392],[-71.371,18.393],[-71.362,18.397],[-71.356,18.4],[-71.355,18.4],[-71.352,18.401],[-71.347,18.404],[-71.34,18.407],[-71.334,18.41],[-71.323,18.415],[-71.322,18.416],[-71.322,18.418],[-71.321,18.419],[-71.297,18.419],[-71.293,18.413],[-71.291,18.41],[-71.287,18.406],[-71.285,18.404],[-71.282,18.4],[-71.282,18.399],[-71.281,18.399],[-71.281,18.398],[-71.28,18.398],[-71.28,18.396],[-71.279,18.396],[-71.279,18.395],[-71.278,18.395],[-71.278,18.394],[-71.277,18.394],[-71.277,18.389],[-71.276,18.389],[-71.276,18.388],[-71.275,18.388],[-71.275,18.389],[-71.273,18.389],[-71.273,18.387],[-71.272,18.387],[-71.272,18.386],[-71.27,18.386],[-71.27,18.384],[-71.269,18.384],[-71.268,18.383],[-71.268,18.381],[-71.269,18.381],[-71.269,18.377],[-71.27,18.377],[-71.27,18.375],[-71.269,18.375],[-71.269,18.374],[-71.268,18.374],[-71.268,18.372],[-71.269,18.372],[-71.269,18.37],[-71.27,18.37],[-71.27,18.369],[-71.273,18.369],[-71.273,18.368],[-71.272,18.367],[-71.272,18.366],[-71.266,18.366],[-71.266,18.365],[-71.261,18.365],[-71.261,18.366],[-71.26,18.366],[-71.26,18.362],[-71.261,18.362],[-71.261,18.361],[-71.26,18.36],[-71.26,18.358],[-71.261,18.358],[-71.261,18.357],[-71.26,18.357],[-71.26,18.356],[-71.258,18.356],[-71.258,18.355],[-71.257,18.355],[-71.257,18.352],[-71.256,18.352],[-71.256,18.351],[-71.254,18.351],[-71.254,18.35],[-71.253,18.35],[-71.253,18.349],[-71.252,18.349],[-71.252,18.348],[-71.251,18.347],[-71.25,18.346],[-71.25,18.345],[-71.249,18.345],[-71.249,18.343],[-71.248,18.343],[-71.248,18.342],[-71.247,18.341],[-71.247,18.34],[-71.246,18.34],[-71.246,18.339],[-71.245,18.339],[-71.245,18.338],[-71.241,18.338],[-71.24,18.337],[-71.237,18.337],[-71.236,18.336],[-71.231,18.336],[-71.23,18.337],[-71.229,18.337],[-71.227,18.336],[-71.226,18.335],[-71.225,18.334],[-71.224,18.333],[-71.223,18.333],[-71.223,18.332],[-71.22,18.332],[-71.219,18.331],[-71.217,18.33],[-71.215,18.328],[-71.212,18.326],[-71.206,18.326],[-71.205,18.327],[-71.203,18.326],[-71.196,18.326],[-71.194,18.328],[-71.193,18.328],[-71.192,18.329],[-71.189,18.329],[-71.188,18.33],[-71.185,18.33],[-71.184,18.329],[-71.18,18.329],[-71.18,18.328],[-71.177,18.328],[-71.177,18.329],[-71.176,18.329],[-71.176,18.33],[-71.175,18.33],[-71.175,18.329],[-71.173,18.329],[-71.172,18.328],[-71.171,18.328],[-71.171,18.326],[-71.17,18.326],[-71.17,18.32],[-71.169,18.32],[-71.17,18.319],[-71.171,18.319],[-71.171,18.317],[-71.168,18.317],[-71.167,18.318],[-71.165,18.318],[-71.165,18.325],[-71.166,18.325],[-71.166,18.326],[-71.165,18.326],[-71.165,18.327],[-71.164,18.327],[-71.164,18.328],[-71.159,18.328],[-71.159,18.327],[-71.158,18.327],[-71.158,18.331],[-71.157,18.331],[-71.157,18.333],[-71.158,18.333],[-71.158,18.335],[-71.159,18.335],[-71.16,18.334],[-71.16,18.333],[-71.161,18.333],[-71.161,18.332],[-71.163,18.332],[-71.163,18.336],[-71.162,18.336],[-71.162,18.345],[-71.166,18.345],[-71.167,18.344],[-71.168,18.344],[-71.168,18.343],[-71.174,18.343],[-71.174,18.342],[-71.175,18.342],[-71.175,18.341],[-71.176,18.341],[-71.176,18.339],[-71.175,18.339],[-71.175,18.337],[-71.176,18.336],[-71.176,18.335],[-71.177,18.335],[-71.177,18.334],[-71.179,18.334],[-71.179,18.335],[-71.18,18.336],[-71.181,18.336],[-71.181,18.337],[-71.184,18.337],[-71.185,18.336],[-71.19,18.336],[-71.19,18.337],[-71.189,18.337],[-71.189,18.338],[-71.191,18.338],[-71.191,18.339],[-71.19,18.339],[-71.19,18.34],[-71.194,18.34],[-71.194,18.341],[-71.195,18.341],[-71.195,18.34],[-71.196,18.34],[-71.196,18.341],[-71.197,18.341],[-71.197,18.342],[-71.195,18.342],[-71.194,18.343],[-71.193,18.344],[-71.193,18.347],[-71.191,18.347],[-71.191,18.349],[-71.193,18.349],[-71.193,18.348],[-71.195,18.348],[-71.195,18.35],[-71.203,18.35],[-71.203,18.351],[-71.205,18.351],[-71.205,18.353],[-71.204,18.353],[-71.204,18.354],[-71.205,18.354],[-71.205,18.355],[-71.206,18.356],[-71.206,18.357],[-71.205,18.357],[-71.205,18.358],[-71.204,18.358],[-71.203,18.359],[-71.202,18.359],[-71.202,18.361],[-71.204,18.361],[-71.204,18.362],[-71.205,18.362],[-71.206,18.363],[-71.207,18.364],[-71.207,18.366],[-71.206,18.367],[-71.205,18.367],[-71.204,18.366],[-71.203,18.365],[-71.202,18.366],[-71.201,18.366],[-71.201,18.367],[-71.202,18.368],[-71.203,18.368],[-71.203,18.369],[-71.202,18.369],[-71.202,18.371],[-71.204,18.371],[-71.204,18.372],[-71.206,18.372],[-71.206,18.374],[-71.205,18.374],[-71.205,18.375],[-71.206,18.376],[-71.206,18.377],[-71.207,18.377],[-71.207,18.378],[-71.206,18.378],[-71.206,18.379],[-71.203,18.379],[-71.203,18.38],[-71.202,18.381],[-71.2,18.383],[-71.198,18.385],[-71.197,18.386],[-71.195,18.387],[-71.194,18.388],[-71.194,18.39],[-71.193,18.391],[-71.194,18.392],[-71.194,18.395],[-71.193,18.396],[-71.193,18.397],[-71.192,18.397],[-71.192,18.398],[-71.187,18.398],[-71.186,18.399],[-71.186,18.4],[-71.184,18.4],[-71.184,18.401],[-71.183,18.401],[-71.183,18.403],[-71.182,18.403],[-71.182,18.404],[-71.183,18.404],[-71.183,18.405],[-71.182,18.405],[-71.182,18.407],[-71.181,18.407],[-71.181,18.408],[-71.18,18.408],[-71.179,18.409],[-71.178,18.409],[-71.178,18.41],[-71.174,18.41],[-71.174,18.408],[-71.17,18.408],[-71.17,18.407],[-71.169,18.406],[-71.168,18.406],[-71.168,18.405],[-71.165,18.405],[-71.165,18.406],[-71.162,18.406],[-71.161,18.407],[-71.159,18.407],[-71.159,18.408],[-71.158,18.408],[-71.157,18.409],[-71.156,18.409],[-71.156,18.41],[-71.154,18.41],[-71.154,18.412],[-71.153,18.412],[-71.153,18.414],[-71.152,18.415],[-71.152,18.416],[-71.148,18.416],[-71.148,18.415],[-71.145,18.415],[-71.145,18.414],[-71.144,18.414],[-71.143,18.415],[-71.142,18.415],[-71.141,18.416],[-71.14,18.416],[-71.14,18.417],[-71.137,18.417],[-71.136,18.418],[-71.133,18.418],[-71.133,18.419],[-71.132,18.419],[-71.132,18.423],[-71.131,18.424],[-71.131,18.425],[-71.13,18.425],[-71.13,18.427],[-71.131,18.427],[-71.131,18.428],[-71.135,18.428],[-71.136,18.429],[-71.137,18.429],[-71.137,18.43],[-71.141,18.43],[-71.142,18.431],[-71.144,18.431],[-71.145,18.43],[-71.146,18.431],[-71.147,18.431],[-71.148,18.432],[-71.148,18.433],[-71.149,18.433],[-71.149,18.434],[-71.148,18.434],[-71.148,18.435],[-71.147,18.436],[-71.146,18.437],[-71.146,18.438],[-71.145,18.438],[-71.145,18.44],[-71.146,18.44],[-71.146,18.443],[-71.144,18.443],[-71.144,18.442],[-71.143,18.442],[-71.143,18.441],[-71.142,18.441],[-71.142,18.44],[-71.141,18.439],[-71.138,18.439],[-71.138,18.44],[-71.134,18.44],[-71.134,18.438],[-71.13,18.438],[-71.13,18.439],[-71.129,18.439],[-71.129,18.44],[-71.128,18.44],[-71.127,18.441],[-71.126,18.441],[-71.126,18.443],[-71.125,18.443],[-71.125,18.444],[-71.123,18.444],[-71.122,18.445],[-71.12,18.445],[-71.12,18.446],[-71.116,18.446],[-71.115,18.447],[-71.115,18.448],[-71.114,18.449],[-71.113,18.449],[-71.113,18.45],[-71.112,18.45],[-71.112,18.454],[-71.111,18.455],[-71.109,18.455],[-71.108,18.456],[-71.105,18.456],[-71.105,18.455],[-71.102,18.455],[-71.102,18.454],[-71.101,18.454],[-71.101,18.455],[-71.099,18.455],[-71.099,18.454],[-71.098,18.454],[-71.098,18.453],[-71.097,18.453],[-71.097,18.452],[-71.096,18.452],[-71.096,18.453],[-71.095,18.453],[-71.095,18.454],[-71.092,18.454],[-71.091,18.453],[-71.09,18.453],[-71.089,18.452],[-71.086,18.452],[-71.086,18.454],[-71.085,18.455],[-71.085,18.456],[-71.084,18.456],[-71.084,18.465],[-71.083,18.465],[-71.083,18.469],[-71.082,18.47],[-71.082,18.471],[-71.081,18.471],[-71.081,18.472],[-71.075,18.472],[-71.074,18.473],[-71.072,18.473],[-71.072,18.474],[-71.071,18.474],[-71.071,18.475],[-71.07,18.476],[-71.07,18.478],[-71.069,18.478],[-71.069,18.479],[-71.067,18.479],[-71.066,18.48],[-71.066,18.479],[-71.062,18.479],[-71.062,18.478],[-71.061,18.478],[-71.061,18.477],[-71.06,18.477],[-71.06,18.476],[-71.059,18.476],[-71.059,18.475],[-71.056,18.475],[-71.056,18.476],[-71.055,18.476],[-71.055,18.477],[-71.054,18.477],[-71.054,18.478],[-71.053,18.478],[-71.053,18.479],[-71.052,18.479],[-71.052,18.48],[-71.051,18.481],[-71.05,18.481],[-71.05,18.482],[-71.049,18.482],[-71.049,18.484],[-71.048,18.484],[-71.048,18.493],[-71.047,18.493],[-71.047,18.494],[-71.046,18.494],[-71.046,18.495],[-71.047,18.495],[-71.047,18.496],[-71.048,18.496],[-71.048,18.498],[-71.049,18.498],[-71.049,18.499],[-71.05,18.499],[-71.05,18.5],[-71.051,18.5],[-71.051,18.499],[-71.052,18.499],[-71.053,18.498],[-71.054,18.498],[-71.055,18.499],[-71.056,18.499],[-71.057,18.5],[-71.058,18.5],[-71.058,18.504],[-71.057,18.504],[-71.056,18.505],[-71.054,18.505],[-71.053,18.504],[-71.051,18.504],[-71.051,18.503],[-71.049,18.503],[-71.048,18.504],[-71.045,18.504],[-71.044,18.503],[-71.042,18.503],[-71.042,18.502],[-71.039,18.502],[-71.039,18.501],[-71.038,18.502],[-71.036,18.502],[-71.036,18.504],[-71.035,18.504],[-71.035,18.509],[-71.037,18.509],[-71.037,18.51],[-71.038,18.51],[-71.038,18.511],[-71.039,18.511],[-71.039,18.515],[-71.04,18.515],[-71.04,18.516],[-71.041,18.516],[-71.041,18.52],[-71.042,18.521],[-71.042,18.524],[-71.041,18.525],[-71.041,18.527],[-71.04,18.527],[-71.04,18.528],[-71.035,18.528],[-71.034,18.527],[-71.032,18.527],[-71.031,18.526],[-71.029,18.526],[-71.029,18.525],[-71.028,18.524],[-71.027,18.523],[-71.027,18.522],[-71.025,18.522],[-71.024,18.521],[-71.022,18.521],[-71.022,18.52],[-71.021,18.52],[-71.021,18.519],[-71.02,18.519],[-71.02,18.518],[-71.019,18.518],[-71.019,18.506],[-71.018,18.506],[-71.018,18.505],[-71.017,18.505],[-71.017,18.504],[-71.016,18.504],[-71.016,18.503],[-71.015,18.503],[-71.014,18.502],[-71.01,18.502],[-71.01,18.505],[-71.009,18.505],[-71.009,18.509],[-71.008,18.509],[-71.008,18.51],[-71.005,18.51],[-71.005,18.511],[-71,18.511],[-70.999,18.512],[-70.998,18.512],[-70.997,18.513],[-70.996,18.513],[-70.996,18.514],[-70.986,18.514],[-70.986,18.515],[-70.985,18.515],[-70.985,18.516],[-70.984,18.516],[-70.984,18.517],[-70.983,18.518],[-70.983,18.519],[-70.982,18.52],[-70.983,18.521],[-70.986,18.524],[-70.986,18.529],[-70.987,18.529],[-70.987,18.53],[-70.989,18.53],[-70.989,18.531],[-70.99,18.531],[-70.99,18.53],[-70.991,18.53],[-70.991,18.531],[-70.996,18.531],[-70.996,18.533],[-70.999,18.533],[-70.999,18.534],[-71.001,18.534],[-71.001,18.535],[-71.003,18.535],[-71.003,18.536],[-71.007,18.536],[-71.007,18.537],[-71.01,18.537],[-71.01,18.538],[-71.011,18.538],[-71.011,18.537],[-71.013,18.537],[-71.014,18.538],[-71.015,18.538],[-71.016,18.539],[-71.019,18.539],[-71.019,18.54],[-71.02,18.54],[-71.02,18.541],[-71.021,18.541],[-71.021,18.542],[-71.022,18.543],[-71.023,18.544],[-71.024,18.545],[-71.025,18.546],[-71.028,18.546],[-71.028,18.548],[-71.029,18.549],[-71.03,18.548],[-71.031,18.547],[-71.034,18.547],[-71.035,18.546],[-71.04,18.546],[-71.041,18.547],[-71.043,18.547],[-71.044,18.548],[-71.047,18.548],[-71.047,18.551],[-71.048,18.551],[-71.048,18.552],[-71.051,18.552],[-71.051,18.553],[-71.052,18.553],[-71.052,18.554],[-71.054,18.554],[-71.054,18.553],[-71.058,18.553],[-71.059,18.554],[-71.059,18.555],[-71.06,18.555],[-71.061,18.556],[-71.065,18.556],[-71.066,18.557],[-71.067,18.557],[-71.069,18.559],[-71.07,18.56],[-71.073,18.56],[-71.073,18.561],[-71.074,18.561],[-71.074,18.56],[-71.076,18.56],[-71.076,18.559],[-71.077,18.559],[-71.077,18.558],[-71.078,18.558],[-71.078,18.557],[-71.079,18.557],[-71.079,18.559],[-71.08,18.559],[-71.08,18.56],[-71.081,18.56],[-71.081,18.561],[-71.082,18.561],[-71.082,18.562],[-71.083,18.562],[-71.083,18.563],[-71.084,18.563],[-71.084,18.564],[-71.086,18.564],[-71.086,18.565],[-71.088,18.565],[-71.088,18.563],[-71.089,18.563],[-71.089,18.562],[-71.091,18.562],[-71.091,18.561],[-71.092,18.561],[-71.092,18.56],[-71.098,18.56],[-71.098,18.559],[-71.099,18.559],[-71.099,18.56],[-71.101,18.56],[-71.101,18.561],[-71.102,18.561],[-71.102,18.562],[-71.103,18.562],[-71.103,18.563],[-71.104,18.562],[-71.105,18.561],[-71.106,18.561],[-71.106,18.56],[-71.107,18.56],[-71.107,18.559],[-71.109,18.559],[-71.11,18.56],[-71.111,18.56],[-71.112,18.561],[-71.121,18.561],[-71.122,18.562],[-71.122,18.563],[-71.123,18.563],[-71.123,18.564],[-71.125,18.565],[-71.126,18.565],[-71.127,18.566],[-71.128,18.566],[-71.129,18.567],[-71.129,18.568],[-71.13,18.568],[-71.13,18.569],[-71.131,18.569],[-71.132,18.57],[-71.133,18.571],[-71.134,18.572],[-71.135,18.572],[-71.136,18.573],[-71.137,18.573],[-71.138,18.574],[-71.139,18.574],[-71.14,18.575],[-71.141,18.575],[-71.141,18.576],[-71.142,18.577],[-71.142,18.578],[-71.143,18.579],[-71.144,18.58],[-71.145,18.581],[-71.146,18.581],[-71.146,18.59],[-71.147,18.591],[-71.149,18.591],[-71.149,18.592],[-71.151,18.592],[-71.152,18.593],[-71.153,18.593],[-71.153,18.595],[-71.154,18.596],[-71.154,18.601],[-71.155,18.601],[-71.155,18.602],[-71.156,18.603],[-71.156,18.604],[-71.157,18.605],[-71.158,18.606],[-71.158,18.607],[-71.159,18.607],[-71.159,18.608],[-71.16,18.609],[-71.16,18.611],[-71.161,18.611],[-71.161,18.615],[-71.162,18.615],[-71.162,18.621],[-71.166,18.621],[-71.166,18.62],[-71.169,18.62],[-71.17,18.621],[-71.171,18.621],[-71.172,18.622],[-71.173,18.622],[-71.174,18.623],[-71.177,18.623],[-71.177,18.624],[-71.178,18.624],[-71.18,18.626],[-71.182,18.626],[-71.184,18.627],[-71.187,18.627],[-71.188,18.628],[-71.192,18.628],[-71.192,18.627],[-71.193,18.627],[-71.194,18.626],[-71.195,18.625],[-71.195,18.624],[-71.197,18.624],[-71.198,18.623],[-71.203,18.623],[-71.203,18.624],[-71.212,18.624],[-71.212,18.623],[-71.216,18.623],[-71.218,18.622],[-71.22,18.622],[-71.22,18.624],[-71.221,18.625],[-71.221,18.629],[-71.222,18.629],[-71.222,18.63],[-71.225,18.63],[-71.226,18.629],[-71.227,18.628],[-71.228,18.628],[-71.23,18.627],[-71.231,18.627],[-71.231,18.626],[-71.232,18.626],[-71.232,18.625],[-71.233,18.625],[-71.234,18.624],[-71.235,18.623],[-71.236,18.623],[-71.236,18.622],[-71.238,18.622],[-71.238,18.621],[-71.239,18.621],[-71.24,18.62],[-71.241,18.62],[-71.241,18.619],[-71.242,18.619],[-71.242,18.618],[-71.243,18.618],[-71.244,18.617],[-71.245,18.617],[-71.245,18.616],[-71.246,18.617],[-71.246,18.616],[-71.255,18.616],[-71.256,18.615],[-71.27,18.615],[-71.271,18.614],[-71.272,18.615],[-71.272,18.614],[-71.273,18.614],[-71.273,18.615],[-71.274,18.615],[-71.274,18.614],[-71.277,18.614],[-71.278,18.615],[-71.281,18.615],[-71.281,18.616],[-71.283,18.616],[-71.284,18.617],[-71.288,18.617],[-71.288,18.618],[-71.294,18.618],[-71.294,18.619],[-71.296,18.619],[-71.297,18.62],[-71.298,18.619],[-71.3,18.619],[-71.301,18.62],[-71.302,18.62],[-71.303,18.621],[-71.304,18.621],[-71.304,18.62],[-71.305,18.621],[-71.306,18.622],[-71.307,18.622],[-71.307,18.623],[-71.308,18.623],[-71.308,18.624],[-71.31,18.624],[-71.311,18.625],[-71.313,18.625],[-71.313,18.626],[-71.316,18.626],[-71.317,18.627],[-71.319,18.627],[-71.319,18.628],[-71.322,18.628],[-71.323,18.627],[-71.326,18.627],[-71.326,18.626],[-71.327,18.626],[-71.328,18.625],[-71.329,18.624],[-71.33,18.624],[-71.331,18.623],[-71.332,18.623],[-71.332,18.622],[-71.333,18.622],[-71.333,18.62],[-71.334,18.62],[-71.334,18.619],[-71.335,18.618],[-71.335,18.617],[-71.336,18.617],[-71.336,18.616],[-71.337,18.615],[-71.337,18.612],[-71.338,18.612],[-71.338,18.611],[-71.339,18.611],[-71.339,18.609],[-71.34,18.608],[-71.34,18.607],[-71.341,18.606],[-71.341,18.602],[-71.342,18.602],[-71.342,18.599],[-71.348,18.599],[-71.349,18.598],[-71.35,18.598],[-71.351,18.597],[-71.352,18.597],[-71.353,18.596],[-71.354,18.596],[-71.354,18.595],[-71.355,18.595],[-71.355,18.591],[-71.356,18.59],[-71.357,18.59],[-71.358,18.589],[-71.359,18.589],[-71.36,18.59],[-71.361,18.59],[-71.361,18.591],[-71.362,18.591],[-71.362,18.592],[-71.363,18.592],[-71.363,18.593],[-71.366,18.593],[-71.367,18.592],[-71.367,18.591],[-71.371,18.591],[-71.372,18.592],[-71.373,18.592],[-71.373,18.593],[-71.374,18.594],[-71.375,18.594],[-71.375,18.595],[-71.378,18.595],[-71.378,18.596],[-71.38,18.596],[-71.381,18.597],[-71.381,18.596],[-71.387,18.596],[-71.387,18.597],[-71.389,18.597],[-71.39,18.598],[-71.392,18.598],[-71.393,18.599],[-71.393,18.602],[-71.392,18.602],[-71.392,18.603],[-71.393,18.604],[-71.393,18.606],[-71.392,18.607],[-71.392,18.61],[-71.393,18.611],[-71.393,18.613],[-71.394,18.614],[-71.394,18.615],[-71.395,18.615],[-71.396,18.616],[-71.402,18.616],[-71.403,18.617],[-71.404,18.617],[-71.404,18.618],[-71.405,18.618],[-71.405,18.619],[-71.409,18.619],[-71.41,18.618],[-71.411,18.618],[-71.411,18.617],[-71.412,18.617],[-71.412,18.616],[-71.414,18.616],[-71.414,18.615],[-71.415,18.614],[-71.415,18.613],[-71.416,18.613],[-71.416,18.612],[-71.417,18.612],[-71.417,18.611],[-71.418,18.611],[-71.418,18.61],[-71.419,18.609],[-71.421,18.609],[-71.421,18.61],[-71.422,18.612],[-71.422,18.62],[-71.423,18.62],[-71.424,18.621],[-71.424,18.622],[-71.425,18.623],[-71.427,18.623],[-71.427,18.624],[-71.434,18.624],[-71.436,18.625],[-71.437,18.624],[-71.442,18.624],[-71.443,18.623],[-71.447,18.623],[-71.448,18.624],[-71.45,18.626],[-71.45,18.627],[-71.452,18.627],[-71.453,18.628],[-71.454,18.629],[-71.458,18.629],[-71.459,18.63],[-71.461,18.63],[-71.463,18.631],[-71.466,18.631],[-71.467,18.63],[-71.469,18.63],[-71.47,18.629],[-71.471,18.629],[-71.472,18.628],[-71.473,18.628],[-71.473,18.627],[-71.474,18.626],[-71.475,18.625],[-71.475,18.624],[-71.477,18.624],[-71.477,18.625],[-71.48,18.625],[-71.48,18.626],[-71.481,18.626],[-71.481,18.627],[-71.484,18.627],[-71.487,18.628],[-71.492,18.628],[-71.492,18.627],[-71.496,18.627],[-71.496,18.628],[-71.497,18.628],[-71.498,18.629],[-71.505,18.629],[-71.506,18.63],[-71.513,18.63],[-71.513,18.631],[-71.515,18.631],[-71.516,18.632],[-71.517,18.632],[-71.517,18.633],[-71.518,18.633],[-71.518,18.639],[-71.519,18.64],[-71.52,18.641],[-71.521,18.642],[-71.522,18.642],[-71.523,18.643],[-71.525,18.643],[-71.526,18.644],[-71.528,18.644],[-71.532,18.646],[-71.533,18.646],[-71.534,18.647],[-71.541,18.647],[-71.542,18.648],[-71.543,18.648],[-71.544,18.649],[-71.546,18.649],[-71.548,18.65],[-71.552,18.65],[-71.553,18.651],[-71.555,18.651],[-71.556,18.652],[-71.558,18.653],[-71.562,18.654],[-71.564,18.655],[-71.567,18.655],[-71.569,18.656],[-71.57,18.656],[-71.57,18.654],[-71.571,18.654],[-71.572,18.651],[-71.572,18.649],[-71.573,18.649],[-71.573,18.648],[-71.574,18.646],[-71.574,18.645],[-71.575,18.644],[-71.575,18.641],[-71.576,18.64],[-71.576,18.638],[-71.578,18.637],[-71.578,18.636],[-71.579,18.636],[-71.58,18.635],[-71.585,18.635],[-71.586,18.634],[-71.593,18.634],[-71.595,18.635],[-71.608,18.635],[-71.608,18.633],[-71.609,18.632],[-71.609,18.626],[-71.608,18.625],[-71.607,18.624],[-71.604,18.622],[-71.601,18.621],[-71.599,18.62],[-71.598,18.619],[-71.597,18.617],[-71.596,18.616],[-71.595,18.614],[-71.595,18.612],[-71.594,18.611],[-71.594,18.608],[-71.595,18.606],[-71.598,18.603],[-71.598,18.602],[-71.599,18.601],[-71.6,18.6],[-71.602,18.599],[-71.604,18.599],[-71.605,18.598],[-71.606,18.598],[-71.606,18.597],[-71.607,18.597],[-71.607,18.596],[-71.608,18.595],[-71.608,18.594],[-71.609,18.593],[-71.609,18.592],[-71.61,18.592],[-71.61,18.591],[-71.611,18.59],[-71.611,18.588],[-71.612,18.588],[-71.612,18.584],[-71.613,18.583],[-71.613,18.581],[-71.614,18.581],[-71.614,18.577],[-71.613,18.576],[-71.613,18.57],[-71.614,18.57],[-71.614,18.569],[-71.615,18.568],[-71.615,18.567],[-71.616,18.567],[-71.615,18.566],[-71.616,18.566],[-71.616,18.565],[-71.615,18.565],[-71.615,18.564],[-71.616,18.564],[-71.616,18.56],[-71.617,18.56],[-71.617,18.559],[-71.618,18.559],[-71.618,18.555],[-71.619,18.555],[-71.619,18.553],[-71.62,18.553],[-71.62,18.551],[-71.621,18.551],[-71.621,18.547],[-71.622,18.547],[-71.621,18.546],[-71.621,18.545],[-71.622,18.545],[-71.622,18.543],[-71.624,18.543],[-71.624,18.542],[-71.625,18.541],[-71.626,18.541],[-71.626,18.539],[-71.627,18.539],[-71.627,18.537],[-71.628,18.537],[-71.628,18.535],[-71.631,18.535],[-71.631,18.534],[-71.632,18.534],[-71.632,18.533],[-71.633,18.532],[-71.635,18.53]]]]}},{"type":"Feature","properties":{"shapeName":"Azua","provinceKey":"azua","shapeType":"ADM1"},"geometry":{"type":"MultiPolygon","coordinates":[[[[-71.162,18.615],[-71.161,18.615],[-71.161,18.611],[-71.16,18.611],[-71.16,18.609],[-71.159,18.608],[-71.159,18.607],[-71.158,18.607],[-71.158,18.606],[-71.157,18.605],[-71.156,18.604],[-71.156,18.603],[-71.155,18.602],[-71.155,18.601],[-71.154,18.601],[-71.154,18.596],[-71.153,18.595],[-71.153,18.593],[-71.152,18.593],[-71.151,18.592],[-71.149,18.592],[-71.149,18.591],[-71.147,18.591],[-71.146,18.59],[-71.146,18.581],[-71.145,18.581],[-71.144,18.58],[-71.143,18.579],[-71.142,18.578],[-71.142,18.577],[-71.141,18.576],[-71.141,18.575],[-71.14,18.575],[-71.139,18.574],[-71.138,18.574],[-71.137,18.573],[-71.136,18.573],[-71.135,18.572],[-71.134,18.572],[-71.133,18.571],[-71.132,18.57],[-71.131,18.569],[-71.13,18.569],[-71.13,18.568],[-71.129,18.568],[-71.129,18.567],[-71.128,18.566],[-71.127,18.566],[-71.126,18.565],[-71.125,18.565],[-71.123,18.564],[-71.123,18.563],[-71.122,18.563],[-71.122,18.562],[-71.121,18.561],[-71.112,18.561],[-71.111,18.56],[-71.11,18.56],[-71.109,18.559],[-71.107,18.559],[-71.107,18.56],[-71.106,18.56],[-71.106,18.561],[-71.105,18.561],[-71.104,18.562],[-71.103,18.563],[-71.103,18.562],[-71.102,18.562],[-71.102,18.561],[-71.101,18.561],[-71.101,18.56],[-71.099,18.56],[-71.099,18.559],[-71.098,18.559],[-71.098,18.56],[-71.092,18.56],[-71.092,18.561],[-71.091,18.561],[-71.091,18.562],[-71.089,18.562],[-71.089,18.563],[-71.088,18.563],[-71.088,18.565],[-71.086,18.565],[-71.086,18.564],[-71.084,18.564],[-71.084,18.563],[-71.083,18.563],[-71.083,18.562],[-71.082,18.562],[-71.082,18.561],[-71.081,18.561],[-71.081,18.56],[-71.08,18.56],[-71.08,18.559],[-71.079,18.559],[-71.079,18.557],[-71.078,18.557],[-71.078,18.558],[-71.077,18.558],[-71.077,18.559],[-71.076,18.559],[-71.076,18.56],[-71.074,18.56],[-71.074,18.561],[-71.073,18.561],[-71.073,18.56],[-71.07,18.56],[-71.069,18.559],[-71.067,18.557],[-71.066,18.557],[-71.065,18.556],[-71.061,18.556],[-71.06,18.555],[-71.059,18.555],[-71.059,18.554],[-71.058,18.553],[-71.054,18.553],[-71.054,18.554],[-71.052,18.554],[-71.052,18.553],[-71.051,18.553],[-71.051,18.552],[-71.048,18.552],[-71.048,18.551],[-71.047,18.551],[-71.047,18.548],[-71.044,18.548],[-71.043,18.547],[-71.041,18.547],[-71.04,18.546],[-71.035,18.546],[-71.034,18.547],[-71.031,18.547],[-71.03,18.548],[-71.029,18.549],[-71.028,18.548],[-71.028,18.546],[-71.025,18.546],[-71.024,18.545],[-71.023,18.544],[-71.022,18.543],[-71.021,18.542],[-71.021,18.541],[-71.02,18.541],[-71.02,18.54],[-71.019,18.54],[-71.019,18.539],[-71.016,18.539],[-71.015,18.538],[-71.014,18.538],[-71.013,18.537],[-71.011,18.537],[-71.011,18.538],[-71.01,18.538],[-71.01,18.537],[-71.007,18.537],[-71.007,18.536],[-71.003,18.536],[-71.003,18.535],[-71.001,18.535],[-71.001,18.534],[-70.999,18.534],[-70.999,18.533],[-70.996,18.533],[-70.996,18.531],[-70.991,18.531],[-70.991,18.53],[-70.99,18.53],[-70.99,18.531],[-70.989,18.531],[-70.989,18.53],[-70.987,18.53],[-70.987,18.529],[-70.986,18.529],[-70.986,18.524],[-70.983,18.521],[-70.982,18.52],[-70.983,18.519],[-70.983,18.518],[-70.984,18.517],[-70.984,18.516],[-70.985,18.516],[-70.985,18.515],[-70.986,18.515],[-70.986,18.514],[-70.996,18.514],[-70.996,18.513],[-70.997,18.513],[-70.998,18.512],[-70.999,18.512],[-71,18.511],[-71.005,18.511],[-71.005,18.51],[-71.008,18.51],[-71.008,18.509],[-71.009,18.509],[-71.009,18.505],[-71.01,18.505],[-71.01,18.502],[-71.014,18.502],[-71.015,18.503],[-71.016,18.503],[-71.016,18.504],[-71.017,18.504],[-71.017,18.505],[-71.018,18.505],[-71.018,18.506],[-71.019,18.506],[-71.019,18.518],[-71.02,18.518],[-71.02,18.519],[-71.021,18.519],[-71.021,18.52],[-71.022,18.52],[-71.022,18.521],[-71.024,18.521],[-71.025,18.522],[-71.027,18.522],[-71.027,18.523],[-71.028,18.524],[-71.029,18.525],[-71.029,18.526],[-71.031,18.526],[-71.032,18.527],[-71.034,18.527],[-71.035,18.528],[-71.04,18.528],[-71.04,18.527],[-71.041,18.527],[-71.041,18.525],[-71.042,18.524],[-71.042,18.521],[-71.041,18.52],[-71.041,18.516],[-71.04,18.516],[-71.04,18.515],[-71.039,18.515],[-71.039,18.511],[-71.038,18.511],[-71.038,18.51],[-71.037,18.51],[-71.037,18.509],[-71.035,18.509],[-71.035,18.504],[-71.036,18.504],[-71.036,18.502],[-71.038,18.502],[-71.039,18.501],[-71.039,18.502],[-71.042,18.502],[-71.042,18.503],[-71.044,18.503],[-71.045,18.504],[-71.048,18.504],[-71.049,18.503],[-71.051,18.503],[-71.051,18.504],[-71.053,18.504],[-71.054,18.505],[-71.056,18.505],[-71.057,18.504],[-71.058,18.504],[-71.058,18.5],[-71.057,18.5],[-71.056,18.499],[-71.055,18.499],[-71.054,18.498],[-71.053,18.498],[-71.052,18.499],[-71.051,18.499],[-71.051,18.5],[-71.05,18.5],[-71.05,18.499],[-71.049,18.499],[-71.049,18.498],[-71.048,18.498],[-71.048,18.496],[-71.047,18.496],[-71.047,18.495],[-71.045,18.495],[-71.045,18.496],[-71.044,18.496],[-71.044,18.497],[-71.043,18.497],[-71.043,18.496],[-71.042,18.496],[-71.042,18.497],[-71.041,18.497],[-71.04,18.496],[-71.03,18.496],[-71.03,18.497],[-71.029,18.497],[-71.029,18.496],[-71.027,18.496],[-71.027,18.495],[-71.024,18.495],[-71.024,18.496],[-71.022,18.496],[-71.021,18.495],[-71.019,18.495],[-71.015,18.494],[-71.012,18.493],[-71.008,18.492],[-71.005,18.492],[-71.002,18.493],[-71.001,18.492],[-71.001,18.491],[-71,18.491],[-70.999,18.49],[-70.997,18.488],[-70.995,18.488],[-70.993,18.487],[-70.991,18.487],[-70.991,18.486],[-70.992,18.486],[-70.992,18.485],[-70.993,18.485],[-70.993,18.484],[-70.991,18.484],[-70.991,18.481],[-70.992,18.481],[-70.991,18.48],[-70.99,18.48],[-70.99,18.478],[-70.992,18.478],[-70.992,18.476],[-70.993,18.476],[-70.993,18.475],[-70.992,18.475],[-70.992,18.474],[-70.991,18.474],[-70.991,18.473],[-70.99,18.473],[-70.99,18.472],[-70.989,18.472],[-70.989,18.471],[-70.99,18.471],[-70.99,18.47],[-70.991,18.47],[-70.991,18.467],[-70.99,18.467],[-70.99,18.466],[-70.989,18.466],[-70.989,18.464],[-70.988,18.464],[-70.988,18.463],[-70.987,18.463],[-70.986,18.462],[-70.985,18.462],[-70.985,18.461],[-70.987,18.461],[-70.987,18.46],[-70.988,18.46],[-70.988,18.459],[-70.991,18.459],[-70.991,18.458],[-70.992,18.458],[-70.992,18.46],[-70.994,18.46],[-70.994,18.461],[-70.995,18.461],[-70.995,18.46],[-70.996,18.46],[-70.997,18.459],[-70.997,18.458],[-70.996,18.458],[-70.996,18.457],[-70.997,18.457],[-70.997,18.456],[-70.999,18.456],[-70.999,18.454],[-71.002,18.454],[-71.002,18.453],[-71.003,18.453],[-71.003,18.452],[-71.005,18.452],[-71.005,18.451],[-71.004,18.451],[-71.004,18.45],[-71.007,18.45],[-71.007,18.446],[-71.008,18.446],[-71.008,18.443],[-71.007,18.443],[-71.007,18.441],[-71.008,18.441],[-71.008,18.44],[-71.009,18.44],[-71.009,18.439],[-71.01,18.439],[-71.01,18.437],[-71.012,18.437],[-71.012,18.435],[-71.013,18.435],[-71.013,18.433],[-71.015,18.433],[-71.015,18.432],[-71.016,18.432],[-71.016,18.429],[-71.018,18.429],[-71.018,18.427],[-71.017,18.427],[-71.017,18.424],[-71.016,18.424],[-71.016,18.423],[-71.017,18.423],[-71.017,18.422],[-71.018,18.423],[-71.018,18.421],[-71.019,18.421],[-71.019,18.416],[-71.02,18.416],[-71.02,18.415],[-71.021,18.415],[-71.021,18.414],[-71.022,18.414],[-71.022,18.413],[-71.023,18.413],[-71.024,18.412],[-71.027,18.411],[-71.031,18.411],[-71.033,18.41],[-71.035,18.41],[-71.035,18.409],[-71.038,18.409],[-71.039,18.41],[-71.04,18.41],[-71.041,18.411],[-71.042,18.411],[-71.043,18.412],[-71.043,18.411],[-71.044,18.41],[-71.044,18.409],[-71.045,18.409],[-71.047,18.408],[-71.048,18.408],[-71.049,18.407],[-71.051,18.407],[-71.052,18.406],[-71.052,18.404],[-71.051,18.404],[-71.051,18.403],[-71.05,18.402],[-71.048,18.401],[-71.047,18.399],[-71.046,18.397],[-71.045,18.395],[-71.043,18.394],[-71.041,18.39],[-71.04,18.387],[-71.039,18.384],[-71.038,18.382],[-71.039,18.382],[-71.039,18.378],[-71.037,18.378],[-71.036,18.377],[-71.033,18.377],[-71.032,18.376],[-71.03,18.377],[-71.029,18.377],[-71.028,18.378],[-71.028,18.38],[-71.027,18.38],[-71.025,18.379],[-71.022,18.378],[-71.021,18.378],[-71.02,18.377],[-71.02,18.376],[-71.017,18.374],[-71.017,18.372],[-71.014,18.371],[-71.013,18.371],[-71.013,18.37],[-71.012,18.369],[-71.012,18.368],[-71.011,18.368],[-71.01,18.367],[-71.01,18.366],[-71.009,18.365],[-71.008,18.364],[-71.007,18.363],[-71.006,18.362],[-71.005,18.361],[-71.003,18.359],[-71.001,18.357],[-70.999,18.355],[-70.991,18.355],[-70.99,18.356],[-70.989,18.357],[-70.988,18.357],[-70.987,18.356],[-70.985,18.354],[-70.986,18.353],[-70.986,18.352],[-70.985,18.35],[-70.984,18.35],[-70.983,18.351],[-70.982,18.352],[-70.982,18.353],[-70.975,18.352],[-70.974,18.351],[-70.975,18.351],[-70.975,18.349],[-70.976,18.348],[-70.974,18.346],[-70.972,18.345],[-70.971,18.345],[-70.971,18.344],[-70.97,18.344],[-70.969,18.343],[-70.969,18.342],[-70.968,18.342],[-70.967,18.341],[-70.965,18.34],[-70.963,18.34],[-70.962,18.339],[-70.962,18.338],[-70.961,18.338],[-70.961,18.336],[-70.96,18.336],[-70.96,18.333],[-70.959,18.332],[-70.96,18.329],[-70.96,18.326],[-70.959,18.326],[-70.959,18.324],[-70.958,18.323],[-70.956,18.323],[-70.956,18.321],[-70.955,18.321],[-70.955,18.32],[-70.954,18.32],[-70.953,18.319],[-70.952,18.319],[-70.951,18.318],[-70.95,18.318],[-70.95,18.317],[-70.949,18.316],[-70.949,18.31],[-70.948,18.309],[-70.948,18.307],[-70.947,18.305],[-70.947,18.301],[-70.948,18.3],[-70.948,18.299],[-70.949,18.298],[-70.949,18.297],[-70.95,18.297],[-70.95,18.296],[-70.951,18.295],[-70.951,18.287],[-70.952,18.287],[-70.952,18.286],[-70.953,18.285],[-70.954,18.284],[-70.954,18.283],[-70.956,18.282],[-70.957,18.282],[-70.957,18.281],[-70.958,18.281],[-70.958,18.279],[-70.956,18.278],[-70.955,18.277],[-70.955,18.275],[-70.956,18.274],[-70.956,18.273],[-70.955,18.273],[-70.955,18.271],[-70.956,18.27],[-70.957,18.269],[-70.958,18.268],[-70.958,18.266],[-70.959,18.266],[-70.959,18.265],[-70.96,18.264],[-70.96,18.263],[-70.961,18.263],[-70.962,18.262],[-70.962,18.261],[-70.963,18.26],[-70.963,18.259],[-70.967,18.259],[-70.967,18.258],[-70.969,18.257],[-70.968,18.257],[-70.968,18.253],[-70.967,18.253],[-70.967,18.252],[-70.966,18.252],[-70.966,18.251],[-70.963,18.251],[-70.963,18.25],[-70.962,18.25],[-70.961,18.249],[-70.955,18.249],[-70.955,18.25],[-70.952,18.25],[-70.952,18.251],[-70.951,18.25],[-70.95,18.251],[-70.949,18.252],[-70.948,18.253],[-70.947,18.253],[-70.946,18.254],[-70.944,18.254],[-70.944,18.255],[-70.942,18.255],[-70.942,18.254],[-70.941,18.254],[-70.94,18.255],[-70.939,18.256],[-70.939,18.255],[-70.938,18.255],[-70.937,18.254],[-70.935,18.254],[-70.934,18.255],[-70.931,18.255],[-70.931,18.256],[-70.932,18.256],[-70.932,18.257],[-70.93,18.257],[-70.93,18.256],[-70.929,18.257],[-70.929,18.258],[-70.927,18.258],[-70.927,18.259],[-70.926,18.259],[-70.926,18.26],[-70.925,18.26],[-70.925,18.259],[-70.924,18.259],[-70.924,18.261],[-70.923,18.261],[-70.923,18.262],[-70.921,18.262],[-70.921,18.263],[-70.917,18.263],[-70.917,18.264],[-70.915,18.264],[-70.915,18.265],[-70.914,18.265],[-70.914,18.267],[-70.913,18.267],[-70.913,18.266],[-70.912,18.266],[-70.912,18.268],[-70.91,18.268],[-70.91,18.269],[-70.909,18.269],[-70.908,18.27],[-70.908,18.271],[-70.906,18.271],[-70.906,18.273],[-70.903,18.273],[-70.903,18.275],[-70.901,18.275],[-70.901,18.276],[-70.9,18.276],[-70.9,18.278],[-70.899,18.278],[-70.899,18.279],[-70.897,18.28],[-70.896,18.28],[-70.896,18.281],[-70.895,18.281],[-70.895,18.282],[-70.894,18.282],[-70.894,18.283],[-70.893,18.283],[-70.893,18.284],[-70.892,18.284],[-70.892,18.285],[-70.891,18.285],[-70.891,18.286],[-70.89,18.286],[-70.89,18.287],[-70.888,18.287],[-70.888,18.288],[-70.887,18.288],[-70.886,18.289],[-70.885,18.289],[-70.885,18.291],[-70.884,18.291],[-70.884,18.292],[-70.883,18.292],[-70.883,18.294],[-70.881,18.294],[-70.88,18.295],[-70.88,18.297],[-70.879,18.297],[-70.878,18.298],[-70.878,18.3],[-70.877,18.3],[-70.877,18.302],[-70.876,18.303],[-70.875,18.304],[-70.875,18.305],[-70.874,18.305],[-70.874,18.306],[-70.872,18.306],[-70.872,18.307],[-70.87,18.307],[-70.87,18.308],[-70.869,18.308],[-70.869,18.31],[-70.868,18.31],[-70.867,18.311],[-70.869,18.311],[-70.87,18.312],[-70.87,18.313],[-70.869,18.313],[-70.869,18.317],[-70.868,18.317],[-70.868,18.319],[-70.867,18.319],[-70.868,18.32],[-70.867,18.32],[-70.867,18.321],[-70.866,18.321],[-70.866,18.322],[-70.867,18.322],[-70.867,18.324],[-70.866,18.325],[-70.866,18.326],[-70.865,18.326],[-70.865,18.328],[-70.864,18.328],[-70.863,18.329],[-70.863,18.33],[-70.862,18.33],[-70.862,18.331],[-70.861,18.331],[-70.861,18.332],[-70.86,18.332],[-70.859,18.335],[-70.859,18.336],[-70.858,18.336],[-70.858,18.337],[-70.857,18.337],[-70.857,18.338],[-70.854,18.338],[-70.854,18.339],[-70.853,18.34],[-70.853,18.341],[-70.852,18.342],[-70.848,18.342],[-70.847,18.341],[-70.847,18.342],[-70.845,18.342],[-70.845,18.343],[-70.844,18.343],[-70.844,18.344],[-70.843,18.345],[-70.843,18.348],[-70.839,18.348],[-70.839,18.349],[-70.838,18.349],[-70.838,18.348],[-70.837,18.348],[-70.837,18.345],[-70.836,18.345],[-70.836,18.347],[-70.834,18.347],[-70.832,18.345],[-70.831,18.345],[-70.83,18.344],[-70.83,18.343],[-70.829,18.343],[-70.829,18.341],[-70.831,18.341],[-70.831,18.34],[-70.832,18.34],[-70.832,18.338],[-70.831,18.338],[-70.831,18.337],[-70.833,18.337],[-70.833,18.336],[-70.834,18.336],[-70.835,18.335],[-70.834,18.334],[-70.831,18.334],[-70.831,18.335],[-70.83,18.335],[-70.829,18.334],[-70.83,18.333],[-70.831,18.333],[-70.832,18.332],[-70.831,18.331],[-70.83,18.33],[-70.829,18.33],[-70.828,18.331],[-70.827,18.331],[-70.826,18.332],[-70.825,18.332],[-70.825,18.334],[-70.824,18.333],[-70.823,18.334],[-70.822,18.334],[-70.822,18.335],[-70.821,18.335],[-70.821,18.336],[-70.82,18.336],[-70.82,18.337],[-70.819,18.338],[-70.819,18.339],[-70.82,18.339],[-70.82,18.34],[-70.821,18.34],[-70.821,18.341],[-70.819,18.341],[-70.818,18.34],[-70.813,18.34],[-70.812,18.341],[-70.811,18.341],[-70.811,18.346],[-70.812,18.346],[-70.812,18.347],[-70.813,18.347],[-70.813,18.349],[-70.812,18.35],[-70.812,18.351],[-70.811,18.351],[-70.81,18.352],[-70.809,18.352],[-70.808,18.353],[-70.807,18.353],[-70.806,18.354],[-70.8,18.354],[-70.799,18.353],[-70.797,18.353],[-70.796,18.352],[-70.795,18.352],[-70.795,18.351],[-70.794,18.351],[-70.794,18.347],[-70.796,18.347],[-70.796,18.346],[-70.793,18.346],[-70.792,18.345],[-70.789,18.345],[-70.788,18.346],[-70.787,18.346],[-70.786,18.345],[-70.785,18.346],[-70.779,18.346],[-70.778,18.347],[-70.775,18.347],[-70.774,18.348],[-70.772,18.348],[-70.772,18.347],[-70.771,18.347],[-70.77,18.348],[-70.767,18.348],[-70.767,18.349],[-70.766,18.349],[-70.765,18.35],[-70.765,18.349],[-70.754,18.349],[-70.754,18.348],[-70.75,18.348],[-70.749,18.347],[-70.745,18.347],[-70.744,18.346],[-70.744,18.347],[-70.74,18.348],[-70.74,18.35],[-70.738,18.35],[-70.738,18.351],[-70.736,18.351],[-70.735,18.352],[-70.733,18.352],[-70.733,18.353],[-70.732,18.353],[-70.732,18.354],[-70.73,18.354],[-70.729,18.355],[-70.727,18.355],[-70.726,18.356],[-70.725,18.356],[-70.724,18.357],[-70.724,18.361],[-70.723,18.361],[-70.723,18.362],[-70.719,18.362],[-70.719,18.363],[-70.718,18.363],[-70.717,18.364],[-70.716,18.365],[-70.715,18.366],[-70.715,18.367],[-70.714,18.367],[-70.714,18.368],[-70.713,18.368],[-70.713,18.369],[-70.712,18.369],[-70.712,18.37],[-70.711,18.37],[-70.711,18.372],[-70.71,18.373],[-70.71,18.374],[-70.709,18.374],[-70.709,18.376],[-70.707,18.376],[-70.707,18.378],[-70.706,18.379],[-70.706,18.38],[-70.705,18.38],[-70.705,18.381],[-70.704,18.382],[-70.704,18.383],[-70.703,18.384],[-70.703,18.386],[-70.704,18.387],[-70.706,18.387],[-70.706,18.389],[-70.707,18.389],[-70.707,18.39],[-70.706,18.391],[-70.706,18.393],[-70.707,18.393],[-70.707,18.395],[-70.708,18.395],[-70.708,18.397],[-70.707,18.398],[-70.707,18.4],[-70.709,18.4],[-70.71,18.401],[-70.71,18.407],[-70.711,18.407],[-70.711,18.408],[-70.71,18.409],[-70.71,18.41],[-70.709,18.41],[-70.709,18.411],[-70.708,18.412],[-70.707,18.412],[-70.707,18.413],[-70.706,18.413],[-70.705,18.414],[-70.704,18.413],[-70.703,18.412],[-70.703,18.413],[-70.702,18.413],[-70.702,18.415],[-70.697,18.415],[-70.697,18.416],[-70.695,18.416],[-70.694,18.417],[-70.693,18.418],[-70.693,18.419],[-70.692,18.42],[-70.692,18.421],[-70.691,18.421],[-70.69,18.42],[-70.69,18.422],[-70.691,18.422],[-70.691,18.423],[-70.692,18.423],[-70.692,18.426],[-70.691,18.426],[-70.691,18.427],[-70.69,18.428],[-70.688,18.428],[-70.687,18.429],[-70.685,18.429],[-70.684,18.43],[-70.681,18.43],[-70.68,18.431],[-70.674,18.431],[-70.673,18.432],[-70.665,18.432],[-70.664,18.431],[-70.663,18.431],[-70.663,18.43],[-70.662,18.43],[-70.661,18.429],[-70.659,18.429],[-70.658,18.428],[-70.657,18.428],[-70.657,18.429],[-70.656,18.428],[-70.655,18.428],[-70.654,18.427],[-70.654,18.428],[-70.653,18.427],[-70.652,18.427],[-70.651,18.428],[-70.641,18.428],[-70.64,18.427],[-70.639,18.427],[-70.638,18.426],[-70.635,18.426],[-70.634,18.425],[-70.633,18.425],[-70.632,18.424],[-70.631,18.423],[-70.628,18.423],[-70.628,18.422],[-70.624,18.422],[-70.624,18.421],[-70.625,18.421],[-70.625,18.42],[-70.624,18.419],[-70.622,18.419],[-70.621,18.42],[-70.62,18.42],[-70.62,18.421],[-70.617,18.421],[-70.617,18.422],[-70.611,18.422],[-70.611,18.421],[-70.607,18.421],[-70.606,18.42],[-70.603,18.42],[-70.602,18.419],[-70.6,18.419],[-70.599,18.418],[-70.597,18.418],[-70.597,18.417],[-70.595,18.417],[-70.595,18.416],[-70.593,18.416],[-70.592,18.415],[-70.591,18.415],[-70.59,18.414],[-70.589,18.414],[-70.588,18.413],[-70.586,18.412],[-70.586,18.411],[-70.585,18.411],[-70.584,18.41],[-70.584,18.409],[-70.583,18.408],[-70.582,18.407],[-70.581,18.4],[-70.58,18.4],[-70.58,18.398],[-70.579,18.397],[-70.579,18.394],[-70.58,18.394],[-70.58,18.392],[-70.581,18.392],[-70.581,18.391],[-70.58,18.391],[-70.58,18.39],[-70.579,18.39],[-70.579,18.387],[-70.578,18.387],[-70.578,18.381],[-70.577,18.38],[-70.577,18.379],[-70.576,18.379],[-70.576,18.378],[-70.575,18.378],[-70.575,18.377],[-70.574,18.377],[-70.574,18.376],[-70.573,18.375],[-70.572,18.374],[-70.572,18.373],[-70.571,18.373],[-70.571,18.371],[-70.57,18.371],[-70.57,18.366],[-70.571,18.366],[-70.57,18.365],[-70.57,18.363],[-70.571,18.362],[-70.57,18.362],[-70.57,18.36],[-70.569,18.36],[-70.569,18.358],[-70.57,18.358],[-70.57,18.352],[-70.573,18.352],[-70.574,18.351],[-70.575,18.35],[-70.575,18.333],[-70.574,18.332],[-70.573,18.331],[-70.573,18.329],[-70.572,18.329],[-70.572,18.326],[-70.571,18.326],[-70.571,18.316],[-70.572,18.316],[-70.572,18.312],[-70.573,18.311],[-70.574,18.311],[-70.574,18.31],[-70.577,18.31],[-70.578,18.311],[-70.579,18.31],[-70.58,18.31],[-70.581,18.309],[-70.581,18.308],[-70.582,18.308],[-70.582,18.305],[-70.583,18.304],[-70.583,18.302],[-70.584,18.301],[-70.584,18.299],[-70.585,18.299],[-70.585,18.298],[-70.586,18.298],[-70.586,18.296],[-70.587,18.296],[-70.587,18.295],[-70.588,18.295],[-70.588,18.294],[-70.589,18.294],[-70.589,18.292],[-70.59,18.291],[-70.591,18.29],[-70.591,18.289],[-70.592,18.288],[-70.592,18.277],[-70.591,18.276],[-70.591,18.275],[-70.59,18.274],[-70.59,18.273],[-70.589,18.273],[-70.588,18.272],[-70.587,18.272],[-70.587,18.271],[-70.586,18.271],[-70.586,18.27],[-70.585,18.27],[-70.585,18.271],[-70.584,18.272],[-70.584,18.274],[-70.583,18.275],[-70.583,18.276],[-70.582,18.277],[-70.581,18.278],[-70.579,18.279],[-70.568,18.279],[-70.566,18.28],[-70.562,18.28],[-70.56,18.281],[-70.558,18.282],[-70.555,18.282],[-70.554,18.283],[-70.552,18.282],[-70.551,18.283],[-70.548,18.283],[-70.546,18.282],[-70.533,18.282],[-70.532,18.283],[-70.522,18.283],[-70.521,18.284],[-70.52,18.284],[-70.52,18.285],[-70.518,18.286],[-70.516,18.286],[-70.515,18.287],[-70.513,18.287],[-70.511,18.288],[-70.505,18.288],[-70.504,18.289],[-70.502,18.289],[-70.5,18.291],[-70.499,18.292],[-70.498,18.293],[-70.498,18.294],[-70.496,18.297],[-70.495,18.299],[-70.494,18.301],[-70.493,18.303],[-70.493,18.305],[-70.492,18.307],[-70.492,18.309],[-70.491,18.31],[-70.491,18.312],[-70.49,18.314],[-70.489,18.315],[-70.489,18.317],[-70.488,18.318],[-70.488,18.319],[-70.487,18.32],[-70.487,18.322],[-70.486,18.324],[-70.486,18.33],[-70.487,18.331],[-70.487,18.332],[-70.488,18.332],[-70.488,18.342],[-70.489,18.342],[-70.489,18.348],[-70.49,18.348],[-70.49,18.349],[-70.491,18.35],[-70.491,18.351],[-70.492,18.352],[-70.492,18.355],[-70.491,18.356],[-70.491,18.358],[-70.49,18.359],[-70.49,18.364],[-70.489,18.366],[-70.488,18.367],[-70.488,18.369],[-70.487,18.37],[-70.485,18.37],[-70.484,18.371],[-70.484,18.372],[-70.483,18.372],[-70.483,18.373],[-70.482,18.375],[-70.481,18.376],[-70.48,18.376],[-70.479,18.377],[-70.478,18.378],[-70.478,18.379],[-70.477,18.38],[-70.476,18.381],[-70.476,18.383],[-70.475,18.383],[-70.474,18.384],[-70.474,18.385],[-70.473,18.386],[-70.473,18.388],[-70.472,18.389],[-70.472,18.399],[-70.471,18.4],[-70.471,18.402],[-70.47,18.404],[-70.47,18.41],[-70.471,18.412],[-70.471,18.414],[-70.472,18.415],[-70.472,18.416],[-70.473,18.416],[-70.474,18.417],[-70.474,18.418],[-70.476,18.419],[-70.477,18.42],[-70.478,18.42],[-70.479,18.421],[-70.48,18.421],[-70.481,18.422],[-70.482,18.422],[-70.484,18.423],[-70.486,18.423],[-70.489,18.424],[-70.489,18.425],[-70.491,18.426],[-70.493,18.426],[-70.495,18.428],[-70.496,18.429],[-70.497,18.429],[-70.497,18.437],[-70.496,18.437],[-70.496,18.442],[-70.495,18.442],[-70.495,18.444],[-70.494,18.444],[-70.494,18.445],[-70.495,18.445],[-70.495,18.447],[-70.498,18.447],[-70.499,18.448],[-70.499,18.449],[-70.498,18.449],[-70.498,18.45],[-70.497,18.45],[-70.497,18.452],[-70.496,18.452],[-70.496,18.453],[-70.497,18.453],[-70.497,18.454],[-70.498,18.454],[-70.498,18.455],[-70.501,18.455],[-70.501,18.456],[-70.502,18.456],[-70.502,18.457],[-70.503,18.457],[-70.503,18.459],[-70.502,18.459],[-70.502,18.46],[-70.501,18.461],[-70.501,18.462],[-70.502,18.462],[-70.502,18.467],[-70.501,18.467],[-70.501,18.469],[-70.502,18.469],[-70.502,18.47],[-70.503,18.47],[-70.504,18.469],[-70.504,18.468],[-70.506,18.468],[-70.506,18.469],[-70.507,18.469],[-70.507,18.47],[-70.508,18.47],[-70.508,18.473],[-70.509,18.473],[-70.509,18.474],[-70.51,18.474],[-70.51,18.473],[-70.511,18.473],[-70.511,18.472],[-70.512,18.472],[-70.512,18.474],[-70.513,18.474],[-70.513,18.478],[-70.512,18.478],[-70.512,18.484],[-70.506,18.484],[-70.506,18.487],[-70.507,18.488],[-70.506,18.489],[-70.505,18.49],[-70.505,18.491],[-70.506,18.491],[-70.506,18.492],[-70.507,18.492],[-70.507,18.493],[-70.511,18.493],[-70.511,18.494],[-70.512,18.494],[-70.512,18.495],[-70.513,18.495],[-70.513,18.496],[-70.515,18.496],[-70.515,18.495],[-70.516,18.495],[-70.517,18.494],[-70.526,18.494],[-70.526,18.495],[-70.527,18.495],[-70.527,18.497],[-70.526,18.498],[-70.527,18.498],[-70.527,18.5],[-70.529,18.5],[-70.529,18.498],[-70.53,18.498],[-70.53,18.497],[-70.531,18.496],[-70.531,18.497],[-70.532,18.497],[-70.532,18.498],[-70.533,18.498],[-70.534,18.497],[-70.535,18.497],[-70.535,18.498],[-70.536,18.498],[-70.536,18.499],[-70.537,18.499],[-70.537,18.502],[-70.538,18.502],[-70.538,18.503],[-70.541,18.503],[-70.541,18.504],[-70.543,18.504],[-70.543,18.507],[-70.546,18.507],[-70.546,18.508],[-70.547,18.509],[-70.547,18.51],[-70.548,18.511],[-70.548,18.513],[-70.549,18.513],[-70.549,18.515],[-70.552,18.515],[-70.552,18.517],[-70.551,18.517],[-70.551,18.518],[-70.554,18.518],[-70.554,18.517],[-70.555,18.516],[-70.555,18.512],[-70.556,18.513],[-70.558,18.513],[-70.558,18.514],[-70.559,18.515],[-70.559,18.516],[-70.56,18.516],[-70.56,18.519],[-70.561,18.519],[-70.561,18.521],[-70.565,18.521],[-70.565,18.522],[-70.566,18.522],[-70.567,18.521],[-70.567,18.522],[-70.568,18.522],[-70.568,18.523],[-70.57,18.523],[-70.57,18.524],[-70.573,18.524],[-70.574,18.523],[-70.578,18.523],[-70.578,18.522],[-70.579,18.523],[-70.581,18.523],[-70.582,18.522],[-70.584,18.522],[-70.584,18.524],[-70.585,18.524],[-70.585,18.525],[-70.587,18.525],[-70.587,18.526],[-70.585,18.526],[-70.585,18.528],[-70.586,18.528],[-70.586,18.531],[-70.585,18.531],[-70.585,18.532],[-70.588,18.532],[-70.588,18.533],[-70.59,18.533],[-70.59,18.534],[-70.592,18.534],[-70.592,18.535],[-70.593,18.535],[-70.593,18.536],[-70.597,18.536],[-70.599,18.534],[-70.602,18.534],[-70.602,18.533],[-70.604,18.533],[-70.604,18.532],[-70.606,18.532],[-70.606,18.531],[-70.608,18.531],[-70.608,18.53],[-70.61,18.53],[-70.61,18.531],[-70.611,18.531],[-70.611,18.532],[-70.612,18.532],[-70.612,18.533],[-70.613,18.533],[-70.613,18.535],[-70.614,18.535],[-70.614,18.538],[-70.615,18.538],[-70.615,18.539],[-70.616,18.539],[-70.616,18.54],[-70.617,18.54],[-70.617,18.543],[-70.618,18.544],[-70.618,18.545],[-70.619,18.545],[-70.619,18.548],[-70.622,18.548],[-70.622,18.547],[-70.623,18.547],[-70.623,18.546],[-70.624,18.546],[-70.624,18.548],[-70.625,18.548],[-70.625,18.55],[-70.627,18.55],[-70.627,18.551],[-70.628,18.551],[-70.627,18.552],[-70.627,18.554],[-70.626,18.555],[-70.626,18.558],[-70.625,18.558],[-70.625,18.559],[-70.626,18.559],[-70.626,18.56],[-70.627,18.561],[-70.627,18.562],[-70.628,18.562],[-70.629,18.563],[-70.629,18.566],[-70.631,18.566],[-70.631,18.567],[-70.633,18.567],[-70.633,18.568],[-70.634,18.568],[-70.634,18.569],[-70.635,18.569],[-70.635,18.57],[-70.636,18.57],[-70.637,18.571],[-70.637,18.572],[-70.638,18.573],[-70.639,18.573],[-70.64,18.574],[-70.64,18.576],[-70.642,18.576],[-70.642,18.575],[-70.645,18.575],[-70.645,18.576],[-70.646,18.576],[-70.646,18.577],[-70.647,18.577],[-70.648,18.578],[-70.648,18.579],[-70.649,18.579],[-70.649,18.58],[-70.651,18.58],[-70.651,18.581],[-70.655,18.581],[-70.655,18.582],[-70.657,18.582],[-70.658,18.583],[-70.659,18.583],[-70.659,18.585],[-70.663,18.585],[-70.663,18.586],[-70.662,18.586],[-70.663,18.587],[-70.663,18.589],[-70.666,18.589],[-70.666,18.59],[-70.667,18.59],[-70.667,18.591],[-70.669,18.591],[-70.669,18.593],[-70.672,18.593],[-70.672,18.596],[-70.673,18.597],[-70.674,18.598],[-70.674,18.6],[-70.673,18.6],[-70.673,18.601],[-70.672,18.601],[-70.672,18.602],[-70.671,18.602],[-70.671,18.603],[-70.67,18.603],[-70.67,18.605],[-70.668,18.605],[-70.668,18.607],[-70.669,18.607],[-70.669,18.608],[-70.67,18.608],[-70.67,18.611],[-70.669,18.611],[-70.669,18.614],[-70.668,18.615],[-70.667,18.616],[-70.666,18.616],[-70.666,18.617],[-70.665,18.617],[-70.665,18.619],[-70.664,18.619],[-70.664,18.62],[-70.663,18.62],[-70.663,18.621],[-70.662,18.621],[-70.662,18.63],[-70.661,18.63],[-70.661,18.632],[-70.66,18.633],[-70.661,18.633],[-70.661,18.634],[-70.662,18.635],[-70.662,18.638],[-70.663,18.639],[-70.662,18.64],[-70.663,18.64],[-70.663,18.643],[-70.664,18.643],[-70.664,18.644],[-70.663,18.645],[-70.663,18.646],[-70.662,18.646],[-70.662,18.647],[-70.663,18.647],[-70.663,18.649],[-70.664,18.65],[-70.663,18.65],[-70.663,18.651],[-70.662,18.651],[-70.662,18.655],[-70.663,18.655],[-70.663,18.657],[-70.664,18.657],[-70.664,18.66],[-70.665,18.661],[-70.665,18.665],[-70.666,18.667],[-70.667,18.668],[-70.668,18.668],[-70.668,18.669],[-70.67,18.669],[-70.67,18.67],[-70.672,18.67],[-70.672,18.672],[-70.674,18.672],[-70.674,18.674],[-70.675,18.674],[-70.675,18.675],[-70.676,18.675],[-70.676,18.677],[-70.677,18.677],[-70.677,18.679],[-70.678,18.679],[-70.678,18.681],[-70.679,18.682],[-70.68,18.682],[-70.68,18.683],[-70.681,18.683],[-70.681,18.684],[-70.682,18.684],[-70.682,18.685],[-70.684,18.685],[-70.684,18.686],[-70.685,18.686],[-70.685,18.685],[-70.686,18.685],[-70.686,18.684],[-70.688,18.684],[-70.688,18.685],[-70.691,18.685],[-70.691,18.686],[-70.693,18.686],[-70.693,18.685],[-70.696,18.685],[-70.696,18.686],[-70.695,18.686],[-70.695,18.688],[-70.694,18.688],[-70.694,18.69],[-70.693,18.69],[-70.693,18.691],[-70.692,18.691],[-70.692,18.694],[-70.691,18.694],[-70.691,18.695],[-70.69,18.695],[-70.69,18.696],[-70.689,18.696],[-70.689,18.697],[-70.688,18.697],[-70.688,18.698],[-70.689,18.698],[-70.689,18.699],[-70.688,18.699],[-70.688,18.7],[-70.687,18.7],[-70.687,18.702],[-70.688,18.702],[-70.688,18.703],[-70.687,18.703],[-70.687,18.705],[-70.686,18.706],[-70.683,18.706],[-70.683,18.707],[-70.682,18.707],[-70.681,18.708],[-70.681,18.709],[-70.68,18.709],[-70.68,18.71],[-70.679,18.711],[-70.679,18.712],[-70.678,18.712],[-70.678,18.716],[-70.679,18.716],[-70.679,18.717],[-70.68,18.717],[-70.68,18.718],[-70.681,18.719],[-70.682,18.72],[-70.682,18.725],[-70.683,18.726],[-70.684,18.727],[-70.685,18.729],[-70.686,18.73],[-70.686,18.731],[-70.687,18.732],[-70.687,18.733],[-70.688,18.734],[-70.688,18.737],[-70.687,18.738],[-70.686,18.739],[-70.685,18.739],[-70.684,18.74],[-70.684,18.743],[-70.685,18.743],[-70.685,18.745],[-70.684,18.746],[-70.683,18.747],[-70.683,18.749],[-70.682,18.75],[-70.682,18.753],[-70.683,18.754],[-70.683,18.759],[-70.684,18.76],[-70.687,18.761],[-70.69,18.762],[-70.692,18.763],[-70.692,18.767],[-70.693,18.768],[-70.695,18.768],[-70.696,18.769],[-70.696,18.772],[-70.697,18.774],[-70.698,18.775],[-70.699,18.776],[-70.7,18.775],[-70.701,18.774],[-70.703,18.772],[-70.705,18.772],[-70.705,18.771],[-70.707,18.771],[-70.708,18.772],[-70.709,18.773],[-70.709,18.774],[-70.715,18.774],[-70.716,18.775],[-70.718,18.775],[-70.718,18.774],[-70.721,18.774],[-70.721,18.775],[-70.724,18.775],[-70.725,18.774],[-70.726,18.774],[-70.726,18.773],[-70.727,18.773],[-70.727,18.772],[-70.728,18.772],[-70.73,18.774],[-70.731,18.775],[-70.732,18.774],[-70.739,18.774],[-70.74,18.773],[-70.741,18.773],[-70.742,18.772],[-70.743,18.771],[-70.746,18.771],[-70.748,18.769],[-70.748,18.768],[-70.749,18.768],[-70.751,18.77],[-70.753,18.772],[-70.755,18.774],[-70.756,18.777],[-70.757,18.779],[-70.758,18.78],[-70.758,18.781],[-70.759,18.781],[-70.76,18.782],[-70.761,18.782],[-70.762,18.783],[-70.762,18.784],[-70.763,18.785],[-70.764,18.787],[-70.764,18.788],[-70.765,18.789],[-70.765,18.79],[-70.766,18.791],[-70.766,18.793],[-70.767,18.793],[-70.767,18.795],[-70.768,18.796],[-70.768,18.799],[-70.77,18.803],[-70.771,18.804],[-70.771,18.806],[-70.772,18.807],[-70.774,18.808],[-70.775,18.81],[-70.776,18.811],[-70.776,18.812],[-70.777,18.812],[-70.777,18.814],[-70.778,18.815],[-70.778,18.816],[-70.779,18.817],[-70.779,18.818],[-70.78,18.818],[-70.78,18.82],[-70.781,18.822],[-70.781,18.823],[-70.782,18.825],[-70.782,18.826],[-70.783,18.827],[-70.785,18.829],[-70.789,18.83],[-70.791,18.83],[-70.793,18.831],[-70.795,18.832],[-70.796,18.832],[-70.796,18.833],[-70.798,18.833],[-70.799,18.834],[-70.799,18.835],[-70.806,18.835],[-70.807,18.836],[-70.809,18.836],[-70.81,18.837],[-70.811,18.837],[-70.812,18.838],[-70.813,18.839],[-70.815,18.839],[-70.817,18.841],[-70.818,18.842],[-70.819,18.844],[-70.82,18.845],[-70.821,18.846],[-70.822,18.846],[-70.823,18.847],[-70.823,18.848],[-70.824,18.849],[-70.823,18.85],[-70.822,18.851],[-70.821,18.851],[-70.821,18.852],[-70.82,18.853],[-70.821,18.854],[-70.821,18.861],[-70.822,18.861],[-70.822,18.863],[-70.823,18.864],[-70.823,18.866],[-70.824,18.866],[-70.825,18.867],[-70.825,18.868],[-70.826,18.869],[-70.826,18.87],[-70.827,18.87],[-70.827,18.873],[-70.828,18.874],[-70.829,18.875],[-70.83,18.876],[-70.831,18.877],[-70.832,18.877],[-70.834,18.879],[-70.835,18.88],[-70.836,18.882],[-70.837,18.883],[-70.837,18.888],[-70.838,18.89],[-70.838,18.891],[-70.839,18.893],[-70.839,18.895],[-70.84,18.895],[-70.84,18.9],[-70.838,18.9],[-70.838,18.903],[-70.839,18.903],[-70.839,18.904],[-70.84,18.904],[-70.838,18.906],[-70.838,18.908],[-70.839,18.908],[-70.839,18.91],[-70.84,18.91],[-70.84,18.913],[-70.838,18.913],[-70.838,18.918],[-70.837,18.919],[-70.837,18.92],[-70.838,18.92],[-70.838,18.921],[-70.839,18.922],[-70.839,18.925],[-70.84,18.926],[-70.84,18.927],[-70.841,18.927],[-70.84,18.928],[-70.839,18.928],[-70.839,18.929],[-70.838,18.929],[-70.838,18.928],[-70.837,18.928],[-70.836,18.929],[-70.837,18.93],[-70.837,18.931],[-70.836,18.931],[-70.836,18.932],[-70.835,18.931],[-70.835,18.93],[-70.832,18.93],[-70.832,18.929],[-70.831,18.929],[-70.831,18.928],[-70.83,18.928],[-70.83,18.931],[-70.829,18.931],[-70.829,18.933],[-70.827,18.933],[-70.827,18.934],[-70.826,18.934],[-70.826,18.939],[-70.828,18.939],[-70.828,18.938],[-70.829,18.938],[-70.829,18.939],[-70.83,18.939],[-70.83,18.94],[-70.831,18.94],[-70.831,18.942],[-70.832,18.942],[-70.832,18.948],[-70.833,18.948],[-70.833,18.95],[-70.834,18.95],[-70.833,18.951],[-70.833,18.952],[-70.835,18.952],[-70.835,18.953],[-70.837,18.953],[-70.837,18.954],[-70.839,18.954],[-70.839,18.953],[-70.84,18.953],[-70.84,18.954],[-70.842,18.954],[-70.842,18.957],[-70.844,18.957],[-70.844,18.96],[-70.843,18.961],[-70.843,18.963],[-70.844,18.963],[-70.844,18.965],[-70.843,18.965],[-70.843,18.966],[-70.844,18.966],[-70.844,18.967],[-70.847,18.967],[-70.847,18.97],[-70.845,18.97],[-70.845,18.972],[-70.846,18.972],[-70.846,18.973],[-70.845,18.973],[-70.845,18.975],[-70.844,18.975],[-70.844,18.979],[-70.843,18.979],[-70.843,18.98],[-70.844,18.981],[-70.844,18.982],[-70.843,18.982],[-70.843,18.983],[-70.842,18.982],[-70.841,18.982],[-70.841,18.983],[-70.84,18.983],[-70.84,18.984],[-70.839,18.984],[-70.839,18.985],[-70.84,18.985],[-70.84,18.986],[-70.839,18.986],[-70.839,18.987],[-70.838,18.987],[-70.838,18.988],[-70.839,18.988],[-70.839,18.99],[-70.84,18.99],[-70.84,18.991],[-70.842,18.991],[-70.842,18.992],[-70.843,18.992],[-70.843,18.993],[-70.845,18.992],[-70.845,18.993],[-70.846,18.993],[-70.846,18.994],[-70.848,18.994],[-70.848,18.995],[-70.849,18.995],[-70.85,18.996],[-70.851,18.997],[-70.851,18.998],[-70.852,18.998],[-70.852,19.001],[-70.853,19.003],[-70.858,19.003],[-70.86,19.004],[-70.87,19.004],[-70.873,19.002],[-70.875,19.001],[-70.875,19],[-70.876,19],[-70.877,18.999],[-70.878,18.997],[-70.879,18.997],[-70.879,18.996],[-70.883,18.996],[-70.885,18.995],[-70.886,18.995],[-70.887,18.994],[-70.887,18.993],[-70.888,18.992],[-70.889,18.992],[-70.89,18.993],[-70.891,18.993],[-70.892,18.992],[-70.892,18.99],[-70.891,18.99],[-70.891,18.988],[-70.892,18.987],[-70.892,18.986],[-70.891,18.986],[-70.892,18.985],[-70.892,18.983],[-70.891,18.982],[-70.89,18.979],[-70.889,18.977],[-70.888,18.976],[-70.888,18.971],[-70.889,18.971],[-70.891,18.97],[-70.892,18.968],[-70.894,18.968],[-70.894,18.967],[-70.896,18.967],[-70.896,18.965],[-70.898,18.965],[-70.899,18.964],[-70.9,18.964],[-70.902,18.963],[-70.904,18.963],[-70.905,18.962],[-70.908,18.961],[-70.909,18.961],[-70.91,18.96],[-70.911,18.96],[-70.912,18.961],[-70.914,18.961],[-70.917,18.96],[-70.93,18.96],[-70.93,18.959],[-70.931,18.959],[-70.932,18.958],[-70.931,18.958],[-70.931,18.957],[-70.93,18.956],[-70.929,18.955],[-70.926,18.955],[-70.926,18.954],[-70.925,18.953],[-70.925,18.949],[-70.924,18.949],[-70.924,18.947],[-70.923,18.947],[-70.923,18.945],[-70.922,18.945],[-70.921,18.944],[-70.921,18.942],[-70.92,18.942],[-70.92,18.941],[-70.917,18.941],[-70.917,18.94],[-70.916,18.94],[-70.916,18.938],[-70.917,18.938],[-70.917,18.937],[-70.916,18.936],[-70.915,18.935],[-70.915,18.934],[-70.916,18.933],[-70.92,18.933],[-70.92,18.931],[-70.921,18.931],[-70.922,18.929],[-70.922,18.928],[-70.924,18.926],[-70.925,18.925],[-70.927,18.925],[-70.928,18.926],[-70.929,18.926],[-70.931,18.927],[-70.94,18.927],[-70.943,18.925],[-70.945,18.925],[-70.946,18.924],[-70.949,18.924],[-70.95,18.923],[-70.952,18.92],[-70.955,18.917],[-70.955,18.912],[-70.956,18.911],[-70.964,18.911],[-70.965,18.91],[-70.966,18.91],[-70.967,18.909],[-70.968,18.909],[-70.969,18.908],[-70.97,18.907],[-70.971,18.907],[-70.972,18.906],[-70.973,18.906],[-70.974,18.905],[-70.975,18.904],[-70.976,18.903],[-70.976,18.902],[-70.975,18.902],[-70.975,18.901],[-70.974,18.901],[-70.973,18.9],[-70.972,18.9],[-70.972,18.896],[-70.973,18.896],[-70.973,18.895],[-70.974,18.895],[-70.974,18.894],[-70.976,18.894],[-70.976,18.893],[-70.977,18.892],[-70.978,18.891],[-70.979,18.89],[-70.98,18.89],[-70.98,18.888],[-70.981,18.887],[-70.981,18.885],[-70.982,18.885],[-70.982,18.884],[-70.984,18.884],[-70.984,18.883],[-70.985,18.883],[-70.985,18.881],[-70.987,18.881],[-70.987,18.88],[-70.988,18.881],[-70.988,18.88],[-70.989,18.879],[-70.989,18.878],[-70.99,18.878],[-70.991,18.877],[-70.992,18.877],[-70.991,18.875],[-70.99,18.874],[-70.99,18.873],[-70.989,18.872],[-70.988,18.872],[-70.988,18.871],[-70.987,18.871],[-70.987,18.87],[-70.986,18.87],[-70.986,18.869],[-70.985,18.869],[-70.984,18.868],[-70.983,18.868],[-70.983,18.867],[-70.982,18.867],[-70.982,18.864],[-70.981,18.864],[-70.981,18.861],[-70.982,18.86],[-70.984,18.86],[-70.986,18.859],[-70.987,18.859],[-70.988,18.858],[-70.993,18.858],[-70.994,18.857],[-70.995,18.856],[-70.994,18.856],[-70.994,18.854],[-70.995,18.854],[-70.995,18.853],[-70.996,18.852],[-70.996,18.851],[-70.995,18.85],[-70.995,18.849],[-70.994,18.849],[-70.994,18.846],[-70.993,18.845],[-70.992,18.844],[-70.992,18.843],[-70.989,18.843],[-70.988,18.842],[-70.988,18.841],[-70.987,18.84],[-70.987,18.838],[-70.986,18.837],[-70.985,18.836],[-70.985,18.833],[-70.984,18.833],[-70.984,18.832],[-70.983,18.831],[-70.983,18.83],[-70.982,18.83],[-70.982,18.827],[-70.981,18.827],[-70.981,18.826],[-70.98,18.826],[-70.98,18.825],[-70.979,18.825],[-70.979,18.823],[-70.978,18.823],[-70.977,18.822],[-70.977,18.821],[-70.976,18.821],[-70.976,18.82],[-70.975,18.82],[-70.975,18.818],[-70.974,18.818],[-70.974,18.816],[-70.973,18.816],[-70.973,18.815],[-70.972,18.815],[-70.972,18.81],[-70.971,18.81],[-70.971,18.806],[-70.973,18.806],[-70.973,18.804],[-70.974,18.804],[-70.974,18.803],[-70.973,18.803],[-70.973,18.8],[-70.972,18.8],[-70.972,18.799],[-70.971,18.799],[-70.971,18.796],[-70.973,18.796],[-70.973,18.794],[-70.974,18.794],[-70.975,18.793],[-70.975,18.792],[-70.976,18.792],[-70.976,18.79],[-70.977,18.79],[-70.977,18.788],[-70.979,18.788],[-70.979,18.787],[-70.98,18.787],[-70.981,18.786],[-70.981,18.785],[-70.982,18.785],[-70.982,18.784],[-70.983,18.784],[-70.983,18.783],[-70.984,18.782],[-70.983,18.781],[-70.983,18.779],[-70.984,18.778],[-70.984,18.776],[-70.985,18.776],[-70.985,18.775],[-70.986,18.775],[-70.986,18.771],[-70.985,18.771],[-70.985,18.768],[-70.986,18.768],[-70.986,18.767],[-70.987,18.766],[-70.988,18.766],[-70.988,18.765],[-70.989,18.764],[-70.99,18.763],[-70.993,18.763],[-70.994,18.762],[-70.995,18.762],[-70.995,18.761],[-70.996,18.761],[-70.996,18.76],[-70.998,18.758],[-70.999,18.757],[-71.001,18.755],[-71.001,18.753],[-71,18.753],[-70.999,18.752],[-70.998,18.752],[-70.998,18.751],[-70.999,18.751],[-70.999,18.749],[-71,18.749],[-71.002,18.751],[-71.007,18.751],[-71.008,18.752],[-71.009,18.752],[-71.01,18.753],[-71.01,18.755],[-71.009,18.756],[-71.01,18.757],[-71.01,18.758],[-71.011,18.759],[-71.011,18.76],[-71.012,18.761],[-71.013,18.763],[-71.013,18.765],[-71.014,18.766],[-71.014,18.767],[-71.015,18.767],[-71.015,18.768],[-71.016,18.769],[-71.017,18.77],[-71.018,18.771],[-71.02,18.772],[-71.022,18.773],[-71.023,18.773],[-71.024,18.774],[-71.025,18.775],[-71.027,18.776],[-71.028,18.777],[-71.029,18.778],[-71.029,18.779],[-71.03,18.78],[-71.03,18.781],[-71.031,18.78],[-71.032,18.779],[-71.033,18.779],[-71.034,18.778],[-71.036,18.778],[-71.036,18.777],[-71.038,18.777],[-71.038,18.776],[-71.039,18.775],[-71.041,18.775],[-71.042,18.774],[-71.043,18.773],[-71.045,18.773],[-71.046,18.772],[-71.048,18.77],[-71.049,18.77],[-71.051,18.769],[-71.052,18.769],[-71.053,18.768],[-71.055,18.768],[-71.055,18.763],[-71.056,18.762],[-71.055,18.761],[-71.054,18.76],[-71.053,18.759],[-71.053,18.75],[-71.052,18.749],[-71.051,18.746],[-71.048,18.74],[-71.046,18.737],[-71.043,18.734],[-71.041,18.73],[-71.039,18.727],[-71.038,18.724],[-71.038,18.72],[-71.04,18.716],[-71.042,18.713],[-71.046,18.71],[-71.047,18.708],[-71.047,18.707],[-71.048,18.706],[-71.048,18.702],[-71.047,18.702],[-71.047,18.694],[-71.048,18.694],[-71.048,18.693],[-71.049,18.693],[-71.05,18.692],[-71.05,18.683],[-71.051,18.682],[-71.051,18.679],[-71.052,18.678],[-71.053,18.677],[-71.053,18.676],[-71.056,18.676],[-71.057,18.677],[-71.058,18.677],[-71.059,18.678],[-71.06,18.679],[-71.061,18.68],[-71.064,18.68],[-71.064,18.679],[-71.065,18.678],[-71.066,18.677],[-71.066,18.676],[-71.067,18.675],[-71.067,18.674],[-71.069,18.674],[-71.069,18.672],[-71.074,18.671],[-71.075,18.672],[-71.076,18.672],[-71.076,18.674],[-71.077,18.675],[-71.077,18.677],[-71.076,18.677],[-71.076,18.678],[-71.075,18.679],[-71.075,18.68],[-71.074,18.68],[-71.074,18.683],[-71.073,18.683],[-71.073,18.684],[-71.072,18.685],[-71.072,18.691],[-71.071,18.692],[-71.071,18.695],[-71.076,18.695],[-71.077,18.694],[-71.078,18.693],[-71.079,18.693],[-71.079,18.687],[-71.08,18.687],[-71.08,18.685],[-71.081,18.685],[-71.081,18.684],[-71.082,18.684],[-71.082,18.681],[-71.083,18.681],[-71.083,18.679],[-71.084,18.679],[-71.084,18.678],[-71.085,18.678],[-71.085,18.677],[-71.084,18.677],[-71.084,18.676],[-71.085,18.676],[-71.085,18.671],[-71.086,18.671],[-71.086,18.669],[-71.087,18.669],[-71.087,18.668],[-71.09,18.668],[-71.09,18.666],[-71.091,18.665],[-71.091,18.664],[-71.093,18.664],[-71.093,18.665],[-71.095,18.665],[-71.095,18.663],[-71.094,18.663],[-71.094,18.662],[-71.096,18.662],[-71.096,18.66],[-71.097,18.66],[-71.097,18.659],[-71.099,18.659],[-71.099,18.658],[-71.1,18.658],[-71.1,18.657],[-71.101,18.657],[-71.1,18.656],[-71.101,18.656],[-71.101,18.652],[-71.102,18.652],[-71.102,18.651],[-71.101,18.651],[-71.1,18.65],[-71.101,18.649],[-71.101,18.65],[-71.102,18.65],[-71.102,18.647],[-71.103,18.647],[-71.103,18.646],[-71.105,18.646],[-71.105,18.644],[-71.106,18.644],[-71.107,18.643],[-71.107,18.644],[-71.108,18.644],[-71.109,18.643],[-71.11,18.643],[-71.11,18.642],[-71.112,18.642],[-71.112,18.641],[-71.116,18.641],[-71.117,18.64],[-71.118,18.64],[-71.118,18.639],[-71.124,18.639],[-71.125,18.64],[-71.127,18.64],[-71.128,18.641],[-71.129,18.642],[-71.131,18.642],[-71.132,18.641],[-71.134,18.639],[-71.135,18.638],[-71.135,18.637],[-71.136,18.636],[-71.136,18.634],[-71.137,18.633],[-71.137,18.632],[-71.138,18.631],[-71.138,18.629],[-71.139,18.629],[-71.141,18.627],[-71.146,18.627],[-71.147,18.626],[-71.148,18.625],[-71.149,18.624],[-71.15,18.623],[-71.152,18.623],[-71.152,18.622],[-71.154,18.622],[-71.154,18.621],[-71.157,18.621],[-71.157,18.62],[-71.158,18.62],[-71.158,18.621],[-71.162,18.621],[-71.162,18.615]],[[-70.498,18.454],[-70.498,18.453],[-70.499,18.453],[-70.499,18.454],[-70.498,18.454]],[[-70.847,18.97],[-70.848,18.97],[-70.847,18.971],[-70.847,18.97]]]]}},{"type":"Feature","properties":{"shapeName":"Barahona","provinceKey":"barahona","shapeType":"ADM1"},"geometry":{"type":"MultiPolygon","coordinates":[[[[-71.482,18.164],[-71.481,18.162],[-71.481,18.156],[-71.48,18.156],[-71.478,18.155],[-71.477,18.153],[-71.475,18.152],[-71.471,18.149],[-71.471,18.148],[-71.469,18.146],[-71.467,18.144],[-71.466,18.144],[-71.464,18.142],[-71.464,18.141],[-71.461,18.139],[-71.461,18.138],[-71.459,18.137],[-71.457,18.135],[-71.455,18.134],[-71.454,18.133],[-71.452,18.132],[-71.45,18.13],[-71.448,18.129],[-71.445,18.128],[-71.444,18.127],[-71.443,18.126],[-71.441,18.125],[-71.44,18.123],[-71.438,18.122],[-71.437,18.122],[-71.435,18.121],[-71.433,18.121],[-71.431,18.12],[-71.43,18.119],[-71.429,18.118],[-71.428,18.118],[-71.426,18.117],[-71.425,18.117],[-71.424,18.116],[-71.422,18.115],[-71.42,18.114],[-71.419,18.113],[-71.418,18.112],[-71.416,18.108],[-71.415,18.106],[-71.415,18.105],[-71.414,18.104],[-71.394,18.077],[-71.394,18.071],[-71.395,18.069],[-71.395,18.067],[-71.394,18.066],[-71.394,18.059],[-71.395,18.058],[-71.395,18.053],[-71.397,18.052],[-71.397,18.051],[-71.398,18.049],[-71.4,18.048],[-71.402,18.047],[-71.403,18.046],[-71.412,18.046],[-71.413,18.044],[-71.414,18.044],[-71.416,18.043],[-71.417,18.041],[-71.417,18.04],[-71.418,18.039],[-71.419,18.038],[-71.419,18.036],[-71.421,18.034],[-71.422,18.033],[-71.422,18.031],[-71.423,18.03],[-71.423,18.029],[-71.424,18.028],[-71.425,18.026],[-71.425,18.025],[-71.426,18.024],[-71.426,18.022],[-71.427,18.021],[-71.428,18.02],[-71.429,18.019],[-71.432,18.017],[-71.433,18.016],[-71.434,18.015],[-71.435,18.014],[-71.437,18.012],[-71.437,18.011],[-71.436,18.009],[-71.436,17.998],[-71.435,17.996],[-71.433,17.994],[-71.433,17.992],[-71.434,17.991],[-71.435,17.991],[-71.436,17.99],[-71.437,17.989],[-71.438,17.987],[-71.439,17.987],[-71.44,17.986],[-71.44,17.985],[-71.441,17.985],[-71.442,17.984],[-71.443,17.984],[-71.444,17.983],[-71.444,17.974],[-71.443,17.973],[-71.441,17.971],[-71.438,17.97],[-71.437,17.97],[-71.437,17.969],[-71.436,17.969],[-71.434,17.967],[-71.433,17.966],[-71.431,17.964],[-71.43,17.963],[-71.429,17.963],[-71.427,17.962],[-71.426,17.961],[-71.422,17.961],[-71.421,17.962],[-71.419,17.963],[-71.418,17.964],[-71.415,17.964],[-71.413,17.965],[-71.411,17.965],[-71.41,17.964],[-71.41,17.96],[-71.409,17.96],[-71.409,17.959],[-71.408,17.958],[-71.408,17.957],[-71.407,17.957],[-71.406,17.956],[-71.405,17.957],[-71.404,17.958],[-71.403,17.959],[-71.402,17.958],[-71.401,17.957],[-71.401,17.956],[-71.4,17.955],[-71.4,17.954],[-71.399,17.954],[-71.398,17.953],[-71.398,17.952],[-71.397,17.951],[-71.397,17.949],[-71.398,17.949],[-71.398,17.948],[-71.399,17.947],[-71.399,17.945],[-71.4,17.944],[-71.402,17.944],[-71.403,17.943],[-71.404,17.942],[-71.405,17.941],[-71.406,17.941],[-71.407,17.94],[-71.408,17.94],[-71.408,17.939],[-71.407,17.939],[-71.407,17.938],[-71.408,17.937],[-71.41,17.937],[-71.411,17.936],[-71.411,17.935],[-71.41,17.935],[-71.409,17.934],[-71.408,17.935],[-71.403,17.935],[-71.402,17.934],[-71.401,17.933],[-71.399,17.933],[-71.398,17.932],[-71.398,17.928],[-71.397,17.927],[-71.397,17.926],[-71.396,17.926],[-71.396,17.925],[-71.395,17.924],[-71.394,17.924],[-71.393,17.923],[-71.387,17.923],[-71.386,17.922],[-71.384,17.922],[-71.383,17.921],[-71.382,17.92],[-71.38,17.921],[-71.379,17.92],[-71.371,17.92],[-71.37,17.921],[-71.369,17.921],[-71.369,17.922],[-71.368,17.922],[-71.366,17.921],[-71.365,17.92],[-71.363,17.919],[-71.362,17.919],[-71.361,17.917],[-71.36,17.916],[-71.357,17.915],[-71.357,17.914],[-71.356,17.914],[-71.354,17.913],[-71.35,17.913],[-71.35,17.912],[-71.346,17.912],[-71.345,17.911],[-71.343,17.91],[-71.342,17.91],[-71.341,17.909],[-71.339,17.909],[-71.338,17.91],[-71.337,17.91],[-71.336,17.911],[-71.335,17.912],[-71.334,17.913],[-71.332,17.913],[-71.331,17.914],[-71.331,17.915],[-71.329,17.917],[-71.326,17.916],[-71.325,17.916],[-71.323,17.915],[-71.313,17.915],[-71.311,17.914],[-71.309,17.913],[-71.308,17.912],[-71.307,17.911],[-71.306,17.909],[-71.306,17.908],[-71.305,17.907],[-71.305,17.903],[-71.306,17.903],[-71.306,17.902],[-71.308,17.901],[-71.308,17.899],[-71.309,17.899],[-71.309,17.898],[-71.31,17.897],[-71.31,17.895],[-71.308,17.895],[-71.307,17.896],[-71.303,17.896],[-71.301,17.895],[-71.3,17.894],[-71.299,17.893],[-71.297,17.891],[-71.295,17.891],[-71.294,17.89],[-71.294,17.889],[-71.293,17.888],[-71.294,17.887],[-71.294,17.886],[-71.293,17.885],[-71.293,17.884],[-71.292,17.883],[-71.292,17.882],[-71.291,17.882],[-71.291,17.88],[-71.29,17.879],[-71.29,17.869],[-71.289,17.868],[-71.288,17.866],[-71.286,17.865],[-71.285,17.864],[-71.284,17.863],[-71.283,17.863],[-71.282,17.862],[-71.28,17.861],[-71.279,17.859],[-71.277,17.857],[-71.275,17.855],[-71.274,17.854],[-71.273,17.854],[-71.273,17.856],[-71.272,17.857],[-71.271,17.857],[-71.271,17.858],[-71.27,17.858],[-71.27,17.861],[-71.269,17.862],[-71.27,17.863],[-71.269,17.863],[-71.269,17.864],[-71.268,17.865],[-71.268,17.866],[-71.267,17.866],[-71.267,17.867],[-71.266,17.867],[-71.266,17.868],[-71.265,17.868],[-71.265,17.869],[-71.264,17.87],[-71.264,17.871],[-71.263,17.871],[-71.263,17.872],[-71.261,17.872],[-71.261,17.873],[-71.26,17.873],[-71.26,17.876],[-71.257,17.876],[-71.257,17.878],[-71.256,17.878],[-71.255,17.879],[-71.255,17.88],[-71.254,17.88],[-71.254,17.881],[-71.253,17.881],[-71.253,17.883],[-71.252,17.883],[-71.251,17.882],[-71.251,17.883],[-71.25,17.883],[-71.249,17.884],[-71.248,17.884],[-71.248,17.885],[-71.247,17.885],[-71.247,17.886],[-71.246,17.886],[-71.245,17.887],[-71.245,17.888],[-71.244,17.888],[-71.244,17.889],[-71.242,17.889],[-71.24,17.891],[-71.239,17.891],[-71.239,17.892],[-71.238,17.893],[-71.238,17.894],[-71.237,17.894],[-71.237,17.895],[-71.236,17.896],[-71.235,17.896],[-71.235,17.897],[-71.234,17.897],[-71.233,17.898],[-71.231,17.898],[-71.23,17.899],[-71.229,17.899],[-71.228,17.9],[-71.227,17.9],[-71.225,17.902],[-71.224,17.902],[-71.224,17.903],[-71.223,17.903],[-71.223,17.905],[-71.222,17.905],[-71.222,17.907],[-71.221,17.908],[-71.22,17.908],[-71.22,17.909],[-71.219,17.91],[-71.219,17.911],[-71.218,17.911],[-71.218,17.912],[-71.217,17.911],[-71.217,17.912],[-71.216,17.912],[-71.216,17.914],[-71.215,17.915],[-71.215,17.916],[-71.214,17.916],[-71.214,17.918],[-71.213,17.918],[-71.213,17.92],[-71.209,17.92],[-71.208,17.921],[-71.208,17.922],[-71.207,17.922],[-71.206,17.923],[-71.206,17.924],[-71.205,17.924],[-71.205,17.925],[-71.204,17.926],[-71.204,17.927],[-71.203,17.927],[-71.202,17.928],[-71.202,17.929],[-71.201,17.929],[-71.201,17.93],[-71.2,17.93],[-71.2,17.931],[-71.199,17.932],[-71.198,17.933],[-71.198,17.934],[-71.197,17.935],[-71.197,17.936],[-71.196,17.936],[-71.196,17.937],[-71.195,17.937],[-71.195,17.939],[-71.194,17.939],[-71.194,17.941],[-71.193,17.941],[-71.193,17.942],[-71.192,17.943],[-71.192,17.944],[-71.191,17.944],[-71.191,17.945],[-71.19,17.945],[-71.19,17.947],[-71.189,17.947],[-71.189,17.948],[-71.188,17.948],[-71.188,17.95],[-71.187,17.95],[-71.187,17.951],[-71.186,17.951],[-71.186,17.953],[-71.185,17.953],[-71.185,17.955],[-71.184,17.955],[-71.184,17.956],[-71.183,17.956],[-71.183,17.958],[-71.182,17.959],[-71.181,17.959],[-71.181,17.96],[-71.18,17.96],[-71.18,17.961],[-71.179,17.962],[-71.179,17.963],[-71.178,17.963],[-71.178,17.964],[-71.177,17.964],[-71.177,17.967],[-71.176,17.968],[-71.176,17.969],[-71.175,17.97],[-71.174,17.971],[-71.173,17.972],[-71.173,17.973],[-71.172,17.974],[-71.172,17.975],[-71.171,17.975],[-71.171,17.977],[-71.17,17.977],[-71.17,17.979],[-71.169,17.979],[-71.169,17.981],[-71.168,17.981],[-71.168,17.982],[-71.167,17.982],[-71.167,17.983],[-71.166,17.984],[-71.165,17.985],[-71.165,17.986],[-71.164,17.987],[-71.164,17.988],[-71.163,17.988],[-71.163,17.989],[-71.162,17.989],[-71.162,17.99],[-71.161,17.99],[-71.161,17.991],[-71.16,17.991],[-71.16,17.992],[-71.159,17.992],[-71.159,17.993],[-71.158,17.994],[-71.158,17.995],[-71.157,17.995],[-71.156,17.996],[-71.152,17.996],[-71.152,17.998],[-71.151,17.998],[-71.151,17.999],[-71.15,18],[-71.15,18.001],[-71.149,18.002],[-71.149,18.003],[-71.148,18.003],[-71.147,18.004],[-71.147,18.005],[-71.145,18.007],[-71.145,18.008],[-71.144,18.008],[-71.143,18.009],[-71.143,18.008],[-71.141,18.008],[-71.141,18.009],[-71.14,18.009],[-71.14,18.008],[-71.139,18.008],[-71.138,18.009],[-71.138,18.012],[-71.137,18.012],[-71.137,18.013],[-71.138,18.013],[-71.138,18.017],[-71.139,18.018],[-71.139,18.025],[-71.138,18.025],[-71.138,18.027],[-71.137,18.028],[-71.137,18.029],[-71.136,18.03],[-71.135,18.03],[-71.135,18.031],[-71.134,18.032],[-71.133,18.032],[-71.132,18.033],[-71.131,18.033],[-71.131,18.034],[-71.128,18.034],[-71.128,18.035],[-71.127,18.035],[-71.127,18.036],[-71.126,18.036],[-71.126,18.037],[-71.125,18.037],[-71.125,18.038],[-71.124,18.038],[-71.124,18.039],[-71.123,18.04],[-71.12,18.04],[-71.118,18.042],[-71.117,18.042],[-71.117,18.043],[-71.116,18.043],[-71.116,18.044],[-71.117,18.045],[-71.117,18.046],[-71.118,18.046],[-71.118,18.047],[-71.119,18.047],[-71.118,18.048],[-71.118,18.05],[-71.117,18.05],[-71.117,18.051],[-71.115,18.051],[-71.115,18.052],[-71.114,18.052],[-71.114,18.054],[-71.115,18.054],[-71.114,18.055],[-71.114,18.056],[-71.113,18.056],[-71.113,18.057],[-71.112,18.058],[-71.111,18.059],[-71.11,18.06],[-71.109,18.061],[-71.108,18.062],[-71.108,18.063],[-71.107,18.063],[-71.106,18.064],[-71.106,18.065],[-71.104,18.065],[-71.104,18.066],[-71.102,18.066],[-71.102,18.065],[-71.101,18.065],[-71.101,18.066],[-71.1,18.066],[-71.099,18.065],[-71.099,18.066],[-71.098,18.066],[-71.098,18.067],[-71.096,18.067],[-71.096,18.068],[-71.095,18.069],[-71.095,18.071],[-71.094,18.071],[-71.094,18.074],[-71.093,18.074],[-71.093,18.075],[-71.092,18.076],[-71.091,18.076],[-71.091,18.077],[-71.09,18.078],[-71.09,18.079],[-71.089,18.079],[-71.089,18.081],[-71.088,18.082],[-71.088,18.083],[-71.087,18.083],[-71.087,18.084],[-71.086,18.084],[-71.086,18.085],[-71.085,18.085],[-71.085,18.087],[-71.084,18.087],[-71.084,18.089],[-71.083,18.089],[-71.083,18.092],[-71.082,18.092],[-71.082,18.094],[-71.081,18.095],[-71.081,18.096],[-71.08,18.096],[-71.08,18.097],[-71.079,18.097],[-71.079,18.098],[-71.078,18.099],[-71.078,18.101],[-71.077,18.101],[-71.077,18.103],[-71.076,18.103],[-71.076,18.104],[-71.075,18.104],[-71.075,18.105],[-71.074,18.106],[-71.074,18.108],[-71.073,18.108],[-71.073,18.109],[-71.072,18.109],[-71.072,18.11],[-71.073,18.11],[-71.073,18.111],[-71.072,18.111],[-71.072,18.112],[-71.071,18.112],[-71.072,18.113],[-71.071,18.113],[-71.071,18.114],[-71.072,18.114],[-71.072,18.115],[-71.071,18.116],[-71.071,18.117],[-71.07,18.118],[-71.07,18.12],[-71.069,18.12],[-71.069,18.122],[-71.068,18.122],[-71.068,18.126],[-71.067,18.127],[-71.065,18.127],[-71.065,18.128],[-71.066,18.128],[-71.066,18.131],[-71.065,18.131],[-71.065,18.132],[-71.064,18.132],[-71.064,18.135],[-71.063,18.135],[-71.063,18.136],[-71.064,18.137],[-71.064,18.14],[-71.063,18.14],[-71.063,18.141],[-71.064,18.141],[-71.064,18.144],[-71.063,18.145],[-71.063,18.146],[-71.062,18.146],[-71.062,18.147],[-71.06,18.147],[-71.06,18.148],[-71.061,18.148],[-71.061,18.151],[-71.06,18.151],[-71.06,18.152],[-71.059,18.152],[-71.059,18.155],[-71.058,18.155],[-71.058,18.156],[-71.057,18.156],[-71.056,18.155],[-71.055,18.155],[-71.055,18.156],[-71.056,18.156],[-71.056,18.157],[-71.057,18.157],[-71.058,18.158],[-71.058,18.159],[-71.059,18.159],[-71.059,18.16],[-71.061,18.16],[-71.061,18.161],[-71.06,18.161],[-71.06,18.162],[-71.062,18.162],[-71.062,18.164],[-71.063,18.164],[-71.063,18.165],[-71.064,18.166],[-71.065,18.166],[-71.066,18.167],[-71.066,18.168],[-71.067,18.168],[-71.067,18.169],[-71.068,18.17],[-71.068,18.173],[-71.069,18.173],[-71.069,18.174],[-71.07,18.174],[-71.07,18.176],[-71.069,18.176],[-71.068,18.177],[-71.069,18.177],[-71.069,18.178],[-71.068,18.178],[-71.068,18.179],[-71.069,18.179],[-71.07,18.178],[-71.07,18.179],[-71.071,18.179],[-71.071,18.181],[-71.072,18.181],[-71.072,18.188],[-71.073,18.189],[-71.074,18.189],[-71.074,18.19],[-71.075,18.19],[-71.075,18.191],[-71.077,18.191],[-71.077,18.192],[-71.079,18.192],[-71.079,18.193],[-71.08,18.194],[-71.082,18.194],[-71.082,18.196],[-71.081,18.196],[-71.081,18.197],[-71.082,18.198],[-71.083,18.198],[-71.083,18.199],[-71.085,18.199],[-71.086,18.2],[-71.087,18.201],[-71.088,18.202],[-71.088,18.203],[-71.089,18.203],[-71.089,18.206],[-71.09,18.206],[-71.09,18.208],[-71.091,18.208],[-71.092,18.207],[-71.092,18.209],[-71.093,18.209],[-71.093,18.21],[-71.092,18.21],[-71.092,18.211],[-71.091,18.212],[-71.091,18.213],[-71.089,18.213],[-71.089,18.215],[-71.088,18.216],[-71.088,18.215],[-71.087,18.215],[-71.087,18.213],[-71.086,18.214],[-71.085,18.215],[-71.085,18.216],[-71.084,18.217],[-71.084,18.219],[-71.085,18.219],[-71.085,18.22],[-71.086,18.22],[-71.086,18.222],[-71.087,18.222],[-71.087,18.223],[-71.088,18.223],[-71.088,18.226],[-71.089,18.226],[-71.089,18.228],[-71.09,18.228],[-71.09,18.229],[-71.093,18.229],[-71.093,18.23],[-71.094,18.23],[-71.094,18.231],[-71.095,18.231],[-71.095,18.232],[-71.096,18.232],[-71.097,18.233],[-71.098,18.234],[-71.098,18.237],[-71.099,18.237],[-71.099,18.241],[-71.102,18.241],[-71.102,18.242],[-71.104,18.242],[-71.104,18.243],[-71.105,18.243],[-71.105,18.245],[-71.106,18.246],[-71.106,18.247],[-71.105,18.247],[-71.105,18.248],[-71.106,18.248],[-71.106,18.249],[-71.108,18.251],[-71.108,18.252],[-71.109,18.252],[-71.109,18.264],[-71.108,18.264],[-71.108,18.266],[-71.107,18.267],[-71.107,18.269],[-71.106,18.269],[-71.106,18.271],[-71.105,18.271],[-71.105,18.273],[-71.104,18.273],[-71.104,18.276],[-71.103,18.276],[-71.103,18.278],[-71.102,18.279],[-71.102,18.28],[-71.101,18.28],[-71.101,18.281],[-71.1,18.282],[-71.099,18.283],[-71.098,18.284],[-71.097,18.284],[-71.097,18.285],[-71.096,18.286],[-71.095,18.287],[-71.094,18.288],[-71.094,18.289],[-71.093,18.289],[-71.093,18.29],[-71.092,18.29],[-71.092,18.291],[-71.091,18.291],[-71.091,18.292],[-71.09,18.292],[-71.09,18.293],[-71.089,18.293],[-71.089,18.294],[-71.088,18.295],[-71.087,18.296],[-71.086,18.297],[-71.085,18.298],[-71.084,18.299],[-71.083,18.3],[-71.082,18.3],[-71.082,18.301],[-71.081,18.301],[-71.081,18.302],[-71.08,18.302],[-71.08,18.303],[-71.078,18.303],[-71.078,18.304],[-71.077,18.304],[-71.077,18.305],[-71.076,18.305],[-71.076,18.306],[-71.075,18.306],[-71.074,18.307],[-71.073,18.307],[-71.073,18.308],[-71.072,18.308],[-71.071,18.309],[-71.07,18.31],[-71.069,18.31],[-71.067,18.312],[-71.065,18.312],[-71.065,18.313],[-71.064,18.313],[-71.063,18.314],[-71.062,18.315],[-71.061,18.315],[-71.06,18.316],[-71.059,18.316],[-71.058,18.317],[-71.057,18.317],[-71.055,18.318],[-71.046,18.318],[-71.046,18.317],[-71.043,18.317],[-71.042,18.316],[-71.041,18.316],[-71.04,18.315],[-71.039,18.314],[-71.038,18.314],[-71.038,18.313],[-71.035,18.313],[-71.035,18.311],[-71.034,18.31],[-71.034,18.308],[-71.033,18.308],[-71.033,18.309],[-71.032,18.31],[-71.031,18.31],[-71.03,18.309],[-71.028,18.309],[-71.028,18.31],[-71.026,18.31],[-71.026,18.311],[-71.022,18.311],[-71.022,18.31],[-71.02,18.31],[-71.019,18.309],[-71.018,18.308],[-71.017,18.308],[-71.017,18.307],[-71.016,18.307],[-71.015,18.306],[-71.012,18.306],[-71.011,18.305],[-71.01,18.305],[-71.01,18.304],[-71.009,18.304],[-71.009,18.303],[-71.008,18.303],[-71.007,18.302],[-71.005,18.302],[-71.005,18.301],[-71.004,18.3],[-71.004,18.301],[-71.002,18.301],[-71.001,18.3],[-70.998,18.3],[-70.998,18.299],[-70.997,18.299],[-70.996,18.298],[-70.995,18.297],[-70.995,18.296],[-70.994,18.296],[-70.994,18.294],[-70.993,18.293],[-70.993,18.291],[-70.992,18.291],[-70.992,18.29],[-70.991,18.29],[-70.99,18.289],[-70.987,18.289],[-70.986,18.288],[-70.985,18.288],[-70.985,18.287],[-70.983,18.287],[-70.983,18.286],[-70.982,18.286],[-70.982,18.284],[-70.981,18.283],[-70.981,18.279],[-70.98,18.279],[-70.98,18.277],[-70.979,18.276],[-70.979,18.274],[-70.978,18.273],[-70.978,18.272],[-70.977,18.272],[-70.977,18.27],[-70.976,18.269],[-70.977,18.269],[-70.977,18.264],[-70.976,18.264],[-70.976,18.263],[-70.975,18.262],[-70.974,18.261],[-70.974,18.26],[-70.971,18.26],[-70.971,18.259],[-70.97,18.259],[-70.97,18.258],[-70.969,18.258],[-70.969,18.257],[-70.967,18.258],[-70.967,18.259],[-70.963,18.259],[-70.963,18.26],[-70.962,18.261],[-70.962,18.262],[-70.961,18.263],[-70.96,18.263],[-70.96,18.264],[-70.959,18.265],[-70.959,18.266],[-70.958,18.266],[-70.958,18.268],[-70.957,18.269],[-70.956,18.27],[-70.955,18.271],[-70.955,18.273],[-70.956,18.273],[-70.956,18.274],[-70.955,18.275],[-70.955,18.277],[-70.956,18.278],[-70.958,18.279],[-70.958,18.281],[-70.957,18.281],[-70.957,18.282],[-70.956,18.282],[-70.954,18.283],[-70.954,18.284],[-70.953,18.285],[-70.952,18.286],[-70.952,18.287],[-70.951,18.287],[-70.951,18.295],[-70.95,18.296],[-70.95,18.297],[-70.949,18.297],[-70.949,18.298],[-70.948,18.299],[-70.948,18.3],[-70.947,18.301],[-70.947,18.305],[-70.948,18.307],[-70.948,18.309],[-70.949,18.31],[-70.949,18.316],[-70.95,18.317],[-70.95,18.318],[-70.951,18.318],[-70.952,18.319],[-70.953,18.319],[-70.954,18.32],[-70.955,18.32],[-70.955,18.321],[-70.956,18.321],[-70.956,18.323],[-70.958,18.323],[-70.959,18.324],[-70.959,18.326],[-70.96,18.326],[-70.96,18.329],[-70.959,18.332],[-70.96,18.333],[-70.96,18.336],[-70.961,18.336],[-70.961,18.338],[-70.962,18.338],[-70.962,18.339],[-70.963,18.34],[-70.965,18.34],[-70.967,18.341],[-70.968,18.342],[-70.969,18.342],[-70.969,18.343],[-70.97,18.344],[-70.971,18.344],[-70.971,18.345],[-70.972,18.345],[-70.974,18.346],[-70.976,18.348],[-70.975,18.349],[-70.975,18.351],[-70.974,18.351],[-70.975,18.352],[-70.981,18.352857142857143],[-70.981,18.353],[-70.982,18.353],[-70.982,18.352],[-70.983,18.351],[-70.984,18.35],[-70.985,18.35],[-70.986,18.352],[-70.986,18.353],[-70.985,18.354],[-70.987,18.356],[-70.988,18.357],[-70.989,18.357],[-70.99,18.356],[-70.991,18.355],[-70.999,18.355],[-71.001,18.357],[-71.003,18.359],[-71.005,18.361],[-71.006,18.362],[-71.007,18.363],[-71.008,18.364],[-71.009,18.365],[-71.01,18.366],[-71.01,18.367],[-71.011,18.368],[-71.012,18.368],[-71.012,18.369],[-71.013,18.37],[-71.013,18.371],[-71.014,18.371],[-71.017,18.372],[-71.017,18.374],[-71.02,18.376],[-71.02,18.377],[-71.021,18.378],[-71.022,18.378],[-71.025,18.379],[-71.027,18.38],[-71.028,18.38],[-71.028,18.378],[-71.029,18.377],[-71.03,18.377],[-71.032,18.376],[-71.033,18.377],[-71.036,18.377],[-71.037,18.378],[-71.039,18.378],[-71.039,18.382],[-71.038,18.382],[-71.039,18.384],[-71.04,18.387],[-71.041,18.39],[-71.043,18.394],[-71.045,18.395],[-71.046,18.397],[-71.047,18.399],[-71.048,18.401],[-71.05,18.402],[-71.051,18.403],[-71.051,18.404],[-71.052,18.404],[-71.052,18.406],[-71.051,18.407],[-71.049,18.407],[-71.048,18.408],[-71.047,18.408],[-71.045,18.409],[-71.044,18.409],[-71.044,18.41],[-71.043,18.411],[-71.043,18.412],[-71.042,18.411],[-71.041,18.411],[-71.04,18.41],[-71.039,18.41],[-71.038,18.409],[-71.035,18.409],[-71.035,18.41],[-71.033,18.41],[-71.031,18.411],[-71.027,18.411],[-71.024,18.412],[-71.023,18.413],[-71.022,18.413],[-71.022,18.414],[-71.021,18.414],[-71.021,18.415],[-71.02,18.415],[-71.02,18.416],[-71.019,18.416],[-71.019,18.421],[-71.018,18.421],[-71.018,18.423],[-71.017,18.422],[-71.017,18.423],[-71.016,18.423],[-71.016,18.424],[-71.017,18.424],[-71.017,18.427],[-71.018,18.427],[-71.018,18.429],[-71.016,18.429],[-71.016,18.432],[-71.015,18.432],[-71.015,18.433],[-71.013,18.433],[-71.013,18.435],[-71.012,18.435],[-71.012,18.437],[-71.01,18.437],[-71.01,18.439],[-71.009,18.439],[-71.009,18.44],[-71.008,18.44],[-71.008,18.441],[-71.007,18.441],[-71.007,18.443],[-71.008,18.443],[-71.008,18.446],[-71.007,18.446],[-71.007,18.45],[-71.004,18.45],[-71.004,18.451],[-71.005,18.451],[-71.005,18.452],[-71.003,18.452],[-71.003,18.453],[-71.002,18.453],[-71.002,18.454],[-70.999,18.454],[-70.999,18.456],[-70.997,18.456],[-70.997,18.457],[-70.996,18.457],[-70.996,18.458],[-70.997,18.458],[-70.997,18.459],[-70.996,18.46],[-70.995,18.46],[-70.995,18.461],[-70.994,18.461],[-70.994,18.46],[-70.992,18.46],[-70.992,18.458],[-70.991,18.458],[-70.991,18.459],[-70.988,18.459],[-70.988,18.46],[-70.987,18.46],[-70.987,18.461],[-70.985,18.461],[-70.985,18.462],[-70.986,18.462],[-70.987,18.463],[-70.988,18.463],[-70.988,18.464],[-70.989,18.464],[-70.989,18.466],[-70.99,18.466],[-70.99,18.467],[-70.991,18.467],[-70.991,18.47],[-70.99,18.47],[-70.99,18.471],[-70.989,18.471],[-70.989,18.472],[-70.99,18.472],[-70.99,18.473],[-70.991,18.473],[-70.991,18.474],[-70.992,18.474],[-70.992,18.475],[-70.993,18.475],[-70.993,18.476],[-70.992,18.476],[-70.992,18.478],[-70.99,18.478],[-70.99,18.48],[-70.991,18.48],[-70.992,18.481],[-70.991,18.481],[-70.991,18.484],[-70.993,18.484],[-70.993,18.485],[-70.992,18.485],[-70.992,18.486],[-70.991,18.486],[-70.991,18.487],[-70.993,18.487],[-70.995,18.488],[-70.997,18.488],[-70.999,18.49],[-71,18.491],[-71.001,18.491],[-71.001,18.492],[-71.002,18.493],[-71.005,18.492],[-71.008,18.492],[-71.012,18.493],[-71.015,18.494],[-71.019,18.495],[-71.021,18.495],[-71.022,18.496],[-71.024,18.496],[-71.024,18.495],[-71.027,18.495],[-71.027,18.496],[-71.029,18.496],[-71.029,18.497],[-71.03,18.497],[-71.03,18.496],[-71.04,18.496],[-71.041,18.497],[-71.042,18.497],[-71.042,18.496],[-71.043,18.496],[-71.043,18.497],[-71.044,18.497],[-71.044,18.496],[-71.045,18.496],[-71.045,18.495],[-71.046,18.494],[-71.047,18.494],[-71.047,18.493],[-71.048,18.493],[-71.048,18.484],[-71.049,18.484],[-71.049,18.482],[-71.05,18.482],[-71.05,18.481],[-71.051,18.481],[-71.052,18.48],[-71.052,18.479],[-71.053,18.479],[-71.053,18.478],[-71.054,18.478],[-71.054,18.477],[-71.055,18.477],[-71.055,18.476],[-71.056,18.476],[-71.056,18.475],[-71.059,18.475],[-71.059,18.476],[-71.06,18.476],[-71.06,18.477],[-71.061,18.477],[-71.061,18.478],[-71.062,18.478],[-71.062,18.479],[-71.066,18.479],[-71.066,18.48],[-71.067,18.479],[-71.069,18.479],[-71.069,18.478],[-71.07,18.478],[-71.07,18.476],[-71.071,18.475],[-71.071,18.474],[-71.072,18.474],[-71.072,18.473],[-71.074,18.473],[-71.075,18.472],[-71.081,18.472],[-71.081,18.471],[-71.082,18.471],[-71.082,18.47],[-71.083,18.469],[-71.083,18.465],[-71.084,18.465],[-71.084,18.456],[-71.085,18.456],[-71.085,18.455],[-71.086,18.454],[-71.086,18.452],[-71.089,18.452],[-71.09,18.453],[-71.091,18.453],[-71.092,18.454],[-71.095,18.454],[-71.095,18.453],[-71.096,18.453],[-71.096,18.452],[-71.097,18.452],[-71.097,18.453],[-71.098,18.453],[-71.098,18.454],[-71.099,18.454],[-71.099,18.455],[-71.101,18.455],[-71.101,18.454],[-71.102,18.454],[-71.102,18.455],[-71.105,18.455],[-71.105,18.456],[-71.108,18.456],[-71.109,18.455],[-71.111,18.455],[-71.112,18.454],[-71.112,18.45],[-71.113,18.45],[-71.113,18.449],[-71.114,18.449],[-71.115,18.448],[-71.115,18.447],[-71.116,18.446],[-71.12,18.446],[-71.12,18.445],[-71.122,18.445],[-71.123,18.444],[-71.125,18.444],[-71.125,18.443],[-71.126,18.443],[-71.126,18.441],[-71.127,18.441],[-71.128,18.44],[-71.129,18.44],[-71.129,18.439],[-71.13,18.439],[-71.13,18.438],[-71.134,18.438],[-71.134,18.44],[-71.138,18.44],[-71.138,18.439],[-71.141,18.439],[-71.142,18.44],[-71.142,18.441],[-71.143,18.441],[-71.143,18.442],[-71.144,18.442],[-71.144,18.443],[-71.146,18.443],[-71.146,18.44],[-71.145,18.44],[-71.145,18.438],[-71.146,18.438],[-71.146,18.437],[-71.147,18.436],[-71.148,18.435],[-71.148,18.434],[-71.149,18.434],[-71.149,18.433],[-71.148,18.433],[-71.148,18.432],[-71.147,18.431],[-71.146,18.431],[-71.145,18.43],[-71.144,18.431],[-71.142,18.431],[-71.141,18.43],[-71.137,18.43],[-71.137,18.429],[-71.136,18.429],[-71.135,18.428],[-71.131,18.428],[-71.131,18.427],[-71.13,18.427],[-71.13,18.425],[-71.131,18.425],[-71.131,18.424],[-71.132,18.423],[-71.132,18.419],[-71.133,18.419],[-71.133,18.418],[-71.136,18.418],[-71.137,18.417],[-71.14,18.417],[-71.14,18.416],[-71.141,18.416],[-71.142,18.415],[-71.143,18.415],[-71.144,18.414],[-71.145,18.414],[-71.145,18.415],[-71.148,18.415],[-71.148,18.416],[-71.152,18.416],[-71.152,18.415],[-71.153,18.414],[-71.153,18.412],[-71.154,18.412],[-71.154,18.41],[-71.156,18.41],[-71.156,18.409],[-71.157,18.409],[-71.158,18.408],[-71.159,18.408],[-71.159,18.407],[-71.161,18.407],[-71.162,18.406],[-71.165,18.406],[-71.165,18.405],[-71.168,18.405],[-71.168,18.406],[-71.169,18.406],[-71.17,18.407],[-71.17,18.408],[-71.174,18.408],[-71.174,18.41],[-71.178,18.41],[-71.178,18.409],[-71.179,18.409],[-71.18,18.408],[-71.181,18.408],[-71.181,18.407],[-71.182,18.407],[-71.182,18.405],[-71.183,18.405],[-71.183,18.404],[-71.182,18.404],[-71.182,18.403],[-71.183,18.403],[-71.183,18.401],[-71.184,18.401],[-71.184,18.4],[-71.186,18.4],[-71.186,18.399],[-71.187,18.398],[-71.192,18.398],[-71.192,18.397],[-71.193,18.397],[-71.193,18.396],[-71.194,18.395],[-71.194,18.392],[-71.193,18.391],[-71.194,18.39],[-71.194,18.388],[-71.195,18.387],[-71.197,18.386],[-71.198,18.385],[-71.2,18.383],[-71.202,18.381],[-71.203,18.38],[-71.203,18.379],[-71.206,18.379],[-71.206,18.378],[-71.207,18.378],[-71.207,18.377],[-71.206,18.377],[-71.206,18.376],[-71.205,18.375],[-71.205,18.374],[-71.206,18.374],[-71.206,18.372],[-71.204,18.372],[-71.204,18.371],[-71.202,18.371],[-71.202,18.369],[-71.203,18.369],[-71.203,18.368],[-71.202,18.368],[-71.201,18.367],[-71.201,18.366],[-71.202,18.366],[-71.203,18.365],[-71.204,18.366],[-71.205,18.367],[-71.206,18.367],[-71.207,18.366],[-71.207,18.364],[-71.206,18.363],[-71.205,18.362],[-71.204,18.362],[-71.204,18.361],[-71.202,18.361],[-71.202,18.359],[-71.203,18.359],[-71.204,18.358],[-71.205,18.358],[-71.205,18.357],[-71.206,18.357],[-71.206,18.356],[-71.205,18.355],[-71.205,18.354],[-71.204,18.354],[-71.204,18.353],[-71.205,18.353],[-71.205,18.351],[-71.203,18.351],[-71.203,18.35],[-71.195,18.35],[-71.195,18.348],[-71.193,18.348],[-71.193,18.349],[-71.191,18.349],[-71.191,18.347],[-71.193,18.347],[-71.193,18.344],[-71.194,18.343],[-71.195,18.342],[-71.197,18.342],[-71.197,18.341],[-71.196,18.341],[-71.196,18.34],[-71.195,18.34],[-71.195,18.341],[-71.194,18.341],[-71.194,18.34],[-71.19,18.34],[-71.19,18.339],[-71.191,18.339],[-71.191,18.338],[-71.189,18.338],[-71.189,18.337],[-71.19,18.337],[-71.19,18.336],[-71.185,18.336],[-71.184,18.337],[-71.181,18.337],[-71.181,18.336],[-71.18,18.336],[-71.179,18.335],[-71.179,18.334],[-71.177,18.334],[-71.177,18.335],[-71.176,18.335],[-71.176,18.336],[-71.175,18.337],[-71.175,18.339],[-71.176,18.339],[-71.176,18.341],[-71.175,18.341],[-71.175,18.342],[-71.174,18.342],[-71.174,18.343],[-71.168,18.343],[-71.168,18.344],[-71.167,18.344],[-71.166,18.345],[-71.162,18.345],[-71.162,18.336],[-71.163,18.336],[-71.163,18.332],[-71.161,18.332],[-71.161,18.333],[-71.16,18.333],[-71.16,18.334],[-71.159,18.335],[-71.158,18.335],[-71.158,18.333],[-71.157,18.333],[-71.157,18.331],[-71.158,18.331],[-71.158,18.327],[-71.159,18.327],[-71.159,18.328],[-71.164,18.328],[-71.164,18.327],[-71.165,18.327],[-71.165,18.326],[-71.166,18.326],[-71.166,18.325],[-71.165,18.325],[-71.165,18.318],[-71.167,18.318],[-71.168,18.317],[-71.171,18.317],[-71.171,18.319],[-71.17,18.319],[-71.169,18.32],[-71.17,18.32],[-71.17,18.321],[-71.172,18.32],[-71.17,18.326],[-71.171,18.326],[-71.171,18.328],[-71.172,18.328],[-71.173,18.329],[-71.175,18.329],[-71.175,18.33],[-71.176,18.33],[-71.176,18.329],[-71.177,18.329],[-71.177,18.328],[-71.18,18.328],[-71.18,18.329],[-71.184,18.329],[-71.185,18.33],[-71.188,18.33],[-71.189,18.329],[-71.192,18.329],[-71.193,18.328],[-71.194,18.328],[-71.196,18.326],[-71.203,18.326],[-71.205,18.327],[-71.206,18.326],[-71.213,18.326],[-71.214,18.327],[-71.215,18.327],[-71.215,18.326],[-71.216,18.326],[-71.217,18.325],[-71.22,18.325],[-71.22,18.323],[-71.222,18.323],[-71.222,18.322],[-71.224,18.322],[-71.225,18.321],[-71.228,18.321],[-71.229,18.32],[-71.23,18.32],[-71.231,18.319],[-71.233,18.317],[-71.234,18.317],[-71.235,18.315],[-71.236,18.314],[-71.236,18.312],[-71.237,18.312],[-71.237,18.309],[-71.236,18.308],[-71.236,18.307],[-71.231,18.307],[-71.23,18.306],[-71.222,18.306],[-71.222,18.305],[-71.22,18.305],[-71.22,18.304],[-71.219,18.304],[-71.218,18.303],[-71.217,18.302],[-71.217,18.301],[-71.218,18.3],[-71.217,18.299],[-71.217,18.298],[-71.216,18.297],[-71.215,18.296],[-71.215,18.295],[-71.216,18.295],[-71.216,18.293],[-71.214,18.289],[-71.214,18.288],[-71.216,18.288],[-71.221,18.287],[-71.232,18.286],[-71.253,18.286],[-71.255,18.285],[-71.26,18.284],[-71.266,18.282],[-71.268,18.282],[-71.272,18.281],[-71.277,18.28],[-71.281,18.28],[-71.283,18.279],[-71.286,18.279],[-71.289,18.28],[-71.308,18.28],[-71.308,18.279],[-71.309,18.279],[-71.309,18.28],[-71.313,18.28],[-71.317,18.281],[-71.319,18.281],[-71.32,18.282],[-71.323,18.282],[-71.326,18.283],[-71.328,18.284],[-71.331,18.285],[-71.333,18.286],[-71.337,18.288],[-71.34,18.29],[-71.341,18.291],[-71.342,18.291],[-71.345,18.293],[-71.345,18.294],[-71.346,18.295],[-71.346,18.297],[-71.347,18.297],[-71.348,18.299],[-71.351,18.299],[-71.352,18.3],[-71.353,18.3],[-71.353,18.301],[-71.355,18.303],[-71.355,18.304],[-71.357,18.304],[-71.357,18.302],[-71.358,18.302],[-71.358,18.301],[-71.359,18.301],[-71.359,18.3],[-71.36,18.3],[-71.36,18.298],[-71.361,18.298],[-71.361,18.297],[-71.362,18.297],[-71.362,18.296],[-71.367,18.296],[-71.368,18.297],[-71.369,18.297],[-71.369,18.295],[-71.37,18.295],[-71.372,18.294],[-71.372,18.293],[-71.373,18.293],[-71.373,18.292],[-71.374,18.292],[-71.375,18.293],[-71.378,18.293],[-71.378,18.292],[-71.385,18.292],[-71.385,18.288],[-71.386,18.287],[-71.387,18.286],[-71.388,18.285],[-71.389,18.284],[-71.39,18.283],[-71.389,18.283],[-71.39,18.282],[-71.391,18.282],[-71.391,18.279],[-71.392,18.279],[-71.392,18.278],[-71.391,18.277],[-71.389,18.275],[-71.388,18.274],[-71.387,18.274],[-71.387,18.273],[-71.385,18.274],[-71.383,18.272],[-71.382,18.271],[-71.381,18.271],[-71.38,18.27],[-71.379,18.269],[-71.378,18.268],[-71.377,18.268],[-71.376,18.267],[-71.373,18.266],[-71.37,18.264],[-71.372,18.263],[-71.373,18.263],[-71.374,18.262],[-71.374,18.261],[-71.375,18.261],[-71.375,18.259],[-71.376,18.259],[-71.376,18.257],[-71.377,18.257],[-71.377,18.252],[-71.378,18.252],[-71.378,18.249],[-71.379,18.247],[-71.379,18.245],[-71.38,18.244],[-71.38,18.241],[-71.381,18.24],[-71.38,18.24],[-71.38,18.239],[-71.379,18.238],[-71.379,18.237],[-71.378,18.236],[-71.378,18.235],[-71.377,18.234],[-71.377,18.23],[-71.378,18.23],[-71.378,18.228],[-71.379,18.228],[-71.379,18.226],[-71.378,18.226],[-71.378,18.224],[-71.379,18.224],[-71.379,18.223],[-71.38,18.223],[-71.38,18.222],[-71.381,18.222],[-71.381,18.221],[-71.382,18.22],[-71.382,18.219],[-71.383,18.219],[-71.384,18.218],[-71.384,18.217],[-71.385,18.217],[-71.385,18.215],[-71.386,18.214],[-71.386,18.213],[-71.385,18.213],[-71.385,18.209],[-71.386,18.209],[-71.386,18.21],[-71.387,18.21],[-71.388,18.209],[-71.388,18.208],[-71.389,18.208],[-71.389,18.206],[-71.39,18.205],[-71.39,18.204],[-71.388,18.204],[-71.388,18.206],[-71.387,18.206],[-71.387,18.2],[-71.386,18.2],[-71.386,18.199],[-71.384,18.199],[-71.384,18.198],[-71.386,18.198],[-71.386,18.195],[-71.384,18.195],[-71.385,18.194],[-71.385,18.191],[-71.386,18.19],[-71.384,18.19],[-71.383,18.189],[-71.384,18.189],[-71.384,18.188],[-71.385,18.188],[-71.385,18.186],[-71.386,18.186],[-71.387,18.185],[-71.388,18.185],[-71.389,18.184],[-71.39,18.184],[-71.39,18.185],[-71.391,18.186],[-71.392,18.187],[-71.392,18.186],[-71.394,18.186],[-71.394,18.188],[-71.395,18.188],[-71.396,18.187],[-71.397,18.187],[-71.397,18.188],[-71.396,18.189],[-71.396,18.19],[-71.4,18.19],[-71.4,18.191],[-71.401,18.191],[-71.401,18.19],[-71.402,18.19],[-71.402,18.191],[-71.405,18.191],[-71.406,18.192],[-71.409,18.192],[-71.41,18.193],[-71.411,18.193],[-71.411,18.194],[-71.412,18.194],[-71.412,18.195],[-71.415,18.195],[-71.415,18.196],[-71.416,18.196],[-71.416,18.197],[-71.422,18.197],[-71.422,18.198],[-71.428,18.198],[-71.428,18.199],[-71.429,18.199],[-71.429,18.198],[-71.43,18.199],[-71.431,18.199],[-71.431,18.198],[-71.432,18.198],[-71.433,18.2],[-71.434,18.2],[-71.434,18.199],[-71.435,18.198],[-71.437,18.198],[-71.438,18.197],[-71.438,18.196],[-71.44,18.196],[-71.44,18.197],[-71.443,18.197],[-71.443,18.198],[-71.444,18.198],[-71.444,18.199],[-71.446,18.2],[-71.447,18.201],[-71.447,18.2],[-71.45,18.2],[-71.45,18.197],[-71.451,18.196],[-71.452,18.196],[-71.452,18.195],[-71.453,18.195],[-71.453,18.194],[-71.454,18.193],[-71.455,18.192],[-71.456,18.192],[-71.457,18.193],[-71.458,18.193],[-71.458,18.192],[-71.459,18.191],[-71.459,18.19],[-71.461,18.19],[-71.462,18.189],[-71.464,18.189],[-71.465,18.19],[-71.466,18.189],[-71.467,18.19],[-71.469,18.19],[-71.47,18.191],[-71.471,18.191],[-71.472,18.19],[-71.472,18.189],[-71.473,18.189],[-71.473,18.188],[-71.474,18.188],[-71.474,18.186],[-71.475,18.186],[-71.475,18.184],[-71.476,18.184],[-71.476,18.183],[-71.477,18.183],[-71.477,18.181],[-71.478,18.181],[-71.478,18.178],[-71.479,18.176],[-71.479,18.174],[-71.478,18.172],[-71.478,18.169],[-71.479,18.168],[-71.48,18.168],[-71.48,18.167],[-71.481,18.166],[-71.481,18.165],[-71.482,18.164]],[[-71.386,18.202],[-71.386,18.203],[-71.385,18.203],[-71.385,18.202],[-71.386,18.202]],[[-71.221,18.252],[-71.22,18.254],[-71.22,18.253],[-71.221,18.252]]],[[[-71.285,17.838],[-71.282,17.838],[-71.281,17.839],[-71.281,17.84],[-71.278,17.84],[-71.278,17.842],[-71.279,17.842],[-71.279,17.843],[-71.28,17.843],[-71.281,17.844],[-71.283,17.844],[-71.283,17.843],[-71.284,17.843],[-71.283,17.842],[-71.282,17.841],[-71.282,17.84],[-71.283,17.84],[-71.283,17.839],[-71.285,17.839],[-71.285,17.838]]],[[[-71.089,18.212],[-71.088,18.211],[-71.088,18.212],[-71.089,18.212]]],[[[-71.088,18.212],[-71.087,18.213],[-71.088,18.213],[-71.088,18.212]]]]}},{"type":"Feature","properties":{"shapeName":"Pedernales","provinceKey":"pedernales","shapeType":"ADM1"},"geometry":{"type":"MultiPolygon","coordinates":[[[[-71.788,18.179],[-71.787,18.178],[-71.786,18.177],[-71.786,18.175],[-71.785,18.174],[-71.784,18.173],[-71.783,18.172],[-71.783,18.171],[-71.784,18.17],[-71.784,18.169],[-71.781,18.169],[-71.78,18.168],[-71.779,18.168],[-71.778,18.167],[-71.777,18.167],[-71.777,18.166],[-71.775,18.166],[-71.775,18.167],[-71.774,18.168],[-71.766,18.168],[-71.766,18.165],[-71.769,18.165],[-71.769,18.164],[-71.768,18.162],[-71.768,18.16],[-71.764,18.16],[-71.764,18.159],[-71.765,18.158],[-71.765,18.157],[-71.764,18.157],[-71.764,18.156],[-71.762,18.156],[-71.762,18.154],[-71.761,18.153],[-71.761,18.152],[-71.76,18.152],[-71.76,18.153],[-71.758,18.153],[-71.758,18.152],[-71.757,18.152],[-71.757,18.149],[-71.758,18.148],[-71.758,18.147],[-71.759,18.146],[-71.758,18.145],[-71.757,18.145],[-71.757,18.146],[-71.756,18.146],[-71.755,18.147],[-71.754,18.146],[-71.754,18.144],[-71.755,18.143],[-71.754,18.142],[-71.753,18.142],[-71.752,18.143],[-71.751,18.143],[-71.751,18.146],[-71.75,18.147],[-71.75,18.148],[-71.749,18.149],[-71.748,18.149],[-71.747,18.148],[-71.747,18.144],[-71.746,18.143],[-71.746,18.141],[-71.748,18.141],[-71.748,18.142],[-71.749,18.142],[-71.749,18.14],[-71.751,18.14],[-71.751,18.138],[-71.746,18.138],[-71.745,18.137],[-71.746,18.136],[-71.746,18.134],[-71.745,18.133],[-71.744,18.132],[-71.743,18.131],[-71.744,18.131],[-71.744,18.13],[-71.746,18.13],[-71.746,18.131],[-71.747,18.131],[-71.747,18.129],[-71.746,18.128],[-71.746,18.127],[-71.745,18.126],[-71.745,18.125],[-71.747,18.125],[-71.747,18.126],[-71.748,18.126],[-71.748,18.125],[-71.747,18.124],[-71.746,18.124],[-71.746,18.122],[-71.747,18.121],[-71.747,18.116],[-71.748,18.114],[-71.749,18.114],[-71.75,18.113],[-71.75,18.111],[-71.749,18.111],[-71.749,18.108],[-71.748,18.107],[-71.747,18.107],[-71.747,18.105],[-71.746,18.104],[-71.746,18.1],[-71.745,18.099],[-71.743,18.099],[-71.743,18.1],[-71.738,18.1],[-71.738,18.098],[-71.737,18.097],[-71.736,18.097],[-71.736,18.094],[-71.737,18.094],[-71.737,18.093],[-71.738,18.093],[-71.738,18.092],[-71.739,18.091],[-71.74,18.091],[-71.74,18.089],[-71.737,18.089],[-71.737,18.083],[-71.736,18.082],[-71.735,18.081],[-71.735,18.079],[-71.736,18.079],[-71.736,18.078],[-71.739,18.078],[-71.739,18.076],[-71.738,18.076],[-71.738,18.075],[-71.739,18.074],[-71.739,18.072],[-71.738,18.07],[-71.739,18.069],[-71.739,18.068],[-71.74,18.067],[-71.74,18.066],[-71.743,18.066],[-71.744,18.065],[-71.744,18.054],[-71.745,18.054],[-71.745,18.052],[-71.746,18.05],[-71.747,18.05],[-71.748,18.049],[-71.748,18.048],[-71.749,18.047],[-71.75,18.047],[-71.75,18.046],[-71.751,18.046],[-71.752,18.045],[-71.753,18.045],[-71.753,18.044],[-71.755,18.044],[-71.755,18.043],[-71.756,18.042],[-71.757,18.042],[-71.757,18.039],[-71.758,18.038],[-71.758,18.037],[-71.757,18.036],[-71.757,18.034],[-71.758,18.034],[-71.758,18.033],[-71.759,18.032],[-71.759,18.031],[-71.758,18.031],[-71.758,18.032],[-71.757,18.032],[-71.757,18.031],[-71.753,18.031],[-71.753,18.03],[-71.751,18.03],[-71.751,18.029],[-71.749,18.029],[-71.749,18.028],[-71.744,18.028],[-71.743,18.027],[-71.741,18.027],[-71.74,18.026],[-71.738,18.026],[-71.738,18.025],[-71.736,18.025],[-71.736,18.024],[-71.735,18.024],[-71.734,18.023],[-71.734,18.022],[-71.733,18.022],[-71.732,18.021],[-71.731,18.021],[-71.731,18.02],[-71.73,18.02],[-71.73,18.018],[-71.729,18.018],[-71.729,18.017],[-71.728,18.017],[-71.728,18.015],[-71.727,18.015],[-71.727,18.014],[-71.726,18.014],[-71.726,18.013],[-71.725,18.013],[-71.725,18.011],[-71.724,18.011],[-71.724,18.01],[-71.723,18.01],[-71.723,18.009],[-71.722,18.009],[-71.722,18.008],[-71.721,18.008],[-71.721,18.007],[-71.72,18.007],[-71.72,18.006],[-71.719,18.005],[-71.718,18.005],[-71.718,18.004],[-71.716,18.004],[-71.716,18.003],[-71.713,18.003],[-71.713,18.002],[-71.711,18.002],[-71.71,18.001],[-71.709,18.001],[-71.709,18],[-71.707,18],[-71.706,17.999],[-71.705,17.999],[-71.704,17.998],[-71.702,17.998],[-71.702,17.997],[-71.701,17.997],[-71.701,17.996],[-71.699,17.996],[-71.699,17.995],[-71.697,17.995],[-71.697,17.994],[-71.696,17.994],[-71.696,17.993],[-71.695,17.993],[-71.695,17.992],[-71.694,17.992],[-71.694,17.991],[-71.692,17.991],[-71.692,17.99],[-71.691,17.99],[-71.691,17.989],[-71.689,17.989],[-71.689,17.988],[-71.688,17.988],[-71.688,17.987],[-71.686,17.987],[-71.686,17.986],[-71.685,17.986],[-71.685,17.985],[-71.684,17.985],[-71.684,17.984],[-71.683,17.984],[-71.682,17.983],[-71.682,17.982],[-71.681,17.982],[-71.681,17.981],[-71.68,17.981],[-71.68,17.98],[-71.679,17.98],[-71.679,17.979],[-71.678,17.979],[-71.677,17.978],[-71.676,17.978],[-71.676,17.977],[-71.675,17.977],[-71.675,17.976],[-71.674,17.976],[-71.674,17.974],[-71.673,17.974],[-71.673,17.973],[-71.672,17.973],[-71.672,17.972],[-71.671,17.972],[-71.671,17.97],[-71.67,17.97],[-71.67,17.969],[-71.669,17.968],[-71.669,17.967],[-71.668,17.967],[-71.668,17.965],[-71.667,17.965],[-71.667,17.964],[-71.666,17.964],[-71.666,17.961],[-71.665,17.961],[-71.665,17.958],[-71.664,17.958],[-71.664,17.952],[-71.663,17.952],[-71.663,17.95],[-71.662,17.95],[-71.662,17.948],[-71.661,17.948],[-71.661,17.947],[-71.66,17.947],[-71.66,17.946],[-71.659,17.946],[-71.659,17.944],[-71.658,17.944],[-71.658,17.943],[-71.657,17.942],[-71.657,17.941],[-71.656,17.941],[-71.656,17.939],[-71.655,17.939],[-71.655,17.935],[-71.654,17.935],[-71.654,17.931],[-71.655,17.93],[-71.654,17.93],[-71.654,17.928],[-71.655,17.928],[-71.655,17.926],[-71.66,17.926],[-71.66,17.925],[-71.655,17.925],[-71.655,17.922],[-71.656,17.922],[-71.656,17.919],[-71.657,17.918],[-71.657,17.915],[-71.658,17.915],[-71.658,17.914],[-71.659,17.914],[-71.659,17.913],[-71.66,17.912],[-71.66,17.911],[-71.661,17.911],[-71.661,17.91],[-71.662,17.909],[-71.663,17.909],[-71.663,17.908],[-71.664,17.908],[-71.665,17.909],[-71.67,17.909],[-71.67,17.908],[-71.672,17.908],[-71.672,17.907],[-71.673,17.907],[-71.673,17.906],[-71.674,17.906],[-71.674,17.905],[-71.675,17.905],[-71.675,17.904],[-71.674,17.903],[-71.673,17.902],[-71.673,17.9],[-71.672,17.9],[-71.672,17.898],[-71.669,17.898],[-71.669,17.897],[-71.668,17.896],[-71.667,17.896],[-71.667,17.895],[-71.666,17.895],[-71.663,17.894],[-71.663,17.893],[-71.661,17.893],[-71.661,17.892],[-71.66,17.892],[-71.66,17.891],[-71.659,17.891],[-71.659,17.89],[-71.657,17.89],[-71.657,17.889],[-71.656,17.889],[-71.656,17.888],[-71.655,17.887],[-71.655,17.886],[-71.654,17.886],[-71.654,17.885],[-71.653,17.885],[-71.653,17.883],[-71.652,17.883],[-71.652,17.881],[-71.651,17.881],[-71.651,17.88],[-71.65,17.88],[-71.65,17.878],[-71.649,17.878],[-71.649,17.875],[-71.648,17.875],[-71.648,17.873],[-71.647,17.873],[-71.647,17.871],[-71.646,17.871],[-71.646,17.869],[-71.645,17.868],[-71.645,17.863],[-71.646,17.863],[-71.646,17.862],[-71.645,17.862],[-71.645,17.861],[-71.644,17.861],[-71.644,17.86],[-71.643,17.86],[-71.643,17.859],[-71.642,17.859],[-71.642,17.858],[-71.641,17.858],[-71.641,17.857],[-71.64,17.857],[-71.64,17.856],[-71.639,17.856],[-71.639,17.854],[-71.637,17.854],[-71.637,17.853],[-71.636,17.853],[-71.636,17.852],[-71.635,17.852],[-71.635,17.851],[-71.634,17.851],[-71.634,17.849],[-71.633,17.849],[-71.633,17.847],[-71.632,17.847],[-71.632,17.845],[-71.631,17.844],[-71.631,17.842],[-71.63,17.841],[-71.63,17.839],[-71.629,17.838],[-71.629,17.835],[-71.628,17.834],[-71.628,17.825],[-71.629,17.824],[-71.629,17.822],[-71.63,17.822],[-71.63,17.821],[-71.631,17.82],[-71.631,17.819],[-71.632,17.818],[-71.632,17.816],[-71.633,17.816],[-71.633,17.814],[-71.634,17.814],[-71.634,17.813],[-71.635,17.812],[-71.635,17.811],[-71.636,17.811],[-71.636,17.81],[-71.637,17.809],[-71.637,17.808],[-71.638,17.808],[-71.638,17.809],[-71.639,17.808],[-71.642,17.808],[-71.642,17.807],[-71.643,17.807],[-71.644,17.808],[-71.648,17.808],[-71.648,17.809],[-71.649,17.809],[-71.649,17.81],[-71.652,17.81],[-71.652,17.811],[-71.654,17.811],[-71.654,17.808],[-71.655,17.808],[-71.655,17.805],[-71.656,17.804],[-71.656,17.796],[-71.657,17.795],[-71.657,17.792],[-71.658,17.791],[-71.658,17.789],[-71.659,17.788],[-71.659,17.787],[-71.66,17.787],[-71.66,17.786],[-71.661,17.786],[-71.661,17.784],[-71.662,17.784],[-71.662,17.783],[-71.663,17.783],[-71.663,17.782],[-71.664,17.782],[-71.664,17.78],[-71.665,17.78],[-71.665,17.779],[-71.666,17.779],[-71.667,17.778],[-71.668,17.778],[-71.669,17.777],[-71.67,17.777],[-71.67,17.776],[-71.671,17.776],[-71.671,17.775],[-71.672,17.775],[-71.673,17.774],[-71.675,17.774],[-71.675,17.775],[-71.677,17.775],[-71.677,17.774],[-71.68,17.774],[-71.68,17.773],[-71.682,17.773],[-71.682,17.772],[-71.684,17.772],[-71.685,17.771],[-71.689,17.771],[-71.69,17.77],[-71.689,17.77],[-71.689,17.769],[-71.688,17.769],[-71.688,17.768],[-71.683,17.768],[-71.683,17.767],[-71.68,17.767],[-71.68,17.766],[-71.679,17.766],[-71.679,17.765],[-71.678,17.765],[-71.678,17.764],[-71.677,17.764],[-71.677,17.763],[-71.676,17.763],[-71.676,17.762],[-71.675,17.762],[-71.675,17.761],[-71.674,17.761],[-71.674,17.76],[-71.673,17.759],[-71.672,17.759],[-71.672,17.758],[-71.671,17.758],[-71.671,17.759],[-71.664,17.759],[-71.664,17.758],[-71.663,17.758],[-71.663,17.756],[-71.662,17.756],[-71.662,17.757],[-71.661,17.757],[-71.66,17.758],[-71.652,17.758],[-71.652,17.757],[-71.65,17.757],[-71.65,17.758],[-71.649,17.758],[-71.649,17.757],[-71.643,17.757],[-71.643,17.758],[-71.64,17.758],[-71.64,17.759],[-71.639,17.759],[-71.639,17.76],[-71.635,17.76],[-71.635,17.761],[-71.632,17.761],[-71.632,17.762],[-71.628,17.762],[-71.628,17.763],[-71.627,17.763],[-71.627,17.762],[-71.626,17.763],[-71.625,17.763],[-71.624,17.764],[-71.624,17.763],[-71.623,17.763],[-71.623,17.764],[-71.622,17.764],[-71.621,17.765],[-71.618,17.765],[-71.618,17.766],[-71.607,17.766],[-71.607,17.767],[-71.604,17.767],[-71.603,17.768],[-71.594,17.768],[-71.593,17.767],[-71.579,17.767],[-71.571,17.768],[-71.571,17.767],[-71.561,17.767],[-71.56,17.766],[-71.552,17.766],[-71.552,17.765],[-71.549,17.765],[-71.549,17.764],[-71.548,17.764],[-71.547,17.763],[-71.546,17.763],[-71.546,17.762],[-71.544,17.762],[-71.544,17.761],[-71.541,17.761],[-71.541,17.76],[-71.539,17.76],[-71.539,17.759],[-71.537,17.759],[-71.537,17.758],[-71.535,17.758],[-71.534,17.757],[-71.533,17.757],[-71.533,17.756],[-71.531,17.756],[-71.531,17.755],[-71.53,17.755],[-71.53,17.754],[-71.529,17.754],[-71.528,17.753],[-71.529,17.753],[-71.529,17.75],[-71.526,17.75],[-71.526,17.749],[-71.524,17.749],[-71.524,17.748],[-71.521,17.748],[-71.52,17.747],[-71.519,17.747],[-71.518,17.746],[-71.517,17.746],[-71.517,17.745],[-71.515,17.745],[-71.515,17.744],[-71.513,17.744],[-71.513,17.743],[-71.512,17.743],[-71.512,17.742],[-71.511,17.742],[-71.51,17.741],[-71.51,17.74],[-71.509,17.74],[-71.508,17.739],[-71.507,17.738],[-71.507,17.737],[-71.506,17.737],[-71.506,17.736],[-71.505,17.736],[-71.505,17.735],[-71.504,17.735],[-71.503,17.734],[-71.503,17.733],[-71.502,17.732],[-71.501,17.731],[-71.501,17.73],[-71.5,17.73],[-71.5,17.729],[-71.499,17.729],[-71.499,17.727],[-71.498,17.727],[-71.498,17.725],[-71.497,17.725],[-71.497,17.724],[-71.496,17.723],[-71.496,17.722],[-71.495,17.721],[-71.495,17.72],[-71.494,17.719],[-71.494,17.717],[-71.493,17.717],[-71.493,17.715],[-71.492,17.715],[-71.492,17.713],[-71.491,17.713],[-71.491,17.711],[-71.49,17.71],[-71.49,17.709],[-71.489,17.709],[-71.489,17.707],[-71.488,17.707],[-71.488,17.705],[-71.487,17.705],[-71.487,17.703],[-71.486,17.702],[-71.486,17.7],[-71.485,17.7],[-71.485,17.698],[-71.484,17.697],[-71.484,17.695],[-71.483,17.694],[-71.483,17.692],[-71.482,17.691],[-71.482,17.688],[-71.481,17.687],[-71.481,17.683],[-71.48,17.683],[-71.48,17.681],[-71.479,17.68],[-71.479,17.677],[-71.478,17.676],[-71.478,17.675],[-71.477,17.674],[-71.477,17.67],[-71.475,17.668],[-71.475,17.666],[-71.474,17.665],[-71.473,17.664],[-71.472,17.663],[-71.472,17.662],[-71.471,17.662],[-71.47,17.661],[-71.47,17.66],[-71.469,17.66],[-71.469,17.659],[-71.467,17.659],[-71.467,17.658],[-71.466,17.658],[-71.466,17.657],[-71.465,17.657],[-71.465,17.656],[-71.463,17.656],[-71.463,17.655],[-71.462,17.654],[-71.462,17.653],[-71.461,17.653],[-71.46,17.652],[-71.46,17.651],[-71.459,17.651],[-71.459,17.65],[-71.458,17.65],[-71.458,17.649],[-71.457,17.649],[-71.457,17.648],[-71.456,17.648],[-71.456,17.647],[-71.455,17.647],[-71.455,17.646],[-71.453,17.646],[-71.451,17.644],[-71.451,17.642],[-71.45,17.641],[-71.449,17.64],[-71.448,17.639],[-71.446,17.639],[-71.445,17.638],[-71.445,17.636],[-71.446,17.635],[-71.446,17.632],[-71.445,17.632],[-71.445,17.631],[-71.444,17.631],[-71.444,17.628],[-71.443,17.628],[-71.443,17.626],[-71.442,17.625],[-71.442,17.623],[-71.44,17.623],[-71.439,17.622],[-71.438,17.621],[-71.438,17.62],[-71.436,17.62],[-71.436,17.619],[-71.435,17.619],[-71.435,17.618],[-71.434,17.618],[-71.434,17.617],[-71.433,17.617],[-71.433,17.616],[-71.431,17.616],[-71.431,17.615],[-71.43,17.615],[-71.43,17.612],[-71.429,17.612],[-71.429,17.61],[-71.43,17.61],[-71.429,17.609],[-71.428,17.61],[-71.428,17.609],[-71.426,17.609],[-71.426,17.607],[-71.425,17.607],[-71.424,17.606],[-71.425,17.606],[-71.425,17.605],[-71.424,17.605],[-71.423,17.604],[-71.422,17.604],[-71.422,17.606],[-71.421,17.606],[-71.421,17.608],[-71.42,17.608],[-71.42,17.609],[-71.419,17.61],[-71.419,17.611],[-71.418,17.611],[-71.418,17.612],[-71.417,17.612],[-71.417,17.613],[-71.416,17.614],[-71.416,17.615],[-71.415,17.615],[-71.414,17.616],[-71.414,17.617],[-71.413,17.618],[-71.408,17.618],[-71.408,17.617],[-71.407,17.618],[-71.406,17.618],[-71.405,17.619],[-71.405,17.62],[-71.404,17.62],[-71.404,17.622],[-71.403,17.623],[-71.402,17.624],[-71.402,17.625],[-71.401,17.625],[-71.401,17.626],[-71.4,17.627],[-71.4,17.629],[-71.399,17.629],[-71.398,17.63],[-71.399,17.63],[-71.399,17.631],[-71.4,17.631],[-71.4,17.632],[-71.401,17.633],[-71.401,17.637],[-71.4,17.637],[-71.4,17.638],[-71.399,17.638],[-71.399,17.639],[-71.398,17.639],[-71.398,17.64],[-71.397,17.64],[-71.396,17.641],[-71.395,17.642],[-71.395,17.644],[-71.394,17.645],[-71.394,17.647],[-71.393,17.647],[-71.393,17.648],[-71.392,17.648],[-71.392,17.649],[-71.391,17.649],[-71.39,17.65],[-71.39,17.651],[-71.389,17.652],[-71.389,17.653],[-71.388,17.653],[-71.387,17.654],[-71.387,17.655],[-71.388,17.656],[-71.388,17.661],[-71.387,17.661],[-71.387,17.662],[-71.386,17.662],[-71.385,17.663],[-71.384,17.663],[-71.383,17.664],[-71.379,17.665],[-71.379,17.666],[-71.378,17.667],[-71.378,17.669],[-71.377,17.669],[-71.377,17.671],[-71.376,17.672],[-71.376,17.673],[-71.375,17.673],[-71.375,17.674],[-71.374,17.674],[-71.374,17.677],[-71.373,17.677],[-71.373,17.68],[-71.37,17.681],[-71.37,17.683],[-71.369,17.684],[-71.369,17.686],[-71.37,17.687],[-71.37,17.696],[-71.369,17.697],[-71.368,17.697],[-71.368,17.698],[-71.366,17.698],[-71.366,17.699],[-71.364,17.699],[-71.364,17.702],[-71.363,17.703],[-71.363,17.704],[-71.362,17.705],[-71.362,17.708],[-71.361,17.708],[-71.361,17.713],[-71.36,17.714],[-71.36,17.715],[-71.359,17.715],[-71.359,17.718],[-71.358,17.719],[-71.358,17.721],[-71.359,17.721],[-71.359,17.723],[-71.358,17.723],[-71.358,17.726],[-71.357,17.727],[-71.357,17.729],[-71.356,17.73],[-71.356,17.733],[-71.355,17.733],[-71.355,17.736],[-71.354,17.736],[-71.354,17.738],[-71.353,17.739],[-71.353,17.741],[-71.352,17.742],[-71.352,17.745],[-71.351,17.746],[-71.351,17.747],[-71.35,17.748],[-71.349,17.747],[-71.348,17.747],[-71.348,17.748],[-71.349,17.748],[-71.35,17.749],[-71.35,17.75],[-71.351,17.75],[-71.351,17.753],[-71.35,17.758],[-71.349,17.758],[-71.349,17.761],[-71.348,17.761],[-71.348,17.762],[-71.347,17.763],[-71.347,17.764],[-71.346,17.765],[-71.346,17.766],[-71.344,17.768],[-71.344,17.769],[-71.343,17.769],[-71.343,17.77],[-71.342,17.771],[-71.342,17.773],[-71.341,17.773],[-71.341,17.774],[-71.34,17.775],[-71.34,17.776],[-71.339,17.777],[-71.339,17.778],[-71.338,17.779],[-71.337,17.78],[-71.337,17.781],[-71.336,17.782],[-71.335,17.784],[-71.335,17.785],[-71.334,17.785],[-71.334,17.787],[-71.333,17.787],[-71.333,17.789],[-71.332,17.79],[-71.332,17.791],[-71.331,17.792],[-71.331,17.794],[-71.33,17.795],[-71.33,17.796],[-71.329,17.796],[-71.329,17.798],[-71.328,17.799],[-71.327,17.8],[-71.326,17.801],[-71.326,17.802],[-71.325,17.802],[-71.325,17.803],[-71.324,17.804],[-71.324,17.805],[-71.323,17.805],[-71.323,17.806],[-71.322,17.807],[-71.321,17.808],[-71.321,17.809],[-71.32,17.81],[-71.319,17.811],[-71.318,17.812],[-71.317,17.813],[-71.317,17.814],[-71.316,17.815],[-71.315,17.815],[-71.315,17.816],[-71.314,17.817],[-71.314,17.818],[-71.313,17.818],[-71.312,17.819],[-71.312,17.82],[-71.311,17.82],[-71.31,17.821],[-71.309,17.822],[-71.308,17.822],[-71.306,17.824],[-71.305,17.824],[-71.304,17.825],[-71.302,17.825],[-71.301,17.824],[-71.3,17.824],[-71.3,17.823],[-71.299,17.822],[-71.298,17.821],[-71.298,17.82],[-71.297,17.82],[-71.297,17.821],[-71.296,17.821],[-71.296,17.822],[-71.294,17.822],[-71.293,17.823],[-71.292,17.823],[-71.292,17.824],[-71.291,17.825],[-71.291,17.826],[-71.289,17.826],[-71.289,17.827],[-71.288,17.827],[-71.287,17.828],[-71.287,17.829],[-71.288,17.83],[-71.288,17.831],[-71.287,17.832],[-71.287,17.833],[-71.288,17.833],[-71.288,17.842],[-71.287,17.843],[-71.287,17.846],[-71.288,17.846],[-71.288,17.849],[-71.287,17.849],[-71.287,17.852],[-71.286,17.852],[-71.286,17.854],[-71.285,17.854],[-71.285,17.855],[-71.281,17.855],[-71.281,17.856],[-71.28,17.856],[-71.28,17.855],[-71.279,17.854],[-71.281,17.854],[-71.281,17.851],[-71.28,17.851],[-71.28,17.848],[-71.279,17.848],[-71.279,17.847],[-71.277,17.847],[-71.276,17.848],[-71.275,17.848],[-71.275,17.849],[-71.276,17.849],[-71.276,17.851],[-71.275,17.851],[-71.275,17.852],[-71.274,17.852],[-71.274,17.854],[-71.275,17.855],[-71.277,17.857],[-71.279,17.859],[-71.28,17.861],[-71.282,17.862],[-71.283,17.863],[-71.284,17.863],[-71.285,17.864],[-71.286,17.865],[-71.288,17.866],[-71.289,17.868],[-71.29,17.869],[-71.29,17.879],[-71.291,17.88],[-71.291,17.882],[-71.292,17.882],[-71.292,17.883],[-71.293,17.884],[-71.293,17.885],[-71.294,17.886],[-71.294,17.887],[-71.293,17.888],[-71.294,17.889],[-71.294,17.89],[-71.295,17.891],[-71.297,17.891],[-71.299,17.893],[-71.3,17.894],[-71.301,17.895],[-71.303,17.896],[-71.307,17.896],[-71.308,17.895],[-71.31,17.895],[-71.31,17.897],[-71.309,17.898],[-71.309,17.899],[-71.308,17.899],[-71.308,17.901],[-71.306,17.902],[-71.306,17.903],[-71.305,17.903],[-71.305,17.907],[-71.306,17.908],[-71.306,17.909],[-71.307,17.911],[-71.308,17.912],[-71.309,17.913],[-71.311,17.914],[-71.313,17.915],[-71.323,17.915],[-71.325,17.916],[-71.326,17.916],[-71.329,17.917],[-71.331,17.915],[-71.331,17.914],[-71.332,17.913],[-71.334,17.913],[-71.335,17.912],[-71.336,17.911],[-71.337,17.91],[-71.338,17.91],[-71.339,17.909],[-71.341,17.909],[-71.342,17.91],[-71.343,17.91],[-71.345,17.911],[-71.346,17.912],[-71.35,17.912],[-71.35,17.913],[-71.354,17.913],[-71.356,17.914],[-71.357,17.914],[-71.357,17.915],[-71.36,17.916],[-71.361,17.917],[-71.362,17.919],[-71.363,17.919],[-71.365,17.92],[-71.366,17.921],[-71.368,17.922],[-71.369,17.922],[-71.369,17.921],[-71.37,17.921],[-71.371,17.92],[-71.379,17.92],[-71.38,17.921],[-71.382,17.92],[-71.383,17.921],[-71.384,17.922],[-71.386,17.922],[-71.387,17.923],[-71.393,17.923],[-71.394,17.924],[-71.395,17.924],[-71.396,17.925],[-71.396,17.926],[-71.397,17.926],[-71.397,17.927],[-71.398,17.928],[-71.398,17.932],[-71.399,17.933],[-71.401,17.933],[-71.402,17.934],[-71.403,17.935],[-71.408,17.935],[-71.409,17.934],[-71.41,17.935],[-71.411,17.935],[-71.411,17.936],[-71.41,17.937],[-71.408,17.937],[-71.407,17.938],[-71.407,17.939],[-71.408,17.939],[-71.408,17.94],[-71.407,17.94],[-71.406,17.941],[-71.405,17.941],[-71.404,17.942],[-71.403,17.943],[-71.402,17.944],[-71.4,17.944],[-71.399,17.945],[-71.399,17.947],[-71.398,17.948],[-71.398,17.949],[-71.397,17.949],[-71.397,17.951],[-71.398,17.952],[-71.398,17.953],[-71.399,17.954],[-71.4,17.954],[-71.4,17.955],[-71.401,17.956],[-71.401,17.957],[-71.402,17.958],[-71.403,17.959],[-71.404,17.958],[-71.405,17.957],[-71.406,17.956],[-71.407,17.957],[-71.408,17.957],[-71.408,17.958],[-71.409,17.959],[-71.409,17.96],[-71.41,17.96],[-71.41,17.964],[-71.411,17.965],[-71.413,17.965],[-71.415,17.964],[-71.418,17.964],[-71.419,17.963],[-71.421,17.962],[-71.422,17.961],[-71.426,17.961],[-71.427,17.962],[-71.429,17.963],[-71.43,17.963],[-71.431,17.964],[-71.433,17.966],[-71.434,17.967],[-71.436,17.969],[-71.437,17.969],[-71.437,17.97],[-71.438,17.97],[-71.441,17.971],[-71.443,17.973],[-71.444,17.974],[-71.444,17.983],[-71.443,17.984],[-71.442,17.984],[-71.441,17.985],[-71.44,17.985],[-71.44,17.986],[-71.439,17.987],[-71.438,17.987],[-71.437,17.989],[-71.436,17.99],[-71.435,17.991],[-71.434,17.991],[-71.433,17.992],[-71.433,17.994],[-71.435,17.996],[-71.436,17.998],[-71.436,18.009],[-71.437,18.011],[-71.437,18.012],[-71.435,18.014],[-71.434,18.015],[-71.433,18.016],[-71.432,18.017],[-71.429,18.019],[-71.428,18.02],[-71.427,18.021],[-71.426,18.022],[-71.426,18.024],[-71.425,18.025],[-71.425,18.026],[-71.424,18.028],[-71.423,18.029],[-71.423,18.03],[-71.422,18.031],[-71.422,18.033],[-71.421,18.034],[-71.419,18.036],[-71.419,18.038],[-71.418,18.039],[-71.417,18.04],[-71.417,18.041],[-71.416,18.043],[-71.414,18.044],[-71.413,18.044],[-71.412,18.046],[-71.403,18.046],[-71.402,18.047],[-71.4,18.048],[-71.398,18.049],[-71.397,18.051],[-71.397,18.052],[-71.395,18.053],[-71.395,18.058],[-71.394,18.059],[-71.394,18.066],[-71.395,18.067],[-71.395,18.069],[-71.394,18.071],[-71.394,18.077],[-71.414,18.104],[-71.415,18.105],[-71.415,18.106],[-71.416,18.108],[-71.418,18.112],[-71.419,18.113],[-71.42,18.114],[-71.422,18.115],[-71.424,18.116],[-71.425,18.117],[-71.426,18.117],[-71.428,18.118],[-71.429,18.118],[-71.43,18.119],[-71.431,18.12],[-71.433,18.121],[-71.435,18.121],[-71.437,18.122],[-71.438,18.122],[-71.44,18.123],[-71.441,18.125],[-71.443,18.126],[-71.444,18.127],[-71.445,18.128],[-71.448,18.129],[-71.45,18.13],[-71.452,18.132],[-71.454,18.133],[-71.455,18.134],[-71.457,18.135],[-71.459,18.137],[-71.461,18.138],[-71.461,18.139],[-71.464,18.141],[-71.464,18.142],[-71.466,18.144],[-71.467,18.144],[-71.469,18.146],[-71.471,18.148],[-71.471,18.149],[-71.475,18.152],[-71.477,18.153],[-71.478,18.155],[-71.48,18.156],[-71.481,18.156],[-71.482,18.158],[-71.484,18.159],[-71.488,18.163],[-71.489,18.163],[-71.492,18.165],[-71.493,18.166],[-71.494,18.166],[-71.494,18.167],[-71.495,18.167],[-71.495,18.168],[-71.494,18.169],[-71.494,18.171],[-71.495,18.171],[-71.496,18.172],[-71.497,18.173],[-71.498,18.173],[-71.499,18.174],[-71.5,18.174],[-71.5,18.175],[-71.501,18.176],[-71.502,18.176],[-71.502,18.177],[-71.503,18.177],[-71.503,18.178],[-71.504,18.178],[-71.508,18.182],[-71.508,18.183],[-71.51,18.184],[-71.512,18.186],[-71.513,18.187],[-71.514,18.187],[-71.515,18.188],[-71.516,18.189],[-71.522,18.193],[-71.528,18.196],[-71.531,18.197],[-71.532,18.198],[-71.533,18.199],[-71.534,18.2],[-71.537,18.202],[-71.538,18.203],[-71.542,18.205],[-71.544,18.206],[-71.545,18.207],[-71.547,18.208],[-71.548,18.209],[-71.55,18.209],[-71.553,18.211],[-71.557,18.213],[-71.56,18.214],[-71.565,18.216],[-71.57,18.218],[-71.571,18.218],[-71.576,18.22],[-71.579,18.22],[-71.581,18.221],[-71.583,18.221],[-71.584,18.222],[-71.585,18.222],[-71.587,18.223],[-71.592,18.223],[-71.594,18.224],[-71.598,18.224],[-71.6,18.225],[-71.601,18.225],[-71.602,18.226],[-71.603,18.226],[-71.605,18.227],[-71.609,18.228],[-71.61,18.229],[-71.611,18.229],[-71.612,18.23],[-71.615,18.231],[-71.616,18.231],[-71.617,18.232],[-71.619,18.232],[-71.624,18.234],[-71.629,18.236],[-71.633,18.238],[-71.635,18.238],[-71.636,18.239],[-71.637,18.239],[-71.639,18.24],[-71.639,18.241],[-71.64,18.241],[-71.642,18.243],[-71.642,18.244],[-71.643,18.244],[-71.644,18.245],[-71.645,18.245],[-71.647,18.246],[-71.648,18.247],[-71.649,18.247],[-71.651,18.249],[-71.652,18.249],[-71.652,18.25],[-71.653,18.25],[-71.653,18.251],[-71.654,18.251],[-71.656,18.252],[-71.657,18.252],[-71.658,18.253],[-71.661,18.255],[-71.663,18.256],[-71.664,18.257],[-71.667,18.259],[-71.667,18.26],[-71.668,18.26],[-71.671,18.263],[-71.673,18.264],[-71.675,18.266],[-71.676,18.267],[-71.678,18.269],[-71.68,18.273],[-71.681,18.274],[-71.682,18.276],[-71.684,18.278],[-71.686,18.28],[-71.687,18.281],[-71.688,18.281],[-71.688,18.282],[-71.69,18.283],[-71.695,18.286],[-71.697,18.288],[-71.702,18.292],[-71.705,18.295],[-71.709,18.298],[-71.713,18.3],[-71.715,18.301],[-71.716,18.302],[-71.718,18.302],[-71.719,18.303],[-71.76,18.236],[-71.76,18.234],[-71.759,18.234],[-71.759,18.232],[-71.758,18.231],[-71.758,18.228],[-71.759,18.228],[-71.759,18.227],[-71.761,18.227],[-71.762,18.226],[-71.763,18.226],[-71.763,18.222],[-71.764,18.222],[-71.764,18.221],[-71.767,18.221],[-71.768,18.22],[-71.769,18.22],[-71.769,18.219],[-71.77,18.217],[-71.769,18.216],[-71.769,18.213],[-71.77,18.212],[-71.77,18.211],[-71.771,18.21],[-71.771,18.209],[-71.772,18.208],[-71.772,18.207],[-71.773,18.207],[-71.773,18.204],[-71.772,18.203],[-71.773,18.202],[-71.774,18.202],[-71.774,18.201],[-71.773,18.201],[-71.773,18.2],[-71.772,18.199],[-71.773,18.198],[-71.774,18.198],[-71.774,18.197],[-71.775,18.196],[-71.775,18.195],[-71.776,18.195],[-71.777,18.194],[-71.779,18.194],[-71.779,18.193],[-71.78,18.193],[-71.781,18.194],[-71.781,18.193],[-71.782,18.193],[-71.782,18.191],[-71.783,18.191],[-71.784,18.19],[-71.784,18.189],[-71.785,18.188],[-71.786,18.188],[-71.787,18.187],[-71.787,18.181],[-71.788,18.181],[-71.788,18.179]]],[[[-71.649,17.484],[-71.647,17.484],[-71.646,17.485],[-71.646,17.486],[-71.645,17.486],[-71.645,17.487],[-71.647,17.487],[-71.648,17.486],[-71.648,17.485],[-71.649,17.485],[-71.649,17.484]]],[[[-71.648,17.476],[-71.647,17.476],[-71.647,17.474],[-71.646,17.474],[-71.645,17.473],[-71.645,17.472],[-71.644,17.472],[-71.644,17.471],[-71.639,17.471],[-71.639,17.472],[-71.638,17.472],[-71.638,17.473],[-71.637,17.473],[-71.636,17.474],[-71.636,17.475],[-71.638,17.474],[-71.638,17.475],[-71.637,17.475],[-71.636,17.476],[-71.637,17.476],[-71.637,17.478],[-71.64,17.478],[-71.64,17.479],[-71.641,17.479],[-71.642,17.48],[-71.646,17.48],[-71.647,17.479],[-71.648,17.479],[-71.648,17.476]]],[[[-71.637,17.472],[-71.636,17.472],[-71.636,17.473],[-71.637,17.473],[-71.637,17.472]]],[[[-71.554,17.549],[-71.553,17.549],[-71.553,17.548],[-71.552,17.548],[-71.552,17.547],[-71.551,17.546],[-71.551,17.545],[-71.55,17.545],[-71.55,17.544],[-71.549,17.543],[-71.548,17.543],[-71.547,17.542],[-71.545,17.542],[-71.545,17.541],[-71.544,17.542],[-71.542,17.542],[-71.542,17.541],[-71.541,17.541],[-71.541,17.542],[-71.54,17.542],[-71.54,17.543],[-71.539,17.543],[-71.539,17.542],[-71.533,17.542],[-71.533,17.543],[-71.532,17.543],[-71.532,17.542],[-71.531,17.543],[-71.528,17.543],[-71.529,17.544],[-71.527,17.544],[-71.527,17.543],[-71.526,17.544],[-71.526,17.545],[-71.522,17.545],[-71.521,17.546],[-71.52,17.546],[-71.52,17.547],[-71.519,17.547],[-71.518,17.548],[-71.514,17.548],[-71.513,17.549],[-71.51,17.549],[-71.509,17.55],[-71.507,17.55],[-71.506,17.551],[-71.504,17.551],[-71.503,17.552],[-71.502,17.552],[-71.502,17.553],[-71.5,17.553],[-71.499,17.554],[-71.498,17.554],[-71.498,17.555],[-71.497,17.555],[-71.497,17.557],[-71.496,17.557],[-71.496,17.558],[-71.494,17.558],[-71.494,17.559],[-71.493,17.559],[-71.492,17.56],[-71.491,17.56],[-71.491,17.561],[-71.49,17.561],[-71.489,17.562],[-71.489,17.563],[-71.487,17.563],[-71.487,17.564],[-71.486,17.564],[-71.485,17.565],[-71.484,17.566],[-71.484,17.567],[-71.483,17.567],[-71.483,17.568],[-71.482,17.568],[-71.482,17.569],[-71.481,17.569],[-71.481,17.57],[-71.478,17.57],[-71.478,17.571],[-71.477,17.571],[-71.477,17.573],[-71.476,17.578],[-71.475,17.579],[-71.475,17.58],[-71.474,17.58],[-71.474,17.581],[-71.473,17.582],[-71.472,17.581],[-71.471,17.582],[-71.471,17.583],[-71.47,17.584],[-71.469,17.584],[-71.469,17.585],[-71.473,17.585],[-71.473,17.584],[-71.476,17.584],[-71.476,17.585],[-71.477,17.585],[-71.478,17.584],[-71.484,17.584],[-71.484,17.585],[-71.485,17.586],[-71.486,17.586],[-71.486,17.588],[-71.488,17.588],[-71.488,17.589],[-71.489,17.59],[-71.49,17.591],[-71.49,17.592],[-71.491,17.593],[-71.491,17.596],[-71.493,17.596],[-71.494,17.597],[-71.494,17.6],[-71.495,17.601],[-71.495,17.603],[-71.496,17.603],[-71.497,17.604],[-71.497,17.607],[-71.498,17.607],[-71.498,17.608],[-71.499,17.608],[-71.5,17.609],[-71.501,17.61],[-71.503,17.61],[-71.503,17.611],[-71.51,17.611],[-71.511,17.612],[-71.512,17.611],[-71.513,17.612],[-71.515,17.612],[-71.515,17.613],[-71.516,17.614],[-71.517,17.615],[-71.518,17.616],[-71.519,17.616],[-71.519,17.617],[-71.52,17.617],[-71.52,17.618],[-71.521,17.619],[-71.521,17.618],[-71.522,17.619],[-71.522,17.618],[-71.523,17.617],[-71.523,17.615],[-71.524,17.614],[-71.524,17.611],[-71.525,17.61],[-71.525,17.608],[-71.526,17.608],[-71.526,17.606],[-71.527,17.605],[-71.528,17.603],[-71.528,17.602],[-71.529,17.601],[-71.53,17.6],[-71.531,17.599],[-71.533,17.598],[-71.534,17.598],[-71.536,17.597],[-71.537,17.596],[-71.538,17.595],[-71.538,17.592],[-71.539,17.591],[-71.539,17.586],[-71.54,17.585],[-71.54,17.581],[-71.541,17.58],[-71.542,17.579],[-71.543,17.578],[-71.543,17.577],[-71.545,17.576],[-71.545,17.575],[-71.546,17.573],[-71.547,17.572],[-71.548,17.571],[-71.548,17.566],[-71.549,17.565],[-71.549,17.564],[-71.55,17.563],[-71.55,17.562],[-71.551,17.56],[-71.552,17.559],[-71.552,17.558],[-71.553,17.558],[-71.553,17.554],[-71.554,17.552],[-71.554,17.549]]],[[[-71.359,17.717],[-71.358,17.716],[-71.358,17.717],[-71.359,17.717]]],[[[-71.348,17.748],[-71.344,17.748],[-71.344,17.749],[-71.348,17.749],[-71.348,17.748]]]]}},{"type":"Feature","properties":{"shapeName":"Valverde","provinceKey":"valverde","shapeType":"ADM1"},"geometry":{"type":"MultiPolygon","coordinates":[[[[-71.192,19.516],[-71.191,19.516],[-71.191,19.517],[-71.19,19.517],[-71.19,19.515],[-71.188,19.515],[-71.188,19.514],[-71.189,19.513],[-71.188,19.513],[-71.188,19.511],[-71.184,19.511],[-71.184,19.512],[-71.185,19.512],[-71.185,19.513],[-71.183,19.513],[-71.183,19.502],[-71.182,19.502],[-71.182,19.499],[-71.179,19.499],[-71.179,19.498],[-71.18,19.498],[-71.18,19.497],[-71.179,19.497],[-71.179,19.495],[-71.177,19.495],[-71.177,19.494],[-71.178,19.494],[-71.178,19.493],[-71.179,19.492],[-71.179,19.491],[-71.18,19.491],[-71.18,19.489],[-71.179,19.488],[-71.18,19.488],[-71.18,19.485],[-71.181,19.485],[-71.181,19.483],[-71.182,19.483],[-71.182,19.482],[-71.183,19.481],[-71.183,19.48],[-71.182,19.479],[-71.182,19.478],[-71.183,19.477],[-71.184,19.477],[-71.184,19.476],[-71.182,19.476],[-71.182,19.475],[-71.177,19.475],[-71.174,19.474],[-71.172,19.475],[-71.168,19.475],[-71.165,19.476],[-71.164,19.477],[-71.162,19.477],[-71.16,19.476],[-71.159,19.477],[-71.159,19.476],[-71.153,19.476],[-71.152,19.477],[-71.15,19.477],[-71.149,19.476],[-71.148,19.476],[-71.147,19.475],[-71.143,19.475],[-71.142,19.476],[-71.14,19.476],[-71.136,19.478],[-71.129,19.478],[-71.128,19.477],[-71.127,19.477],[-71.126,19.476],[-71.125,19.476],[-71.124,19.474],[-71.123,19.473],[-71.124,19.471],[-71.124,19.468],[-71.123,19.466],[-71.122,19.465],[-71.12,19.464],[-71.115,19.464],[-71.113,19.465],[-71.112,19.465],[-71.109,19.466],[-71.107,19.466],[-71.106,19.464],[-71.104,19.463],[-71.103,19.465],[-71.101,19.466],[-71.098,19.466],[-71.098,19.467],[-71.094,19.467],[-71.094,19.468],[-71.093,19.468],[-71.092,19.469],[-71.092,19.47],[-71.09,19.47],[-71.09,19.471],[-71.087,19.471],[-71.086,19.472],[-71.084,19.472],[-71.083,19.473],[-71.082,19.473],[-71.082,19.472],[-71.081,19.472],[-71.081,19.471],[-71.08,19.471],[-71.08,19.466],[-71.079,19.467],[-71.076,19.467],[-71.073,19.466],[-71.071,19.466],[-71.071,19.465],[-71.07,19.465],[-71.07,19.464],[-71.068,19.463],[-71.067,19.462],[-71.066,19.461],[-71.065,19.461],[-71.064,19.462],[-71.062,19.462],[-71.062,19.461],[-71.061,19.46],[-71.061,19.459],[-71.059,19.459],[-71.058,19.458],[-71.057,19.457],[-71.056,19.456],[-71.054,19.456],[-71.053,19.455],[-71.053,19.453],[-71.052,19.453],[-71.052,19.452],[-71.05,19.452],[-71.049,19.451],[-71.048,19.45],[-71.048,19.449],[-71.047,19.449],[-71.047,19.448],[-71.045,19.448],[-71.045,19.446],[-71.044,19.446],[-71.044,19.445],[-71.041,19.445],[-71.041,19.444],[-71.035,19.444],[-71.034,19.445],[-71.033,19.445],[-71.033,19.446],[-71.032,19.447],[-71.03,19.449],[-71.029,19.449],[-71.028,19.45],[-71.021,19.45],[-71.021,19.455],[-71.02,19.455],[-71.02,19.456],[-71.012,19.456],[-71.011,19.457],[-71.009,19.457],[-71.008,19.456],[-71.004,19.452],[-71.003,19.451],[-71.001,19.449],[-71,19.449],[-70.999,19.448],[-70.998,19.448],[-70.998,19.447],[-70.997,19.446],[-70.997,19.441],[-70.996,19.441],[-70.996,19.437],[-70.995,19.436],[-70.994,19.435],[-70.994,19.434],[-70.991,19.434],[-70.99,19.435],[-70.989,19.436],[-70.988,19.437],[-70.988,19.438],[-70.987,19.439],[-70.986,19.439],[-70.985,19.441],[-70.984,19.441],[-70.982,19.442],[-70.982,19.443],[-70.981,19.444],[-70.98,19.444],[-70.979,19.445],[-70.979,19.447],[-70.978,19.449],[-70.978,19.453],[-70.977,19.454],[-70.977,19.455],[-70.975,19.457],[-70.973,19.457],[-70.973,19.452],[-70.972,19.452],[-70.972,19.451],[-70.969,19.451],[-70.969,19.45],[-70.968,19.45],[-70.968,19.447],[-70.966,19.447],[-70.966,19.448],[-70.962,19.448],[-70.961,19.449],[-70.957,19.449],[-70.957,19.45],[-70.954,19.45],[-70.953,19.451],[-70.953,19.452],[-70.954,19.452],[-70.954,19.453],[-70.955,19.453],[-70.956,19.452],[-70.958,19.452],[-70.958,19.451],[-70.963,19.451],[-70.963,19.458],[-70.962,19.458],[-70.961,19.457],[-70.96,19.457],[-70.959,19.456],[-70.957,19.456],[-70.956,19.457],[-70.955,19.458],[-70.948,19.458],[-70.947,19.457],[-70.946,19.457],[-70.946,19.456],[-70.943,19.456],[-70.942,19.455],[-70.94,19.455],[-70.94,19.454],[-70.936,19.454],[-70.935,19.453],[-70.935,19.449],[-70.934,19.449],[-70.934,19.448],[-70.933,19.448],[-70.933,19.447],[-70.929,19.447],[-70.928,19.446],[-70.928,19.444],[-70.927,19.444],[-70.927,19.443],[-70.924,19.443],[-70.924,19.441],[-70.923,19.441],[-70.923,19.44],[-70.922,19.44],[-70.922,19.439],[-70.92,19.439],[-70.92,19.44],[-70.913,19.44],[-70.913,19.439],[-70.911,19.439],[-70.911,19.44],[-70.91,19.44],[-70.91,19.443],[-70.911,19.444],[-70.911,19.448],[-70.91,19.448],[-70.91,19.449],[-70.907,19.449],[-70.907,19.45],[-70.906,19.45],[-70.906,19.449],[-70.903,19.449],[-70.903,19.451],[-70.901,19.451],[-70.901,19.454],[-70.902,19.454],[-70.902,19.456],[-70.901,19.456],[-70.901,19.455],[-70.899,19.455],[-70.898,19.454],[-70.897,19.454],[-70.897,19.453],[-70.895,19.453],[-70.894,19.452],[-70.892,19.451],[-70.89,19.45],[-70.889,19.45],[-70.888,19.449],[-70.886,19.449],[-70.885,19.45],[-70.885,19.458],[-70.886,19.46],[-70.886,19.463],[-70.887,19.465],[-70.887,19.466],[-70.888,19.467],[-70.888,19.468],[-70.89,19.468],[-70.892,19.469],[-70.894,19.469],[-70.896,19.47],[-70.899,19.47],[-70.9,19.471],[-70.901,19.472],[-70.902,19.473],[-70.904,19.474],[-70.904,19.477],[-70.903,19.479],[-70.904,19.481],[-70.904,19.482],[-70.906,19.484],[-70.907,19.485],[-70.908,19.485],[-70.908,19.486],[-70.909,19.486],[-70.908,19.487],[-70.908,19.488],[-70.909,19.489],[-70.908,19.489],[-70.908,19.492],[-70.907,19.492],[-70.906,19.493],[-70.906,19.495],[-70.905,19.495],[-70.905,19.496],[-70.904,19.496],[-70.904,19.499],[-70.905,19.499],[-70.905,19.501],[-70.904,19.501],[-70.904,19.503],[-70.903,19.503],[-70.903,19.504],[-70.902,19.505],[-70.902,19.507],[-70.901,19.507],[-70.901,19.509],[-70.902,19.509],[-70.903,19.51],[-70.902,19.51],[-70.902,19.511],[-70.901,19.511],[-70.901,19.514],[-70.9,19.514],[-70.9,19.515],[-70.899,19.516],[-70.898,19.517],[-70.898,19.518],[-70.896,19.518],[-70.896,19.52],[-70.895,19.521],[-70.895,19.522],[-70.896,19.522],[-70.896,19.524],[-70.895,19.524],[-70.895,19.525],[-70.894,19.525],[-70.894,19.528],[-70.895,19.527],[-70.895,19.529],[-70.894,19.53],[-70.894,19.536],[-70.893,19.537],[-70.893,19.538],[-70.892,19.538],[-70.892,19.539],[-70.893,19.539],[-70.894,19.54],[-70.896,19.54],[-70.896,19.541],[-70.895,19.542],[-70.895,19.544],[-70.896,19.544],[-70.896,19.545],[-70.898,19.545],[-70.899,19.546],[-70.9,19.545],[-70.9,19.542],[-70.902,19.542],[-70.903,19.543],[-70.904,19.543],[-70.904,19.547],[-70.905,19.547],[-70.905,19.548],[-70.906,19.548],[-70.907,19.547],[-70.908,19.546],[-70.909,19.546],[-70.909,19.549],[-70.908,19.549],[-70.907,19.55],[-70.907,19.551],[-70.91,19.551],[-70.911,19.55],[-70.913,19.55],[-70.913,19.548],[-70.911,19.548],[-70.911,19.547],[-70.91,19.547],[-70.91,19.545],[-70.912,19.543],[-70.912,19.545],[-70.913,19.545],[-70.913,19.547],[-70.914,19.547],[-70.914,19.548],[-70.918,19.548],[-70.918,19.551],[-70.917,19.552],[-70.917,19.553],[-70.916,19.553],[-70.916,19.554],[-70.922,19.554],[-70.922,19.553],[-70.921,19.552],[-70.921,19.551],[-70.922,19.55],[-70.922,19.549],[-70.926,19.549],[-70.928,19.55],[-70.928,19.551],[-70.927,19.552],[-70.927,19.553],[-70.928,19.554],[-70.929,19.554],[-70.93,19.553],[-70.93,19.552],[-70.932,19.552],[-70.933,19.553],[-70.933,19.555],[-70.934,19.556],[-70.934,19.555],[-70.936,19.555],[-70.936,19.557],[-70.935,19.557],[-70.935,19.558],[-70.934,19.559],[-70.934,19.561],[-70.933,19.562],[-70.932,19.563],[-70.929,19.565],[-70.929,19.567],[-70.928,19.567],[-70.928,19.568],[-70.927,19.569],[-70.927,19.57],[-70.926,19.57],[-70.926,19.571],[-70.925,19.571],[-70.925,19.573],[-70.924,19.573],[-70.924,19.574],[-70.923,19.574],[-70.923,19.578],[-70.929,19.578],[-70.93,19.577],[-70.93,19.578],[-70.931,19.579],[-70.93,19.58],[-70.93,19.584],[-70.929,19.586],[-70.929,19.589],[-70.928,19.589],[-70.928,19.591],[-70.927,19.59],[-70.926,19.589],[-70.925,19.589],[-70.925,19.588],[-70.924,19.587],[-70.923,19.587],[-70.922,19.586],[-70.921,19.585],[-70.92,19.585],[-70.92,19.584],[-70.919,19.584],[-70.919,19.583],[-70.918,19.583],[-70.918,19.582],[-70.917,19.582],[-70.917,19.581],[-70.916,19.581],[-70.915,19.58],[-70.914,19.579],[-70.913,19.579],[-70.913,19.578],[-70.912,19.578],[-70.912,19.577],[-70.911,19.577],[-70.911,19.576],[-70.91,19.576],[-70.91,19.575],[-70.909,19.575],[-70.908,19.574],[-70.907,19.574],[-70.907,19.573],[-70.906,19.573],[-70.906,19.572],[-70.904,19.572],[-70.903,19.571],[-70.902,19.571],[-70.902,19.57],[-70.901,19.57],[-70.9,19.569],[-70.899,19.569],[-70.899,19.568],[-70.898,19.568],[-70.897,19.567],[-70.897,19.566],[-70.896,19.566],[-70.896,19.565],[-70.895,19.565],[-70.895,19.564],[-70.894,19.564],[-70.894,19.563],[-70.893,19.563],[-70.893,19.565],[-70.892,19.565],[-70.892,19.566],[-70.893,19.566],[-70.893,19.569],[-70.891,19.569],[-70.891,19.57],[-70.89,19.57],[-70.89,19.571],[-70.891,19.571],[-70.891,19.572],[-70.889,19.572],[-70.889,19.574],[-70.888,19.574],[-70.888,19.575],[-70.887,19.575],[-70.887,19.576],[-70.888,19.576],[-70.888,19.578],[-70.887,19.578],[-70.887,19.581],[-70.886,19.581],[-70.886,19.582],[-70.887,19.582],[-70.887,19.583],[-70.888,19.583],[-70.888,19.587],[-70.887,19.587],[-70.887,19.588],[-70.886,19.588],[-70.886,19.59],[-70.884,19.59],[-70.884,19.594],[-70.883,19.594],[-70.883,19.596],[-70.882,19.596],[-70.882,19.595],[-70.881,19.595],[-70.881,19.597],[-70.882,19.597],[-70.882,19.602],[-70.881,19.602],[-70.881,19.603],[-70.88,19.603],[-70.88,19.604],[-70.882,19.604],[-70.882,19.605],[-70.883,19.605],[-70.883,19.607],[-70.884,19.607],[-70.884,19.612],[-70.883,19.612],[-70.883,19.613],[-70.884,19.613],[-70.884,19.615],[-70.883,19.615],[-70.883,19.616],[-70.884,19.616],[-70.884,19.619],[-70.885,19.619],[-70.885,19.62],[-70.884,19.621],[-70.883,19.621],[-70.883,19.622],[-70.882,19.622],[-70.882,19.625],[-70.881,19.625],[-70.881,19.626],[-70.879,19.626],[-70.879,19.628],[-70.876,19.628],[-70.876,19.629],[-70.875,19.629],[-70.875,19.631],[-70.876,19.631],[-70.876,19.642],[-70.88,19.642],[-70.88,19.641],[-70.881,19.641],[-70.881,19.64],[-70.882,19.639],[-70.883,19.639],[-70.884,19.64],[-70.884,19.643],[-70.885,19.643],[-70.885,19.645],[-70.886,19.645],[-70.886,19.646],[-70.885,19.646],[-70.885,19.647],[-70.884,19.648],[-70.884,19.649],[-70.882,19.649],[-70.882,19.65],[-70.881,19.65],[-70.881,19.652],[-70.883,19.652],[-70.883,19.653],[-70.884,19.653],[-70.884,19.654],[-70.885,19.654],[-70.886,19.655],[-70.888,19.655],[-70.889,19.654],[-70.895,19.654],[-70.895,19.653],[-70.901,19.653],[-70.901,19.654],[-70.902,19.654],[-70.902,19.653],[-70.905,19.653],[-70.905,19.652],[-70.907,19.652],[-70.907,19.653],[-70.912,19.653],[-70.912,19.654],[-70.913,19.654],[-70.913,19.655],[-70.914,19.655],[-70.914,19.656],[-70.916,19.656],[-70.917,19.657],[-70.917,19.656],[-70.92,19.656],[-70.92,19.657],[-70.921,19.657],[-70.921,19.658],[-70.922,19.659],[-70.922,19.66],[-70.923,19.66],[-70.923,19.661],[-70.924,19.662],[-70.923,19.663],[-70.924,19.663],[-70.924,19.664],[-70.926,19.664],[-70.926,19.665],[-70.925,19.665],[-70.925,19.666],[-70.926,19.666],[-70.926,19.667],[-70.928,19.667],[-70.928,19.668],[-70.929,19.668],[-70.929,19.667],[-70.931,19.667],[-70.932,19.668],[-70.932,19.67],[-70.934,19.67],[-70.934,19.671],[-70.937,19.671],[-70.937,19.672],[-70.938,19.672],[-70.938,19.674],[-70.942,19.674],[-70.942,19.673],[-70.943,19.673],[-70.943,19.672],[-70.944,19.672],[-70.944,19.673],[-70.946,19.673],[-70.946,19.674],[-70.948,19.674],[-70.948,19.675],[-70.949,19.675],[-70.949,19.676],[-70.951,19.676],[-70.951,19.675],[-70.953,19.675],[-70.953,19.677],[-70.955,19.677],[-70.955,19.678],[-70.956,19.678],[-70.956,19.679],[-70.957,19.679],[-70.957,19.68],[-70.959,19.68],[-70.959,19.681],[-70.961,19.681],[-70.961,19.682],[-70.963,19.682],[-70.963,19.683],[-70.964,19.683],[-70.964,19.684],[-70.965,19.684],[-70.965,19.685],[-70.966,19.685],[-70.966,19.686],[-70.967,19.686],[-70.967,19.687],[-70.969,19.687],[-70.969,19.689],[-70.971,19.689],[-70.971,19.69],[-70.973,19.69],[-70.973,19.691],[-70.975,19.691],[-70.975,19.692],[-70.976,19.692],[-70.976,19.693],[-70.977,19.693],[-70.977,19.694],[-70.978,19.694],[-70.978,19.695],[-70.979,19.695],[-70.979,19.696],[-70.98,19.696],[-70.98,19.698],[-70.982,19.698],[-70.982,19.7],[-70.983,19.7],[-70.983,19.701],[-70.984,19.701],[-70.984,19.706],[-70.992,19.706],[-70.992,19.707],[-70.993,19.707],[-70.993,19.708],[-70.994,19.708],[-70.995,19.709],[-70.996,19.709],[-70.996,19.71],[-70.997,19.71],[-70.997,19.711],[-70.998,19.711],[-70.998,19.712],[-71,19.712],[-71,19.713],[-71.001,19.713],[-71.002,19.714],[-71.003,19.715],[-71.003,19.714],[-71.005,19.714],[-71.005,19.713],[-71.006,19.713],[-71.006,19.711],[-71.007,19.711],[-71.008,19.71],[-71.01,19.71],[-71.01,19.711],[-71.011,19.711],[-71.011,19.71],[-71.013,19.71],[-71.014,19.709],[-71.014,19.71],[-71.021,19.71],[-71.022,19.711],[-71.025,19.711],[-71.025,19.71],[-71.026,19.71],[-71.026,19.711],[-71.04,19.711],[-71.042,19.712],[-71.043,19.713],[-71.046,19.713],[-71.046,19.714],[-71.056,19.714],[-71.058,19.716],[-71.059,19.717],[-71.061,19.719],[-71.064,19.719],[-71.065,19.72],[-71.065,19.721],[-71.066,19.722],[-71.068,19.722],[-71.07,19.723],[-71.07,19.725],[-71.071,19.726],[-71.071,19.727],[-71.07,19.728],[-71.07,19.731],[-71.071,19.731],[-71.071,19.732],[-71.072,19.733],[-71.072,19.737],[-71.073,19.737],[-71.073,19.738],[-71.079,19.738],[-71.079,19.739],[-71.081,19.739],[-71.081,19.74],[-71.083,19.74],[-71.083,19.741],[-71.086,19.741],[-71.086,19.742],[-71.094,19.742],[-71.094,19.743],[-71.1,19.743],[-71.101,19.744],[-71.102,19.744],[-71.103,19.745],[-71.104,19.745],[-71.105,19.746],[-71.106,19.746],[-71.107,19.747],[-71.107,19.748],[-71.111,19.748],[-71.111,19.749],[-71.112,19.749],[-71.112,19.75],[-71.12,19.75],[-71.121,19.749],[-71.124,19.749],[-71.124,19.75],[-71.125,19.751],[-71.126,19.752],[-71.127,19.752],[-71.128,19.753],[-71.13,19.753],[-71.13,19.754],[-71.131,19.754],[-71.132,19.755],[-71.132,19.757],[-71.133,19.757],[-71.133,19.758],[-71.134,19.758],[-71.134,19.759],[-71.135,19.759],[-71.135,19.758],[-71.139,19.758],[-71.14,19.759],[-71.144,19.759],[-71.145,19.758],[-71.146,19.756],[-71.147,19.756],[-71.147,19.753],[-71.148,19.753],[-71.148,19.752],[-71.149,19.751],[-71.149,19.75],[-71.15,19.75],[-71.15,19.749],[-71.151,19.748],[-71.151,19.746],[-71.152,19.746],[-71.152,19.745],[-71.153,19.745],[-71.153,19.74],[-71.154,19.739],[-71.154,19.736],[-71.155,19.736],[-71.155,19.734],[-71.156,19.734],[-71.156,19.732],[-71.157,19.732],[-71.157,19.728],[-71.158,19.728],[-71.158,19.727],[-71.159,19.726],[-71.159,19.724],[-71.16,19.723],[-71.16,19.722],[-71.161,19.722],[-71.161,19.721],[-71.162,19.72],[-71.162,19.719],[-71.161,19.719],[-71.161,19.718],[-71.162,19.718],[-71.162,19.714],[-71.163,19.714],[-71.163,19.713],[-71.164,19.713],[-71.164,19.712],[-71.163,19.711],[-71.164,19.711],[-71.164,19.71],[-71.165,19.709],[-71.165,19.708],[-71.166,19.707],[-71.164,19.707],[-71.164,19.706],[-71.163,19.706],[-71.162,19.705],[-71.161,19.705],[-71.161,19.703],[-71.16,19.703],[-71.16,19.699],[-71.161,19.698],[-71.161,19.696],[-71.16,19.696],[-71.16,19.694],[-71.161,19.694],[-71.161,19.693],[-71.162,19.693],[-71.162,19.69],[-71.163,19.69],[-71.163,19.689],[-71.165,19.689],[-71.165,19.688],[-71.166,19.688],[-71.166,19.687],[-71.167,19.687],[-71.167,19.683],[-71.166,19.683],[-71.166,19.682],[-71.167,19.682],[-71.167,19.679],[-71.166,19.679],[-71.166,19.678],[-71.167,19.677],[-71.166,19.677],[-71.167,19.676],[-71.167,19.674],[-71.165,19.674],[-71.165,19.673],[-71.164,19.673],[-71.164,19.672],[-71.165,19.672],[-71.165,19.67],[-71.164,19.669],[-71.164,19.668],[-71.165,19.668],[-71.165,19.667],[-71.164,19.667],[-71.164,19.662],[-71.163,19.662],[-71.163,19.658],[-71.161,19.658],[-71.162,19.655],[-71.162,19.653],[-71.161,19.652],[-71.161,19.651],[-71.16,19.65],[-71.16,19.649],[-71.159,19.648],[-71.159,19.647],[-71.16,19.646],[-71.16,19.645],[-71.161,19.64],[-71.163,19.634],[-71.164,19.633],[-71.165,19.633],[-71.165,19.629],[-71.166,19.628],[-71.169,19.628],[-71.17,19.627],[-71.172,19.627],[-71.172,19.629],[-71.173,19.629],[-71.174,19.63],[-71.174,19.629],[-71.176,19.629],[-71.176,19.628],[-71.177,19.627],[-71.177,19.628],[-71.178,19.628],[-71.178,19.63],[-71.179,19.631],[-71.18,19.631],[-71.181,19.632],[-71.183,19.632],[-71.183,19.631],[-71.185,19.631],[-71.185,19.629],[-71.184,19.628],[-71.184,19.626],[-71.185,19.625],[-71.185,19.622],[-71.186,19.621],[-71.188,19.621],[-71.188,19.619],[-71.189,19.619],[-71.189,19.617],[-71.188,19.617],[-71.188,19.616],[-71.187,19.616],[-71.186,19.615],[-71.185,19.615],[-71.185,19.614],[-71.184,19.614],[-71.184,19.61],[-71.182,19.61],[-71.182,19.604],[-71.181,19.603],[-71.182,19.603],[-71.181,19.602],[-71.181,19.601],[-71.182,19.6],[-71.181,19.6],[-71.181,19.598],[-71.18,19.597],[-71.18,19.596],[-71.179,19.596],[-71.18,19.595],[-71.18,19.594],[-71.177,19.594],[-71.177,19.593],[-71.176,19.593],[-71.176,19.592],[-71.175,19.592],[-71.175,19.591],[-71.173,19.591],[-71.173,19.589],[-71.172,19.589],[-71.172,19.588],[-71.173,19.588],[-71.173,19.587],[-71.172,19.587],[-71.172,19.586],[-71.173,19.586],[-71.173,19.585],[-71.172,19.585],[-71.172,19.578],[-71.171,19.578],[-71.171,19.577],[-71.173,19.577],[-71.172,19.576],[-71.172,19.575],[-71.174,19.575],[-71.174,19.574],[-71.172,19.574],[-71.172,19.571],[-71.173,19.571],[-71.173,19.57],[-71.175,19.57],[-71.175,19.569],[-71.176,19.569],[-71.176,19.57],[-71.177,19.57],[-71.177,19.567],[-71.176,19.567],[-71.176,19.565],[-71.175,19.564],[-71.175,19.561],[-71.176,19.561],[-71.176,19.563],[-71.177,19.563],[-71.177,19.559],[-71.178,19.559],[-71.178,19.558],[-71.177,19.557],[-71.176,19.557],[-71.176,19.556],[-71.175,19.556],[-71.175,19.555],[-71.177,19.555],[-71.177,19.554],[-71.178,19.554],[-71.178,19.556],[-71.18,19.556],[-71.18,19.554],[-71.181,19.554],[-71.181,19.553],[-71.183,19.553],[-71.183,19.549],[-71.184,19.548],[-71.184,19.547],[-71.185,19.547],[-71.185,19.546],[-71.184,19.546],[-71.184,19.545],[-71.185,19.545],[-71.185,19.544],[-71.189,19.544],[-71.189,19.543],[-71.19,19.543],[-71.19,19.542],[-71.187,19.542],[-71.187,19.543],[-71.186,19.542],[-71.186,19.541],[-71.188,19.541],[-71.188,19.54],[-71.189,19.54],[-71.189,19.539],[-71.19,19.539],[-71.19,19.538],[-71.189,19.538],[-71.189,19.537],[-71.187,19.537],[-71.187,19.536],[-71.186,19.536],[-71.186,19.535],[-71.189,19.535],[-71.19,19.534],[-71.19,19.533],[-71.189,19.533],[-71.189,19.53],[-71.188,19.53],[-71.188,19.529],[-71.189,19.528],[-71.189,19.523],[-71.19,19.522],[-71.19,19.521],[-71.191,19.521],[-71.191,19.519],[-71.19,19.519],[-71.19,19.518],[-71.191,19.518],[-71.192,19.517],[-71.192,19.516]],[[-71.173,19.57],[-71.172,19.57],[-71.172,19.569],[-71.173,19.569],[-71.173,19.57]]]]}},{"type":"Feature","properties":{"shapeName":"La Altagracia","provinceKey":"laaltagracia","shapeType":"ADM1"},"geometry":{"type":"MultiPolygon","coordinates":[[[[-68.938,18.68],[-68.937,18.679],[-68.937,18.678],[-68.936,18.678],[-68.935,18.677],[-68.934,18.677],[-68.934,18.676],[-68.932,18.676],[-68.932,18.675],[-68.93,18.675],[-68.93,18.674],[-68.929,18.674],[-68.928,18.673],[-68.927,18.673],[-68.927,18.671],[-68.926,18.67],[-68.925,18.669],[-68.924,18.668],[-68.924,18.666],[-68.925,18.666],[-68.926,18.665],[-68.927,18.664],[-68.927,18.655],[-68.926,18.655],[-68.926,18.654],[-68.925,18.653],[-68.923,18.653],[-68.923,18.652],[-68.922,18.652],[-68.921,18.651],[-68.92,18.651],[-68.919,18.65],[-68.914,18.65],[-68.913,18.649],[-68.912,18.649],[-68.912,18.648],[-68.913,18.647],[-68.914,18.646],[-68.915,18.645],[-68.916,18.644],[-68.916,18.641],[-68.915,18.64],[-68.914,18.639],[-68.912,18.639],[-68.911,18.64],[-68.91,18.641],[-68.909,18.641],[-68.908,18.642],[-68.908,18.641],[-68.907,18.641],[-68.906,18.64],[-68.905,18.639],[-68.905,18.636],[-68.904,18.636],[-68.904,18.635],[-68.903,18.634],[-68.903,18.63],[-68.904,18.628],[-68.905,18.627],[-68.905,18.615],[-68.906,18.613],[-68.906,18.609],[-68.905,18.608],[-68.904,18.608],[-68.902,18.609],[-68.901,18.61],[-68.9,18.61],[-68.899,18.609],[-68.898,18.609],[-68.897,18.608],[-68.896,18.608],[-68.895,18.607],[-68.893,18.607],[-68.892,18.606],[-68.891,18.606],[-68.89,18.605],[-68.889,18.605],[-68.889,18.602],[-68.888,18.602],[-68.888,18.6],[-68.887,18.599],[-68.887,18.598],[-68.886,18.597],[-68.886,18.595],[-68.885,18.594],[-68.884,18.592],[-68.884,18.59],[-68.885,18.589],[-68.885,18.587],[-68.884,18.587],[-68.884,18.586],[-68.878,18.586],[-68.878,18.585],[-68.875,18.585],[-68.875,18.579],[-68.876,18.579],[-68.876,18.577],[-68.875,18.577],[-68.875,18.576],[-68.873,18.576],[-68.873,18.575],[-68.872,18.574],[-68.871,18.573],[-68.87,18.573],[-68.868,18.572],[-68.867,18.571],[-68.866,18.571],[-68.866,18.57],[-68.864,18.57],[-68.863,18.569],[-68.862,18.568],[-68.863,18.567],[-68.863,18.566],[-68.862,18.566],[-68.861,18.565],[-68.86,18.564],[-68.855,18.564],[-68.854,18.565],[-68.853,18.565],[-68.852,18.564],[-68.851,18.564],[-68.851,18.561],[-68.852,18.56],[-68.852,18.559],[-68.853,18.558],[-68.854,18.557],[-68.854,18.556],[-68.853,18.555],[-68.851,18.555],[-68.851,18.556],[-68.849,18.556],[-68.849,18.557],[-68.848,18.557],[-68.848,18.556],[-68.847,18.555],[-68.847,18.553],[-68.848,18.552],[-68.848,18.551],[-68.849,18.551],[-68.849,18.548],[-68.848,18.548],[-68.848,18.547],[-68.847,18.546],[-68.847,18.544],[-68.848,18.544],[-68.847,18.543],[-68.847,18.541],[-68.848,18.541],[-68.849,18.54],[-68.849,18.533],[-68.848,18.532],[-68.848,18.531],[-68.847,18.531],[-68.847,18.523],[-68.848,18.522],[-68.85,18.522],[-68.85,18.52],[-68.844,18.52],[-68.843,18.519],[-68.842,18.519],[-68.842,18.517],[-68.843,18.517],[-68.843,18.516],[-68.844,18.516],[-68.844,18.511],[-68.845,18.51],[-68.846,18.51],[-68.846,18.509],[-68.847,18.509],[-68.848,18.508],[-68.85,18.508],[-68.851,18.507],[-68.852,18.506],[-68.852,18.502],[-68.853,18.502],[-68.853,18.5],[-68.854,18.499],[-68.854,18.498],[-68.855,18.497],[-68.856,18.496],[-68.857,18.495],[-68.86,18.495],[-68.86,18.494],[-68.861,18.493],[-68.861,18.492],[-68.859,18.49],[-68.859,18.488],[-68.86,18.487],[-68.861,18.486],[-68.862,18.486],[-68.863,18.485],[-68.863,18.484],[-68.867,18.484],[-68.868,18.483],[-68.869,18.483],[-68.87,18.482],[-68.872,18.482],[-68.872,18.48],[-68.871,18.479],[-68.871,18.478],[-68.87,18.478],[-68.87,18.475],[-68.869,18.475],[-68.869,18.474],[-68.868,18.474],[-68.868,18.472],[-68.869,18.471],[-68.872,18.471],[-68.872,18.47],[-68.873,18.47],[-68.873,18.468],[-68.876,18.468],[-68.876,18.467],[-68.88,18.467],[-68.88,18.464],[-68.879,18.464],[-68.879,18.463],[-68.878,18.463],[-68.878,18.462],[-68.877,18.462],[-68.877,18.46],[-68.876,18.46],[-68.875,18.459],[-68.874,18.459],[-68.874,18.456],[-68.875,18.456],[-68.875,18.455],[-68.876,18.454],[-68.877,18.454],[-68.878,18.453],[-68.879,18.452],[-68.88,18.451],[-68.881,18.451],[-68.881,18.45],[-68.882,18.451],[-68.883,18.451],[-68.884,18.452],[-68.885,18.452],[-68.886,18.451],[-68.887,18.451],[-68.887,18.449],[-68.886,18.449],[-68.885,18.448],[-68.884,18.448],[-68.883,18.447],[-68.883,18.446],[-68.885,18.444],[-68.886,18.443],[-68.886,18.441],[-68.887,18.441],[-68.887,18.44],[-68.888,18.44],[-68.888,18.437],[-68.886,18.437],[-68.885,18.436],[-68.884,18.435],[-68.884,18.433],[-68.885,18.432],[-68.886,18.431],[-68.888,18.429],[-68.888,18.428],[-68.889,18.427],[-68.889,18.423],[-68.888,18.422],[-68.887,18.421],[-68.887,18.418],[-68.886,18.417],[-68.886,18.416],[-68.887,18.415],[-68.887,18.414],[-68.888,18.414],[-68.89,18.413],[-68.892,18.413],[-68.892,18.412],[-68.894,18.411],[-68.896,18.409],[-68.897,18.408],[-68.898,18.407],[-68.898,18.402],[-68.897,18.401],[-68.897,18.398],[-68.895,18.398],[-68.895,18.396],[-68.89,18.396],[-68.89,18.395],[-68.888,18.395],[-68.888,18.394],[-68.885,18.394],[-68.885,18.393],[-68.884,18.393],[-68.884,18.392],[-68.881,18.391],[-68.881,18.39],[-68.88,18.39],[-68.88,18.389],[-68.876,18.389],[-68.876,18.388],[-68.874,18.388],[-68.874,18.387],[-68.872,18.387],[-68.872,18.386],[-68.871,18.386],[-68.871,18.385],[-68.87,18.385],[-68.87,18.384],[-68.867,18.384],[-68.867,18.383],[-68.863,18.383],[-68.863,18.382],[-68.859,18.382],[-68.858,18.381],[-68.856,18.381],[-68.856,18.38],[-68.854,18.38],[-68.854,18.379],[-68.852,18.379],[-68.852,18.378],[-68.851,18.378],[-68.85,18.377],[-68.849,18.377],[-68.849,18.376],[-68.847,18.376],[-68.847,18.375],[-68.845,18.375],[-68.845,18.374],[-68.843,18.374],[-68.843,18.373],[-68.842,18.373],[-68.841,18.372],[-68.841,18.369],[-68.84,18.369],[-68.841,18.368],[-68.841,18.366],[-68.843,18.366],[-68.844,18.365],[-68.843,18.365],[-68.843,18.364],[-68.841,18.364],[-68.839,18.36],[-68.838,18.36],[-68.838,18.356],[-68.837,18.356],[-68.837,18.354],[-68.836,18.354],[-68.836,18.352],[-68.835,18.352],[-68.835,18.35],[-68.834,18.35],[-68.833,18.349],[-68.832,18.349],[-68.832,18.348],[-68.829,18.348],[-68.828,18.347],[-68.828,18.346],[-68.827,18.346],[-68.827,18.345],[-68.826,18.345],[-68.825,18.344],[-68.824,18.343],[-68.822,18.342],[-68.821,18.342],[-68.821,18.341],[-68.82,18.341],[-68.819,18.34],[-68.818,18.339],[-68.817,18.339],[-68.816,18.338],[-68.816,18.337],[-68.814,18.336],[-68.814,18.335],[-68.813,18.335],[-68.813,18.334],[-68.812,18.333],[-68.812,18.332],[-68.811,18.331],[-68.811,18.33],[-68.81,18.329],[-68.809,18.326],[-68.809,18.324],[-68.808,18.323],[-68.807,18.323],[-68.807,18.321],[-68.806,18.32],[-68.806,18.319],[-68.805,18.318],[-68.805,18.317],[-68.804,18.316],[-68.804,18.315],[-68.803,18.314],[-68.803,18.312],[-68.802,18.312],[-68.802,18.31],[-68.801,18.31],[-68.801,18.309],[-68.8,18.308],[-68.799,18.307],[-68.799,18.306],[-68.798,18.306],[-68.798,18.305],[-68.797,18.305],[-68.797,18.304],[-68.796,18.303],[-68.794,18.301],[-68.793,18.301],[-68.793,18.3],[-68.792,18.299],[-68.792,18.298],[-68.791,18.298],[-68.791,18.297],[-68.79,18.297],[-68.79,18.296],[-68.789,18.295],[-68.789,18.294],[-68.788,18.293],[-68.788,18.292],[-68.787,18.292],[-68.787,18.291],[-68.786,18.29],[-68.785,18.289],[-68.785,18.288],[-68.784,18.287],[-68.782,18.283],[-68.782,18.282],[-68.781,18.281],[-68.781,18.28],[-68.78,18.279],[-68.78,18.278],[-68.779,18.276],[-68.779,18.275],[-68.778,18.275],[-68.777,18.273],[-68.777,18.272],[-68.776,18.271],[-68.776,18.269],[-68.775,18.269],[-68.775,18.267],[-68.774,18.267],[-68.774,18.264],[-68.773,18.264],[-68.773,18.261],[-68.772,18.26],[-68.772,18.258],[-68.771,18.257],[-68.77,18.255],[-68.769,18.253],[-68.768,18.251],[-68.767,18.248],[-68.766,18.247],[-68.766,18.246],[-68.765,18.245],[-68.764,18.244],[-68.764,18.243],[-68.763,18.243],[-68.763,18.242],[-68.762,18.242],[-68.761,18.241],[-68.76,18.241],[-68.76,18.24],[-68.759,18.24],[-68.759,18.238],[-68.758,18.237],[-68.758,18.235],[-68.757,18.235],[-68.756,18.234],[-68.756,18.233],[-68.755,18.233],[-68.755,18.231],[-68.754,18.23],[-68.754,18.225],[-68.753,18.225],[-68.753,18.223],[-68.752,18.223],[-68.752,18.208],[-68.753,18.207],[-68.753,18.204],[-68.75454937500001,18.204],[-68.75454,18.20405],[-68.75465,18.20411],[-68.75469,18.20406],[-68.75471250000001,18.204],[-68.755,18.204],[-68.755,18.202],[-68.753,18.202],[-68.753,18.203],[-68.752,18.203],[-68.751,18.204],[-68.75,18.205],[-68.75,18.206],[-68.749,18.206],[-68.749,18.207],[-68.745,18.207],[-68.745,18.208],[-68.744,18.208],[-68.744,18.207],[-68.741,18.207],[-68.741,18.21],[-68.746,18.21],[-68.746,18.211],[-68.747,18.211],[-68.747,18.212],[-68.748,18.212],[-68.748,18.217],[-68.749,18.218],[-68.749,18.221],[-68.748,18.221],[-68.748,18.222],[-68.747,18.222],[-68.746,18.223],[-68.746,18.222],[-68.745,18.223],[-68.74,18.223],[-68.739,18.222],[-68.739,18.223],[-68.738,18.223],[-68.738,18.222],[-68.737,18.222],[-68.737,18.221],[-68.734,18.22],[-68.732,18.22],[-68.732,18.219],[-68.731,18.219],[-68.731,18.217],[-68.73,18.217],[-68.73,18.216],[-68.731,18.215],[-68.731,18.212],[-68.72930117647059,18.212],[-68.72928,18.21191],[-68.72913,18.21183],[-68.72903,18.21186],[-68.72895,18.21191],[-68.72893363636364,18.212],[-68.728,18.212],[-68.728,18.211],[-68.729,18.21],[-68.727,18.21],[-68.727,18.209],[-68.723,18.209],[-68.723,18.21],[-68.722,18.21],[-68.722,18.213],[-68.723,18.213],[-68.723,18.214],[-68.717,18.214],[-68.712,18.213],[-68.712,18.212],[-68.71,18.212],[-68.71,18.211],[-68.709,18.211],[-68.707,18.21],[-68.707,18.209],[-68.699,18.209],[-68.698,18.21],[-68.687,18.21],[-68.687,18.211],[-68.685,18.211],[-68.684,18.212],[-68.682,18.213],[-68.681,18.214],[-68.681,18.215],[-68.68,18.215],[-68.679,18.216],[-68.675,18.216],[-68.671,18.215],[-68.671,18.216],[-68.668,18.216],[-68.668,18.215],[-68.667,18.215],[-68.667,18.216],[-68.663,18.216],[-68.663,18.217],[-68.662,18.217],[-68.662,18.218],[-68.657,18.217],[-68.656,18.216],[-68.656,18.217],[-68.654,18.217],[-68.654,18.216],[-68.653,18.216],[-68.652,18.215],[-68.65,18.215],[-68.65,18.212],[-68.648,18.212],[-68.648,18.211],[-68.647,18.211],[-68.647,18.21],[-68.642,18.21],[-68.643,18.211],[-68.643,18.217],[-68.641,18.217],[-68.641,18.218],[-68.642,18.218],[-68.642,18.219],[-68.641,18.219],[-68.641,18.225],[-68.642,18.225],[-68.642,18.226],[-68.643,18.226],[-68.644,18.227],[-68.644,18.23],[-68.642,18.23],[-68.642,18.231],[-68.641,18.231],[-68.641,18.232],[-68.642,18.232],[-68.643,18.234],[-68.642,18.234],[-68.642,18.24],[-68.641,18.241],[-68.642,18.241],[-68.642,18.242],[-68.641,18.242],[-68.641,18.245],[-68.642,18.245],[-68.642,18.246],[-68.641,18.246],[-68.641,18.248],[-68.642,18.248],[-68.642,18.249],[-68.641,18.249],[-68.641,18.251],[-68.642,18.251],[-68.642,18.252],[-68.64,18.252],[-68.64,18.254],[-68.641,18.254],[-68.641,18.255],[-68.642,18.255],[-68.642,18.257],[-68.641,18.257],[-68.641,18.258],[-68.639,18.258],[-68.639,18.259],[-68.638,18.259],[-68.638,18.26],[-68.639,18.261],[-68.639,18.263],[-68.638,18.263],[-68.638,18.264],[-68.637,18.264],[-68.637,18.267],[-68.636,18.267],[-68.636,18.269],[-68.635,18.269],[-68.635,18.274],[-68.634,18.274],[-68.634,18.278],[-68.633,18.278],[-68.633,18.281],[-68.632,18.281],[-68.632,18.283],[-68.631,18.283],[-68.631,18.286],[-68.63,18.287],[-68.63,18.288],[-68.629,18.288],[-68.629,18.29],[-68.627,18.292],[-68.627,18.293],[-68.626,18.293],[-68.626,18.294],[-68.625,18.294],[-68.625,18.295],[-68.624,18.295],[-68.624,18.296],[-68.623,18.296],[-68.623,18.297],[-68.622,18.297],[-68.622,18.298],[-68.62,18.298],[-68.62,18.299],[-68.619,18.299],[-68.619,18.3],[-68.618,18.3],[-68.618,18.301],[-68.617,18.301],[-68.617,18.302],[-68.616,18.303],[-68.616,18.305],[-68.615,18.305],[-68.615,18.307],[-68.614,18.307],[-68.614,18.309],[-68.613,18.309],[-68.613,18.311],[-68.612,18.311],[-68.612,18.313],[-68.611,18.313],[-68.611,18.314],[-68.61,18.315],[-68.61,18.316],[-68.609,18.316],[-68.609,18.318],[-68.608,18.318],[-68.608,18.32],[-68.607,18.32],[-68.607,18.321],[-68.606,18.321],[-68.606,18.323],[-68.605,18.323],[-68.606,18.324],[-68.605,18.324],[-68.604,18.327],[-68.603,18.327],[-68.603,18.33],[-68.602,18.33],[-68.602,18.341],[-68.603,18.341],[-68.603,18.344],[-68.604,18.344],[-68.604,18.345],[-68.605,18.345],[-68.605,18.346],[-68.606,18.346],[-68.606,18.347],[-68.607,18.348],[-68.607,18.349],[-68.609,18.349],[-68.609,18.351],[-68.61,18.351],[-68.61,18.352],[-68.611,18.352],[-68.611,18.353],[-68.612,18.353],[-68.612,18.354],[-68.613,18.354],[-68.614,18.355],[-68.615,18.355],[-68.615,18.356],[-68.616,18.356],[-68.615,18.357],[-68.616,18.357],[-68.616,18.358],[-68.615,18.358],[-68.615,18.359],[-68.614,18.358],[-68.614,18.36],[-68.615,18.36],[-68.615,18.361],[-68.614,18.361],[-68.615,18.362],[-68.614,18.362],[-68.614,18.363],[-68.615,18.363],[-68.615,18.364],[-68.616,18.364],[-68.616,18.365],[-68.615,18.365],[-68.615,18.369],[-68.614,18.369],[-68.613,18.37],[-68.613,18.371],[-68.612,18.37],[-68.612,18.373],[-68.611,18.373],[-68.611,18.374],[-68.61,18.373],[-68.61,18.374],[-68.609,18.374],[-68.609,18.375],[-68.608,18.375],[-68.608,18.377],[-68.606,18.377],[-68.606,18.377186666666674],[-68.60596,18.37725],[-68.606,18.37739],[-68.606,18.378],[-68.603,18.378],[-68.603,18.379],[-68.6,18.379],[-68.6,18.38],[-68.598,18.38],[-68.598,18.381],[-68.594,18.381],[-68.593,18.38],[-68.592,18.38],[-68.592,18.379],[-68.591,18.379],[-68.591,18.378],[-68.59,18.378],[-68.59,18.377],[-68.589,18.377],[-68.588,18.376],[-68.587,18.376],[-68.587,18.375],[-68.586,18.375],[-68.586,18.374],[-68.585,18.374],[-68.585,18.373],[-68.583,18.373],[-68.583,18.372],[-68.582,18.372],[-68.582,18.371],[-68.58,18.371],[-68.58,18.37],[-68.578,18.37],[-68.578,18.369],[-68.576,18.369],[-68.576,18.368],[-68.575,18.368],[-68.575,18.367],[-68.574,18.367],[-68.574,18.366],[-68.572,18.366],[-68.572,18.367],[-68.57,18.367],[-68.57,18.366],[-68.568,18.366],[-68.568,18.365],[-68.566,18.365],[-68.566,18.364],[-68.565,18.364],[-68.564,18.363],[-68.563,18.362],[-68.562,18.361],[-68.561,18.36],[-68.56,18.36],[-68.559,18.359],[-68.558,18.359],[-68.557,18.358],[-68.556,18.358],[-68.555,18.357],[-68.553,18.357],[-68.551,18.356],[-68.551,18.355],[-68.547,18.355],[-68.547,18.354],[-68.544,18.354],[-68.543,18.353],[-68.541,18.353],[-68.54,18.352],[-68.538,18.352],[-68.537,18.351],[-68.533,18.351],[-68.533,18.35],[-68.532,18.35],[-68.532,18.351],[-68.531,18.351],[-68.531,18.35],[-68.53,18.35],[-68.53,18.349],[-68.527,18.349],[-68.526,18.348],[-68.523,18.348],[-68.523,18.349],[-68.522,18.348],[-68.519,18.348],[-68.519,18.347],[-68.515,18.347],[-68.515,18.346],[-68.512,18.346],[-68.512,18.345],[-68.511,18.346],[-68.511,18.345],[-68.508,18.345],[-68.508,18.344],[-68.505,18.344],[-68.505,18.343],[-68.502,18.343],[-68.501,18.342],[-68.498,18.342],[-68.498,18.341],[-68.497,18.341],[-68.496,18.34],[-68.494,18.34],[-68.494,18.339],[-68.493,18.339],[-68.493,18.338],[-68.49,18.338],[-68.489,18.337],[-68.485,18.337],[-68.485,18.338],[-68.483,18.338],[-68.483,18.339],[-68.48,18.339],[-68.48,18.34],[-68.478,18.34],[-68.478,18.341],[-68.477,18.341],[-68.477,18.343],[-68.468,18.343],[-68.468,18.344],[-68.466,18.344],[-68.465,18.345],[-68.464,18.346],[-68.463,18.346],[-68.462,18.347],[-68.462,18.348],[-68.461,18.349],[-68.46,18.349],[-68.46,18.35],[-68.459,18.35],[-68.458,18.352],[-68.458,18.353],[-68.457,18.353],[-68.456,18.354],[-68.456,18.355],[-68.455,18.355],[-68.455,18.357],[-68.454,18.357],[-68.454,18.358],[-68.453,18.358],[-68.453,18.359],[-68.452,18.36],[-68.451,18.362],[-68.451,18.366],[-68.45,18.366],[-68.451,18.367],[-68.45,18.367],[-68.45,18.379],[-68.449,18.379],[-68.449,18.388],[-68.448,18.389],[-68.449,18.389],[-68.448,18.39],[-68.449,18.391],[-68.448,18.394],[-68.449,18.394],[-68.449,18.398],[-68.448,18.398],[-68.448,18.406],[-68.449,18.406],[-68.449,18.407],[-68.448,18.408],[-68.449,18.408],[-68.448,18.409],[-68.448,18.414],[-68.447,18.415],[-68.447,18.416],[-68.446,18.418],[-68.446,18.421],[-68.445,18.422],[-68.445,18.424],[-68.444,18.424],[-68.444,18.427],[-68.443,18.427],[-68.443,18.428],[-68.442,18.428],[-68.442,18.429],[-68.441,18.429],[-68.441,18.43],[-68.44,18.43],[-68.44,18.431],[-68.438,18.431],[-68.438,18.432],[-68.436,18.432],[-68.436,18.434],[-68.434,18.434],[-68.434,18.437],[-68.432,18.437],[-68.432,18.438],[-68.431,18.438],[-68.431,18.439],[-68.43,18.439],[-68.43,18.44],[-68.429,18.44],[-68.43,18.441],[-68.429,18.441],[-68.429,18.442],[-68.428,18.442],[-68.428,18.443],[-68.425,18.443],[-68.425,18.444],[-68.424,18.445],[-68.424,18.447],[-68.422,18.447],[-68.422,18.448],[-68.423,18.448],[-68.423,18.45],[-68.42,18.45],[-68.42,18.451],[-68.417,18.451],[-68.417,18.452],[-68.416,18.452],[-68.415,18.453],[-68.415,18.454],[-68.414,18.454],[-68.414,18.456],[-68.412,18.456],[-68.412,18.455],[-68.411,18.455],[-68.411,18.456],[-68.41,18.456],[-68.409,18.457],[-68.408,18.457],[-68.408,18.459],[-68.406,18.459],[-68.406,18.46],[-68.405,18.46],[-68.405,18.461],[-68.404,18.461],[-68.403,18.462],[-68.402,18.463],[-68.401,18.464],[-68.401,18.466],[-68.4,18.467],[-68.401,18.467],[-68.401,18.468],[-68.4,18.469],[-68.4,18.47],[-68.399,18.47],[-68.398,18.473],[-68.397,18.474],[-68.397,18.476],[-68.396,18.476],[-68.396,18.477],[-68.395,18.478],[-68.395,18.481],[-68.394,18.482],[-68.393,18.483],[-68.393,18.484],[-68.392,18.484],[-68.392,18.489],[-68.391,18.49],[-68.391,18.491],[-68.392,18.491],[-68.392,18.495],[-68.391,18.495],[-68.391,18.496],[-68.39,18.497],[-68.389,18.497],[-68.389,18.498],[-68.387,18.498],[-68.387,18.497],[-68.386,18.496],[-68.385,18.496],[-68.385,18.495],[-68.384,18.495],[-68.383,18.494],[-68.382,18.495],[-68.383,18.495],[-68.383,18.496],[-68.382,18.497],[-68.382,18.498],[-68.379,18.499],[-68.377,18.5],[-68.377,18.501],[-68.376,18.501],[-68.375,18.502],[-68.376,18.503],[-68.376,18.504],[-68.375,18.505],[-68.375,18.506],[-68.374,18.507],[-68.373,18.508],[-68.373,18.509],[-68.371,18.509],[-68.371,18.512],[-68.37,18.513],[-68.37,18.514],[-68.369,18.515],[-68.369,18.516],[-68.368,18.517],[-68.368,18.518],[-68.367,18.519],[-68.366,18.52],[-68.365,18.52],[-68.364,18.521],[-68.364,18.524],[-68.363,18.524],[-68.363,18.528],[-68.362,18.529],[-68.362,18.53],[-68.361,18.53],[-68.361,18.531],[-68.36,18.532],[-68.36,18.533],[-68.359,18.534],[-68.358,18.535],[-68.358,18.536],[-68.357,18.536],[-68.357,18.537],[-68.356,18.537],[-68.356,18.538],[-68.355,18.538],[-68.354,18.539],[-68.354,18.541],[-68.353,18.542],[-68.352,18.543],[-68.352,18.544],[-68.351,18.544],[-68.35,18.545],[-68.349,18.545],[-68.348,18.548],[-68.348,18.55],[-68.347,18.55],[-68.347,18.552],[-68.346,18.552],[-68.346,18.554],[-68.345,18.554],[-68.345,18.555],[-68.344,18.555],[-68.344,18.557],[-68.343,18.557],[-68.343,18.56],[-68.342,18.56],[-68.341,18.561],[-68.341,18.564],[-68.34,18.564],[-68.34,18.563],[-68.339,18.563],[-68.339,18.564],[-68.338,18.564],[-68.338,18.565],[-68.337,18.565],[-68.337,18.566],[-68.336,18.566],[-68.336,18.567],[-68.335,18.567],[-68.335,18.568],[-68.334,18.568],[-68.334,18.569],[-68.333,18.569],[-68.333,18.57],[-68.332,18.571],[-68.332,18.572],[-68.331,18.573],[-68.331,18.576],[-68.33,18.576],[-68.33,18.579],[-68.329,18.579],[-68.329,18.581],[-68.328,18.582],[-68.328,18.583],[-68.327,18.584],[-68.327,18.586],[-68.326,18.587],[-68.326,18.588],[-68.325,18.588],[-68.325,18.59],[-68.326,18.59],[-68.326,18.593],[-68.325,18.593],[-68.325,18.595],[-68.324,18.596],[-68.324,18.597],[-68.323,18.597],[-68.323,18.598],[-68.324,18.598],[-68.324,18.601],[-68.325,18.601],[-68.325,18.602],[-68.324,18.603],[-68.324,18.61],[-68.325,18.61],[-68.325,18.612],[-68.328,18.612],[-68.328,18.615],[-68.326,18.615],[-68.326,18.616],[-68.325,18.616],[-68.325,18.617],[-68.326,18.617],[-68.326,18.62],[-68.327,18.62],[-68.327,18.621],[-68.328,18.621],[-68.328,18.622],[-68.329,18.623],[-68.329,18.624],[-68.33,18.624],[-68.33,18.625],[-68.331,18.625],[-68.331,18.626],[-68.332,18.626],[-68.332,18.629],[-68.333,18.63],[-68.334,18.63],[-68.334,18.631],[-68.335,18.631],[-68.335,18.632],[-68.336,18.633],[-68.337,18.634],[-68.338,18.635],[-68.338,18.636],[-68.339,18.636],[-68.339,18.637],[-68.34,18.637],[-68.34,18.638],[-68.341,18.638],[-68.341,18.639],[-68.342,18.64],[-68.342,18.641],[-68.343,18.642],[-68.344,18.642],[-68.344,18.643],[-68.345,18.643],[-68.345,18.644],[-68.346,18.644],[-68.347,18.645],[-68.35,18.645],[-68.351,18.646],[-68.351,18.647],[-68.352,18.647],[-68.352,18.648],[-68.353,18.648],[-68.354,18.649],[-68.357,18.649],[-68.358,18.65],[-68.361,18.65],[-68.361,18.651],[-68.362,18.651],[-68.362,18.652],[-68.363,18.652],[-68.363,18.653],[-68.364,18.653],[-68.364,18.654],[-68.365,18.654],[-68.365,18.655],[-68.366,18.656],[-68.367,18.657],[-68.368,18.658],[-68.369,18.658],[-68.371,18.659],[-68.373,18.66],[-68.375,18.662],[-68.377,18.663],[-68.378,18.664],[-68.379,18.665],[-68.381,18.665],[-68.381,18.663],[-68.382,18.663],[-68.383,18.662],[-68.383,18.661],[-68.384,18.661],[-68.384,18.66],[-68.386,18.66],[-68.388,18.661],[-68.392,18.662],[-68.394,18.664],[-68.395,18.665],[-68.397,18.667],[-68.398,18.668],[-68.399,18.67],[-68.401,18.671],[-68.402,18.672],[-68.403,18.673],[-68.404,18.674],[-68.406,18.674],[-68.406,18.675],[-68.408,18.675],[-68.409,18.676],[-68.409,18.677],[-68.41,18.677],[-68.41,18.678],[-68.412,18.682],[-68.412,18.683],[-68.413,18.685],[-68.413,18.686],[-68.415,18.686],[-68.416,18.687],[-68.418,18.691],[-68.419,18.691],[-68.423,18.693],[-68.424,18.693],[-68.425,18.694],[-68.426,18.695],[-68.427,18.695],[-68.428,18.696],[-68.43,18.697],[-68.431,18.698],[-68.433,18.7],[-68.435,18.7],[-68.435,18.701],[-68.437,18.701],[-68.437,18.702],[-68.438,18.702],[-68.439,18.703],[-68.44,18.703],[-68.44,18.705],[-68.441,18.705],[-68.441,18.708],[-68.442,18.708],[-68.442,18.712],[-68.443,18.712],[-68.444,18.713],[-68.445,18.713],[-68.446,18.714],[-68.447,18.714],[-68.447,18.715],[-68.448,18.715],[-68.448,18.716],[-68.449,18.716],[-68.449,18.717],[-68.45,18.718],[-68.451,18.719],[-68.452,18.72],[-68.453,18.721],[-68.454,18.722],[-68.455,18.723],[-68.456,18.724],[-68.457,18.724],[-68.457,18.725],[-68.458,18.726],[-68.459,18.726],[-68.459,18.727],[-68.46,18.728],[-68.461,18.73],[-68.462,18.731],[-68.463,18.731],[-68.464,18.732],[-68.464,18.733],[-68.465,18.734],[-68.466,18.735],[-68.472,18.735],[-68.473,18.736],[-68.476,18.736],[-68.476,18.737],[-68.477,18.737],[-68.478,18.738],[-68.479,18.738],[-68.479,18.739],[-68.48,18.739],[-68.481,18.74],[-68.482,18.74],[-68.483,18.741],[-68.484,18.741],[-68.485,18.742],[-68.487,18.743],[-68.489,18.745],[-68.49,18.746],[-68.493,18.747],[-68.495,18.748],[-68.496,18.75],[-68.498,18.751],[-68.5,18.753],[-68.501,18.753],[-68.501,18.754],[-68.502,18.754],[-68.502,18.755],[-68.504,18.756],[-68.505,18.757],[-68.506,18.758],[-68.508,18.76],[-68.509,18.76],[-68.509,18.761],[-68.511,18.762],[-68.512,18.763],[-68.513,18.764],[-68.514,18.765],[-68.515,18.766],[-68.516,18.767],[-68.517,18.768],[-68.518,18.769],[-68.519,18.769],[-68.519,18.77],[-68.52,18.77],[-68.52,18.771],[-68.521,18.771],[-68.521,18.772],[-68.522,18.773],[-68.521,18.773],[-68.521,18.774],[-68.52,18.774],[-68.52,18.775],[-68.522,18.775],[-68.522,18.776],[-68.523,18.776],[-68.523,18.777],[-68.525,18.777],[-68.525,18.778],[-68.526,18.778],[-68.526,18.779],[-68.527,18.779],[-68.527,18.78],[-68.528,18.78],[-68.528,18.779],[-68.529,18.779],[-68.529,18.777],[-68.53,18.777],[-68.53,18.776],[-68.529,18.776],[-68.529,18.775],[-68.53,18.775],[-68.53,18.774],[-68.531,18.774],[-68.531,18.773],[-68.536,18.773],[-68.537,18.774],[-68.538,18.775],[-68.539,18.776],[-68.54,18.776],[-68.541,18.777],[-68.541,18.778],[-68.542,18.778],[-68.542,18.779],[-68.543,18.779],[-68.544,18.78],[-68.545,18.78],[-68.545,18.781],[-68.547,18.781],[-68.548,18.782],[-68.55,18.782],[-68.55,18.783],[-68.552,18.783],[-68.552,18.784],[-68.551,18.784],[-68.551,18.785],[-68.552,18.785],[-68.553,18.786],[-68.554,18.787],[-68.557,18.789],[-68.558,18.79],[-68.559,18.791],[-68.56,18.792],[-68.561,18.793],[-68.562,18.794],[-68.563,18.795],[-68.564,18.796],[-68.566,18.798],[-68.566,18.799],[-68.568,18.799],[-68.568,18.8],[-68.569,18.801],[-68.569,18.802],[-68.57,18.803],[-68.57,18.804],[-68.571,18.805],[-68.571,18.806],[-68.572,18.806],[-68.573,18.807],[-68.575,18.807],[-68.576,18.808],[-68.576,18.809],[-68.577,18.809],[-68.577,18.811],[-68.579,18.811],[-68.579,18.812],[-68.58,18.813],[-68.581,18.813],[-68.581,18.814],[-68.582,18.814],[-68.583,18.815],[-68.583,18.816],[-68.584,18.816],[-68.584,18.817],[-68.585,18.818],[-68.586,18.819],[-68.587,18.819],[-68.587,18.82],[-68.588,18.82],[-68.589,18.821],[-68.59,18.822],[-68.591,18.823],[-68.592,18.824],[-68.593,18.824],[-68.593,18.825],[-68.594,18.825],[-68.595,18.826],[-68.596,18.826],[-68.596,18.827],[-68.598,18.827],[-68.598,18.828],[-68.601,18.828],[-68.601,18.829],[-68.602,18.829],[-68.603,18.83],[-68.604,18.83],[-68.604,18.831],[-68.605,18.832],[-68.606,18.833],[-68.606,18.837],[-68.607,18.837],[-68.607,18.838],[-68.608,18.839],[-68.611,18.839],[-68.611,18.84],[-68.612,18.84],[-68.613,18.841],[-68.617,18.841],[-68.617,18.842],[-68.618,18.842],[-68.618,18.843],[-68.619,18.844],[-68.62,18.845],[-68.62,18.846],[-68.621,18.846],[-68.621,18.847],[-68.622,18.85],[-68.623,18.851],[-68.624,18.852],[-68.625,18.853],[-68.626,18.854],[-68.626,18.855],[-68.627,18.855],[-68.627,18.856],[-68.628,18.857],[-68.629,18.858],[-68.63,18.858],[-68.63,18.859],[-68.631,18.859],[-68.632,18.86],[-68.632,18.861],[-68.633,18.862],[-68.633,18.863],[-68.634,18.863],[-68.634,18.864],[-68.635,18.864],[-68.635,18.865],[-68.636,18.865],[-68.636,18.866],[-68.637,18.866],[-68.637,18.867],[-68.638,18.868],[-68.639,18.869],[-68.64,18.869],[-68.64,18.87],[-68.641,18.87],[-68.641,18.871],[-68.642,18.871],[-68.642,18.874],[-68.643,18.874],[-68.643,18.875],[-68.644,18.875],[-68.646,18.876],[-68.647,18.877],[-68.648,18.878],[-68.649,18.88],[-68.649,18.881],[-68.65,18.882],[-68.65,18.883],[-68.651,18.884],[-68.652,18.885],[-68.654,18.886],[-68.654,18.887],[-68.655,18.887],[-68.656,18.888],[-68.656,18.889],[-68.657,18.889],[-68.658,18.89],[-68.659,18.891],[-68.659,18.892],[-68.66,18.892],[-68.66,18.893],[-68.661,18.893],[-68.661,18.894],[-68.662,18.894],[-68.662,18.895],[-68.663,18.895],[-68.663,18.896],[-68.664,18.897],[-68.665,18.898],[-68.669,18.898],[-68.67,18.899],[-68.671,18.9],[-68.672,18.901],[-68.672,18.902],[-68.673,18.903],[-68.674,18.903],[-68.675,18.904],[-68.676,18.905],[-68.677,18.905],[-68.677,18.906],[-68.678,18.907],[-68.679,18.907],[-68.679,18.908],[-68.68,18.909],[-68.682,18.911],[-68.684,18.912],[-68.685,18.912],[-68.685,18.913],[-68.686,18.913],[-68.687,18.914],[-68.688,18.915],[-68.689,18.916],[-68.689,18.917],[-68.69,18.917],[-68.691,18.918],[-68.691,18.919],[-68.692,18.921],[-68.693,18.921],[-68.693,18.922],[-68.694,18.923],[-68.695,18.923],[-68.695,18.924],[-68.696,18.925],[-68.697,18.926],[-68.697,18.927],[-68.698,18.928],[-68.699,18.929],[-68.7,18.93],[-68.701,18.93],[-68.702,18.931],[-68.703,18.931],[-68.703,18.932],[-68.705,18.932],[-68.706,18.933],[-68.709,18.933],[-68.709,18.934],[-68.71,18.934],[-68.711,18.935],[-68.712,18.935],[-68.712,18.936],[-68.713,18.936],[-68.713,18.938],[-68.714,18.938],[-68.715,18.939],[-68.716,18.939],[-68.716,18.94],[-68.717,18.94],[-68.717,18.941],[-68.719,18.941],[-68.72,18.942],[-68.72,18.943],[-68.722,18.943],[-68.722,18.944],[-68.724,18.944],[-68.724,18.945],[-68.726,18.945],[-68.726,18.946],[-68.727,18.946],[-68.728,18.947],[-68.729,18.947],[-68.729,18.948],[-68.73,18.948],[-68.731,18.949],[-68.732,18.95],[-68.733,18.951],[-68.734,18.952],[-68.736,18.952],[-68.736,18.953],[-68.737,18.953],[-68.738,18.954],[-68.738,18.955],[-68.739,18.955],[-68.739,18.956],[-68.743,18.956],[-68.743,18.957],[-68.744,18.957],[-68.744,18.959],[-68.746,18.959],[-68.746,18.96],[-68.751,18.96],[-68.752,18.961],[-68.753,18.961],[-68.753,18.963],[-68.756,18.963],[-68.756,18.962],[-68.76,18.962],[-68.761,18.963],[-68.762,18.963],[-68.763,18.964],[-68.764,18.965],[-68.766,18.965],[-68.767,18.966],[-68.768,18.966],[-68.769,18.967],[-68.77,18.968],[-68.77,18.969],[-68.771,18.97],[-68.773,18.971],[-68.773,18.972],[-68.774,18.973],[-68.775,18.973],[-68.775,18.974],[-68.776,18.974],[-68.776,18.973],[-68.777,18.973],[-68.778,18.972],[-68.777,18.971],[-68.777,18.969],[-68.776,18.969],[-68.776,18.968],[-68.775,18.968],[-68.774,18.967],[-68.774,18.965],[-68.775,18.964],[-68.775,18.963],[-68.776,18.962],[-68.776,18.957],[-68.778,18.957],[-68.778,18.958],[-68.779,18.958],[-68.779,18.96],[-68.78,18.96],[-68.78,18.961],[-68.781,18.961],[-68.781,18.962],[-68.782,18.962],[-68.782,18.964],[-68.783,18.964],[-68.783,18.965],[-68.784,18.966],[-68.784,18.965],[-68.785,18.965],[-68.785,18.964],[-68.786,18.964],[-68.786,18.961],[-68.787,18.961],[-68.787,18.959],[-68.785,18.959],[-68.785,18.957],[-68.784,18.957],[-68.784,18.958],[-68.783,18.958],[-68.783,18.956],[-68.782,18.956],[-68.782,18.955],[-68.781,18.955],[-68.781,18.956],[-68.78,18.956],[-68.78,18.954],[-68.781,18.954],[-68.781,18.953],[-68.782,18.953],[-68.782,18.952],[-68.784,18.952],[-68.784,18.951],[-68.785,18.951],[-68.785,18.949],[-68.788,18.949],[-68.788,18.951],[-68.794,18.951],[-68.794,18.952],[-68.796,18.952],[-68.796,18.953],[-68.799,18.953],[-68.799,18.954],[-68.8,18.954],[-68.8,18.952],[-68.801,18.952],[-68.801,18.949],[-68.802,18.949],[-68.803,18.948],[-68.804,18.948],[-68.804,18.947],[-68.805,18.947],[-68.805,18.946],[-68.807,18.946],[-68.807,18.945],[-68.806,18.945],[-68.806,18.944],[-68.808,18.944],[-68.808,18.943],[-68.809,18.942],[-68.809,18.94],[-68.81,18.94],[-68.81,18.941],[-68.813,18.941],[-68.813,18.942],[-68.815,18.942],[-68.815,18.941],[-68.814,18.941],[-68.814,18.94],[-68.818,18.94],[-68.818,18.939],[-68.819,18.939],[-68.819,18.938],[-68.818,18.938],[-68.818,18.937],[-68.817,18.937],[-68.817,18.936],[-68.818,18.936],[-68.818,18.934],[-68.82,18.934],[-68.82,18.933],[-68.822,18.933],[-68.822,18.932],[-68.821,18.932],[-68.821,18.931],[-68.822,18.93],[-68.821,18.93],[-68.821,18.929],[-68.819,18.929],[-68.819,18.928],[-68.818,18.928],[-68.818,18.927],[-68.817,18.927],[-68.817,18.925],[-68.818,18.925],[-68.818,18.923],[-68.817,18.923],[-68.817,18.922],[-68.818,18.922],[-68.817,18.921],[-68.817,18.919],[-68.816,18.919],[-68.816,18.918],[-68.817,18.917],[-68.817,18.915],[-68.818,18.915],[-68.818,18.916],[-68.819,18.916],[-68.819,18.914],[-68.826,18.914],[-68.826,18.912],[-68.825,18.912],[-68.826,18.911],[-68.827,18.912],[-68.83,18.912],[-68.83,18.911],[-68.829,18.911],[-68.829,18.91],[-68.83,18.91],[-68.83,18.909],[-68.831,18.909],[-68.83,18.908],[-68.83,18.907],[-68.831,18.907],[-68.831,18.906],[-68.835,18.906],[-68.835,18.905],[-68.837,18.905],[-68.837,18.904],[-68.838,18.904],[-68.838,18.903],[-68.839,18.902],[-68.839,18.901],[-68.84,18.901],[-68.84,18.9],[-68.841,18.9],[-68.841,18.899],[-68.84,18.899],[-68.84,18.898],[-68.841,18.898],[-68.841,18.897],[-68.842,18.896],[-68.841,18.895],[-68.842,18.895],[-68.842,18.893],[-68.841,18.892],[-68.841,18.893],[-68.84,18.893],[-68.84,18.892],[-68.837,18.892],[-68.837,18.893],[-68.835,18.893],[-68.835,18.892],[-68.833,18.892],[-68.833,18.891],[-68.832,18.891],[-68.832,18.89],[-68.831,18.89],[-68.831,18.887],[-68.832,18.886],[-68.832,18.881],[-68.831,18.88],[-68.83,18.879],[-68.829,18.878],[-68.828,18.878],[-68.828,18.877],[-68.825,18.877],[-68.825,18.875],[-68.826,18.874],[-68.825,18.874],[-68.826,18.873],[-68.826,18.872],[-68.827,18.872],[-68.827,18.871],[-68.826,18.871],[-68.826,18.866],[-68.825,18.866],[-68.825,18.865],[-68.824,18.865],[-68.823,18.864],[-68.822,18.864],[-68.822,18.857],[-68.821,18.857],[-68.821,18.856],[-68.82,18.856],[-68.82,18.855],[-68.819,18.855],[-68.819,18.853],[-68.818,18.851],[-68.818,18.85],[-68.817,18.85],[-68.817,18.849],[-68.816,18.848],[-68.816,18.846],[-68.817,18.846],[-68.817,18.845],[-68.816,18.845],[-68.816,18.844],[-68.815,18.844],[-68.815,18.843],[-68.813,18.843],[-68.813,18.842],[-68.812,18.842],[-68.812,18.841],[-68.811,18.841],[-68.811,18.84],[-68.81,18.84],[-68.81,18.839],[-68.811,18.838],[-68.81,18.837],[-68.81,18.836],[-68.809,18.835],[-68.809,18.831],[-68.81,18.831],[-68.81,18.83],[-68.811,18.83],[-68.811,18.829],[-68.812,18.829],[-68.812,18.827],[-68.813,18.826],[-68.814,18.826],[-68.814,18.824],[-68.813,18.824],[-68.813,18.821],[-68.812,18.821],[-68.812,18.815],[-68.811,18.815],[-68.811,18.814],[-68.81,18.814],[-68.81,18.813],[-68.809,18.812],[-68.808,18.811],[-68.807,18.811],[-68.807,18.807],[-68.806,18.806],[-68.806,18.805],[-68.805,18.805],[-68.805,18.802],[-68.804,18.802],[-68.805,18.801],[-68.806,18.8],[-68.807,18.799],[-68.808,18.799],[-68.808,18.798],[-68.809,18.798],[-68.809,18.797],[-68.81,18.797],[-68.81,18.793],[-68.811,18.793],[-68.81,18.792],[-68.811,18.792],[-68.811,18.791],[-68.812,18.791],[-68.812,18.79],[-68.817,18.79],[-68.817,18.791],[-68.818,18.791],[-68.819,18.79],[-68.821,18.79],[-68.821,18.791],[-68.822,18.791],[-68.822,18.79],[-68.823,18.79],[-68.823,18.789],[-68.825,18.789],[-68.825,18.787],[-68.828,18.787],[-68.828,18.786],[-68.83,18.786],[-68.83,18.785],[-68.831,18.785],[-68.831,18.783],[-68.832,18.783],[-68.832,18.782],[-68.834,18.782],[-68.834,18.781],[-68.836,18.781],[-68.836,18.78],[-68.837,18.78],[-68.837,18.779],[-68.838,18.778],[-68.838,18.777],[-68.839,18.777],[-68.839,18.775],[-68.84,18.775],[-68.84,18.773],[-68.839,18.773],[-68.84,18.772],[-68.85,18.772],[-68.85,18.771],[-68.852,18.771],[-68.851,18.77],[-68.851,18.769],[-68.85,18.769],[-68.85,18.766],[-68.851,18.766],[-68.851,18.764],[-68.852,18.764],[-68.852,18.763],[-68.853,18.763],[-68.853,18.762],[-68.854,18.762],[-68.854,18.761],[-68.855,18.761],[-68.855,18.759],[-68.856,18.759],[-68.856,18.758],[-68.858,18.758],[-68.858,18.757],[-68.859,18.757],[-68.859,18.755],[-68.86,18.755],[-68.86,18.753],[-68.859,18.753],[-68.859,18.752],[-68.858,18.751],[-68.857,18.751],[-68.857,18.747],[-68.856,18.747],[-68.855,18.746],[-68.855,18.744],[-68.854,18.744],[-68.854,18.743],[-68.855,18.743],[-68.855,18.742],[-68.856,18.741],[-68.856,18.74],[-68.857,18.74],[-68.857,18.739],[-68.859,18.739],[-68.859,18.738],[-68.86,18.738],[-68.86,18.737],[-68.861,18.737],[-68.861,18.736],[-68.862,18.735],[-68.862,18.734],[-68.863,18.734],[-68.863,18.733],[-68.864,18.732],[-68.864,18.731],[-68.865,18.731],[-68.865,18.73],[-68.866,18.73],[-68.866,18.729],[-68.867,18.729],[-68.867,18.728],[-68.868,18.727],[-68.869,18.727],[-68.869,18.724],[-68.87,18.724],[-68.87,18.722],[-68.871,18.722],[-68.871,18.723],[-68.874,18.723],[-68.874,18.722],[-68.875,18.722],[-68.875,18.721],[-68.878,18.721],[-68.878,18.72],[-68.879,18.72],[-68.879,18.719],[-68.885,18.719],[-68.884,18.72],[-68.885,18.721],[-68.887,18.721],[-68.887,18.723],[-68.888,18.723],[-68.889,18.724],[-68.89,18.724],[-68.89,18.725],[-68.891,18.725],[-68.891,18.726],[-68.892,18.726],[-68.892,18.725],[-68.893,18.725],[-68.893,18.724],[-68.894,18.724],[-68.894,18.723],[-68.896,18.723],[-68.897,18.722],[-68.898,18.722],[-68.898,18.723],[-68.903,18.723],[-68.904,18.724],[-68.904,18.723],[-68.91,18.723],[-68.91,18.722],[-68.915,18.722],[-68.915,18.723],[-68.918,18.723],[-68.918,18.722],[-68.919,18.722],[-68.92,18.723],[-68.92,18.722],[-68.922,18.722],[-68.922,18.723],[-68.925,18.723],[-68.925,18.722],[-68.926,18.722],[-68.926,18.719],[-68.927,18.719],[-68.927,18.718],[-68.928,18.718],[-68.929,18.717],[-68.929,18.716],[-68.93,18.715],[-68.93,18.714],[-68.929,18.713],[-68.929,18.709],[-68.931,18.709],[-68.932,18.708],[-68.932,18.706],[-68.933,18.705],[-68.933,18.704],[-68.931,18.704],[-68.931,18.703],[-68.93,18.703],[-68.93,18.702],[-68.931,18.701],[-68.931,18.7],[-68.93,18.699],[-68.929,18.699],[-68.929,18.698],[-68.928,18.697],[-68.927,18.697],[-68.927,18.698],[-68.924,18.698],[-68.925,18.697],[-68.926,18.696],[-68.927,18.695],[-68.927,18.694],[-68.928,18.693],[-68.928,18.691],[-68.929,18.691],[-68.929,18.69],[-68.93,18.69],[-68.93,18.689],[-68.931,18.689],[-68.931,18.688],[-68.932,18.688],[-68.933,18.687],[-68.934,18.687],[-68.934,18.688],[-68.935,18.688],[-68.935,18.687],[-68.936,18.687],[-68.936,18.685],[-68.937,18.684],[-68.937,18.682],[-68.938,18.681],[-68.938,18.68]]],[[[-68.9,18.724],[-68.899,18.723],[-68.899,18.724],[-68.9,18.724]]],[[[-68.819,18.936],[-68.818,18.936],[-68.818,18.937],[-68.819,18.937],[-68.819,18.936]]],[[[-68.816,18.942],[-68.815,18.942],[-68.815,18.943],[-68.816,18.942]]],[[[-68.755,18.205],[-68.75426999999999,18.205],[-68.75419,18.20496],[-68.754,18.204967916666668],[-68.75395,18.20497],[-68.75389,18.20502],[-68.754,18.20511625],[-68.754,18.205363199999994],[-68.75381,18.2055],[-68.75375,18.20563],[-68.75385,18.20571],[-68.75398,18.20571],[-68.754,18.205684999999992],[-68.754,18.206],[-68.755,18.206],[-68.755,18.205]]],[[[-68.75387,18.20424],[-68.75376,18.20418],[-68.7537,18.20419],[-68.75366,18.20408],[-68.75357,18.20402],[-68.75347,18.20406],[-68.75347,18.20421],[-68.75356,18.20427],[-68.75363,18.20427],[-68.75365,18.20425],[-68.75366,18.20431],[-68.75374,18.20437],[-68.7538,18.20435],[-68.75387,18.20432],[-68.75387,18.20424]]],[[[-68.75383,18.20525],[-68.7538,18.20517],[-68.75373,18.20515],[-68.75366,18.20525],[-68.75361,18.2053],[-68.75355,18.20533],[-68.75361,18.20532],[-68.75363,18.2054],[-68.75372,18.20541],[-68.75383,18.20525]]],[[[-68.742,18.205],[-68.74,18.205],[-68.74,18.204],[-68.734,18.204],[-68.734,18.205],[-68.733,18.205],[-68.733,18.206],[-68.732,18.206],[-68.732,18.207],[-68.731,18.207],[-68.731,18.208],[-68.73,18.209],[-68.729,18.209],[-68.729,18.21],[-68.731,18.21],[-68.731,18.209],[-68.732,18.209],[-68.732,18.21],[-68.733,18.21],[-68.733,18.208],[-68.736,18.208],[-68.736,18.209],[-68.74,18.209],[-68.74,18.206],[-68.742,18.206],[-68.742,18.205]]],[[[-68.64205,18.22924],[-68.64191,18.22918],[-68.64183,18.22907],[-68.64175,18.22901],[-68.64172,18.22888],[-68.64167,18.22874],[-68.64168,18.22861],[-68.64161,18.22857],[-68.64143,18.22859],[-68.64143,18.22889],[-68.64138,18.22916],[-68.64145,18.22927],[-68.64146,18.22947],[-68.64204,18.22933],[-68.64205,18.22924]]],[[[-68.642,18.227],[-68.641,18.226],[-68.641,18.227],[-68.642,18.227]]],[[[-68.641,18.216],[-68.64,18.216],[-68.64,18.217],[-68.641,18.217],[-68.641,18.216]]],[[[-68.64,18.193],[-68.637,18.193],[-68.637,18.195],[-68.636,18.195],[-68.636,18.196],[-68.635,18.196],[-68.636,18.197],[-68.633,18.197],[-68.633,18.198],[-68.635,18.198],[-68.635,18.199],[-68.636,18.199],[-68.636,18.198],[-68.637,18.198],[-68.637,18.197],[-68.638,18.197],[-68.638,18.196],[-68.639,18.196],[-68.639,18.195],[-68.64,18.195],[-68.64,18.193]]],[[[-68.636,18.193],[-68.635,18.193],[-68.635,18.194],[-68.636,18.194],[-68.636,18.193]]],[[[-68.63478,18.19923],[-68.63471,18.19921],[-68.6346,18.19924],[-68.6345,18.19927],[-68.63452,18.19936],[-68.63459,18.19946],[-68.63469,18.19943],[-68.63471,18.1993],[-68.63478,18.19923]]],[[[-68.63223,18.19402],[-68.63222,18.19396],[-68.63212,18.19384],[-68.63205,18.19383],[-68.63202,18.19391],[-68.63202,18.19401],[-68.63217,18.19406],[-68.63223,18.19402]]],[[[-68.607,18.376],[-68.606,18.376],[-68.607,18.377],[-68.607,18.376]]],[[[-68.45048,18.36468],[-68.45039,18.3646],[-68.45022,18.36464],[-68.45018,18.36497],[-68.45033,18.36498],[-68.45048,18.36488],[-68.45048,18.36468]]],[[[-68.377,18.5],[-68.376,18.5],[-68.376,18.501],[-68.377,18.5]]]]}}]}
